kind,capture_timestamp,trade_date,publication_status,bulletin_number,pages,bytes,sha256,archive_url,effective_url,file,checked_utc,error,requested_timestamp,lookup_basis
midcurve53,20260926000523,2026-09-24,FINAL,184,5,128898,49cebab007215830a3453e1ffb2cf53c927a170c54d0b9aef84d83ca562a37d8,https://web.archive.org/web/20260926000541id_/https://www.cmegroup.com/daily_bulletin/current/Section53_Midcurve_Options.pdf,https://web.archive.org/web/20260926000523id_/https://www.cmegroup.com/daily_bulletin/current/Section53_Midcurve_Options.pdf,raw/midcurves/midcurve53_20260926000541.pdf,2026-09-27T00:25:15.393522+00:00,,20260926000541,nearest replay to put capture; match printed dates only
midcurve53,20260925000640,2026-09-23,FINAL,183,5,126952,3ea2f0fda8869028eed32c7d4945bedc9b3c637f3aac9c37d2fddf0b1d3d77e4,https://web.archive.org/web/20260925000713id_/https://www.cmegroup.com/daily_bulletin/current/Section53_Midcurve_Options.pdf,https://web.archive.org/web/20260925000640id_/https://www.cmegroup.com/daily_bulletin/current/Section53_Midcurve_Options.pdf,raw/midcurves/midcurve53_20260925000713.pdf,2026-09-27T00:25:18.551280+00:00,,20260925000713,nearest replay to put capture; match printed dates only
midcurve53,20260918232046,2026-09-17,FINAL,179,4,120724,992390b55b65433b5666fdd0117e74bc4a22eb2ee6862f918a0cf00d1f07f999,https://web.archive.org/web/20260918232113id_/https://www.cmegroup.com/daily_bulletin/current/Section53_Midcurve_Options.pdf,https://web.archive.org/web/20260918232046id_/https://www.cmegroup.com/daily_bulletin/current/Section53_Midcurve_Options.pdf,raw/midcurves/midcurve53_20260918232113.pdf,2026-09-27T00:25:22.303633+00:00,,20260918232113,nearest replay to put capture; match printed dates only
midcurve53,20260917234334,2026-09-16,FINAL,178,4,119601,5b52ae9dc8143cd5c8af7b1b61e2c368189452c3dab5dc878685d472d89a9cf6,https://web.archive.org/web/20260917000601id_/https://www.cmegroup.com/daily_bulletin/current/Section53_Midcurve_Options.pdf,https://web.archive.org/web/20260917234334id_/https://www.cmegroup.com/daily_bulletin/current/Section53_Midcurve_Options.pdf,raw/midcurves/midcurve53_20260917000601.pdf,2026-09-27T00:25:26.321582+00:00,,20260917000601,nearest replay to put capture; match printed dates only
midcurve53,20260914235852,2026-09-11,FINAL,175,5,128405,b041768abd8269f860a229bbba168ddb7c9ea61d3e14c6d149ad3d659c949f86,https://web.archive.org/web/20260914235915id_/https://www.cmegroup.com/daily_bulletin/current/Section53_Midcurve_Options.pdf,https://web.archive.org/web/20260914235852id_/https://www.cmegroup.com/daily_bulletin/current/Section53_Midcurve_Options.pdf,raw/midcurves/midcurve53_20260914235915.pdf,2026-09-27T00:25:29.335869+00:00,,20260914235915,nearest replay to put capture; match printed dates only
midcurve53,20260911231426,2026-09-10,FINAL,174,5,125818,31df798a218e33004b3c33320e406e82e966a1cd92f041ec987dafa6026c8be1,https://web.archive.org/web/20260911231441id_/https://www.cmegroup.com/daily_bulletin/current/Section53_Midcurve_Options.pdf,https://web.archive.org/web/20260911231426id_/https://www.cmegroup.com/daily_bulletin/current/Section53_Midcurve_Options.pdf,raw/midcurves/midcurve53_20260911231441.pdf,2026-09-27T00:25:32.289514+00:00,,20260911231441,nearest replay to put capture; match printed dates only
midcurve53,20260910231726,2026-09-09,FINAL,173,4,122602,14c3f72dd1da5f24248933d05a8f502bc55e1b016f1e7b36785480782015e878,https://web.archive.org/web/20260910231742id_/https://www.cmegroup.com/daily_bulletin/current/Section53_Midcurve_Options.pdf,https://web.archive.org/web/20260910231726id_/https://www.cmegroup.com/daily_bulletin/current/Section53_Midcurve_Options.pdf,raw/midcurves/midcurve53_20260910231742.pdf,2026-09-27T00:25:55.383517+00:00,,20260910231742,nearest replay to put capture; match printed dates only
midcurve53,20260909231723,2026-09-08,FINAL,172,4,121638,7ab797982ead94e4384acd7e9c406317e54b060c09386a7378a49118612b158d,https://web.archive.org/web/20260909231747id_/https://www.cmegroup.com/daily_bulletin/current/Section53_Midcurve_Options.pdf,https://web.archive.org/web/20260909231723id_/https://www.cmegroup.com/daily_bulletin/current/Section53_Midcurve_Options.pdf,raw/midcurves/midcurve53_20260909231747.pdf,2026-09-27T00:25:58.493492+00:00,,20260909231747,nearest replay to put capture; match printed dates only
midcurve53,20260908233423,2026-09-04,FINAL,171,4,121461,628312dbac172394fb535cf8b6a846391cc5b24fe4ab151dd87d5ac5be453e62,https://web.archive.org/web/20260908233435id_/https://www.cmegroup.com/daily_bulletin/current/Section53_Midcurve_Options.pdf,https://web.archive.org/web/20260908233423id_/https://www.cmegroup.com/daily_bulletin/current/Section53_Midcurve_Options.pdf,raw/midcurves/midcurve53_20260908233435.pdf,2026-09-27T00:26:01.690921+00:00,,20260908233435,nearest replay to put capture; match printed dates only
midcurve53,20260907233428,2026-09-04,PRELIMINARY,171,4,122677,c5a0f98ab6b2bf48c8309c0bb4666a4eb1454f4aa44a4182e9a01daae3b63c0a,https://web.archive.org/web/20260907233457id_/https://www.cmegroup.com/daily_bulletin/current/Section53_Midcurve_Options.pdf,https://web.archive.org/web/20260907233428id_/https://www.cmegroup.com/daily_bulletin/current/Section53_Midcurve_Options.pdf,raw/midcurves/midcurve53_20260907233457.pdf,2026-09-27T00:26:04.716425+00:00,,20260907233457,nearest replay to put capture; match printed dates only
midcurve53,20260903231546,2026-09-02,FINAL,169,4,120548,a3a14c23ea589b04063757319bcd1971997b985913368a46f652e4cd2eb720e1,https://web.archive.org/web/20260904230411id_/https://www.cmegroup.com/daily_bulletin/current/Section53_Midcurve_Options.pdf,https://web.archive.org/web/20260903231546id_/https://www.cmegroup.com/daily_bulletin/current/Section53_Midcurve_Options.pdf,raw/midcurves/midcurve53_20260904230411.pdf,2026-09-27T00:26:08.192796+00:00,,20260904230411,nearest replay to put capture; match printed dates only
midcurve53,20260903231546,2026-09-02,FINAL,169,4,120548,a3a14c23ea589b04063757319bcd1971997b985913368a46f652e4cd2eb720e1,https://web.archive.org/web/20260903231613id_/https://www.cmegroup.com/daily_bulletin/current/Section53_Midcurve_Options.pdf,https://web.archive.org/web/20260903231546id_/https://www.cmegroup.com/daily_bulletin/current/Section53_Midcurve_Options.pdf,raw/midcurves/midcurve53_20260903231613.pdf,2026-09-27T00:26:31.302151+00:00,,20260903231613,nearest replay to put capture; match printed dates only
midcurve53,20260902231517,2026-09-01,FINAL,168,4,120885,1f06eeacc8b1f12f030163c7d9fc4adc874272226ac430097bd7a33eae4ae85d,https://web.archive.org/web/20260902231523id_/https://www.cmegroup.com/daily_bulletin/current/Section53_Midcurve_Options.pdf,https://web.archive.org/web/20260902231517id_/https://www.cmegroup.com/daily_bulletin/current/Section53_Midcurve_Options.pdf,raw/midcurves/midcurve53_20260902231523.pdf,2026-09-27T00:26:34.362984+00:00,,20260902231523,nearest replay to put capture; match printed dates only
midcurve53,20260829031910,2026-08-27,FINAL,165,4,118635,9f0b9b79d118133ff941b61abe6d546c3ff2a5a59525e6449eda1df670749140,https://web.archive.org/web/20260829031926id_/https://www.cmegroup.com/daily_bulletin/current/Section53_Midcurve_Options.pdf,https://web.archive.org/web/20260829031910id_/https://www.cmegroup.com/daily_bulletin/current/Section53_Midcurve_Options.pdf,raw/midcurves/midcurve53_20260829031926.pdf,2026-09-27T00:26:37.401422+00:00,,20260829031926,nearest replay to put capture; match printed dates only
midcurve53,20260829031910,2026-08-27,FINAL,165,4,118635,9f0b9b79d118133ff941b61abe6d546c3ff2a5a59525e6449eda1df670749140,https://web.archive.org/web/20260828050543id_/https://www.cmegroup.com/daily_bulletin/current/Section53_Midcurve_Options.pdf,https://web.archive.org/web/20260829031910id_/https://www.cmegroup.com/daily_bulletin/current/Section53_Midcurve_Options.pdf,raw/midcurves/midcurve53_20260828050543.pdf,2026-09-27T00:26:40.361946+00:00,,20260828050543,nearest replay to put capture; match printed dates only
midcurve53,20260829031910,2026-08-27,FINAL,165,4,118635,9f0b9b79d118133ff941b61abe6d546c3ff2a5a59525e6449eda1df670749140,https://web.archive.org/web/20260828072753id_/https://www.cmegroup.com/daily_bulletin/current/Section53_Midcurve_Options.pdf,https://web.archive.org/web/20260829031910id_/https://www.cmegroup.com/daily_bulletin/current/Section53_Midcurve_Options.pdf,raw/midcurves/midcurve53_20260828072753.pdf,2026-09-27T00:26:43.335305+00:00,,20260828072753,nearest replay to put capture; match printed dates only
midcurve53,20260827020740,2026-08-25,FINAL,163,4,118236,faa32534a7a9efb46e3b2df1f0c07459e8d7d80c4157bfc52d34e6b9d7862eaf,https://web.archive.org/web/20260827020756id_/https://www.cmegroup.com/daily_bulletin/current/Section53_Midcurve_Options.pdf,https://web.archive.org/web/20260827020740id_/https://www.cmegroup.com/daily_bulletin/current/Section53_Midcurve_Options.pdf,raw/midcurves/midcurve53_20260827020756.pdf,2026-09-27T00:26:46.484769+00:00,,20260827020756,nearest replay to put capture; match printed dates only
midcurve53,20260819213750,2026-08-18,FINAL,158,4,117111,25b050bda64826fd25ab6568f0946f6598d0fb47c085d070b6c43f5537e5cd66,https://web.archive.org/web/20260819213811id_/https://www.cmegroup.com/daily_bulletin/current/Section53_Midcurve_Options.pdf,https://web.archive.org/web/20260819213750id_/https://www.cmegroup.com/daily_bulletin/current/Section53_Midcurve_Options.pdf,raw/midcurves/midcurve53_20260819213811.pdf,2026-09-27T00:27:09.615307+00:00,,20260819213811,nearest replay to put capture; match printed dates only
midcurve53,20260818213711,2026-08-17,FINAL,157,4,119246,c3cc947f860fd5bf5f3ea4405f28337c09a5f149430d4465f411941e6e746445,https://web.archive.org/web/20260818213726id_/https://www.cmegroup.com/daily_bulletin/current/Section53_Midcurve_Options.pdf,https://web.archive.org/web/20260818213711id_/https://www.cmegroup.com/daily_bulletin/current/Section53_Midcurve_Options.pdf,raw/midcurves/midcurve53_20260818213726.pdf,2026-09-27T00:27:12.706735+00:00,,20260818213726,nearest replay to put capture; match printed dates only
midcurve53,20260817214314,2026-08-14,FINAL,156,5,126211,a1d91e03fb76c6847c11418c258561e992d3413db9073884370262962e40e7dc,https://web.archive.org/web/20260817214334id_/https://www.cmegroup.com/daily_bulletin/current/Section53_Midcurve_Options.pdf,https://web.archive.org/web/20260817214314id_/https://www.cmegroup.com/daily_bulletin/current/Section53_Midcurve_Options.pdf,raw/midcurves/midcurve53_20260817214334.pdf,2026-09-27T00:27:15.810825+00:00,,20260817214334,nearest replay to put capture; match printed dates only
midcurve53,20260814213933,2026-08-13,FINAL,155,4,124353,c7d1a6292d3b07a095d978c199fd8566beb233a7d34ebec33a5b7aaf0701f6da,https://web.archive.org/web/20260814213949id_/https://www.cmegroup.com/daily_bulletin/current/Section53_Midcurve_Options.pdf,https://web.archive.org/web/20260814213933id_/https://www.cmegroup.com/daily_bulletin/current/Section53_Midcurve_Options.pdf,raw/midcurves/midcurve53_20260814213949.pdf,2026-09-27T00:27:19.625464+00:00,,20260814213949,nearest replay to put capture; match printed dates only
midcurve53,20260807011627,2026-08-05,FINAL,149,4,123611,a581bd33e537de8e6552f1f025d624d8261691a05275f8c6c5f3b8f64ae34a93,https://web.archive.org/web/20260807011642id_/https://www.cmegroup.com/daily_bulletin/current/Section53_Midcurve_Options.pdf,https://web.archive.org/web/20260807011627id_/https://www.cmegroup.com/daily_bulletin/current/Section53_Midcurve_Options.pdf,raw/midcurves/midcurve53_20260807011642.pdf,2026-09-27T00:27:42.789273+00:00,,20260807011642,nearest replay to put capture; match printed dates only
midcurve53,20260805222412,2026-08-04,FINAL,148,4,123760,f56d8d4fa1c34a10694abcd062fb90d2104d50636799c2ad8969f4898f742dbd,https://web.archive.org/web/20260805222427id_/https://www.cmegroup.com/daily_bulletin/current/Section53_Midcurve_Options.pdf,https://web.archive.org/web/20260805222412id_/https://www.cmegroup.com/daily_bulletin/current/Section53_Midcurve_Options.pdf,raw/midcurves/midcurve53_20260805222427.pdf,2026-09-27T00:27:45.926255+00:00,,20260805222427,nearest replay to put capture; match printed dates only
midcurve53,20260805222412,2026-08-04,FINAL,148,4,123760,f56d8d4fa1c34a10694abcd062fb90d2104d50636799c2ad8969f4898f742dbd,https://web.archive.org/web/20260804222312id_/https://www.cmegroup.com/daily_bulletin/current/Section53_Midcurve_Options.pdf,https://web.archive.org/web/20260805222412id_/https://www.cmegroup.com/daily_bulletin/current/Section53_Midcurve_Options.pdf,raw/midcurves/midcurve53_20260804222312.pdf,2026-09-27T00:27:48.961772+00:00,,20260804222312,nearest replay to put capture; match printed dates only
midcurve53,20260731223536,2026-07-30,FINAL,145,4,122886,ed96798d6b4200413f5f3602305a1bc5d7a6d9319ed9cef1b3ea58d8a297b065,https://web.archive.org/web/20260731223621id_/https://www.cmegroup.com/daily_bulletin/current/Section53_Midcurve_Options.pdf,https://web.archive.org/web/20260731223536id_/https://www.cmegroup.com/daily_bulletin/current/Section53_Midcurve_Options.pdf,raw/midcurves/midcurve53_20260731223621.pdf,2026-09-27T00:27:51.913246+00:00,,20260731223621,nearest replay to put capture; match printed dates only
midcurve53,20260731223536,2026-07-30,FINAL,145,4,122886,ed96798d6b4200413f5f3602305a1bc5d7a6d9319ed9cef1b3ea58d8a297b065,https://web.archive.org/web/20260730223215id_/https://www.cmegroup.com/daily_bulletin/current/Section53_Midcurve_Options.pdf,https://web.archive.org/web/20260731223536id_/https://www.cmegroup.com/daily_bulletin/current/Section53_Midcurve_Options.pdf,raw/midcurves/midcurve53_20260730223215.pdf,2026-09-27T00:27:54.989633+00:00,,20260730223215,nearest replay to put capture; match printed dates only
midcurve53,20260727222440,2026-07-24,FINAL,141,4,122749,3b4ffdb4d756f7f06f44c99f55f3bd716dee4b416e38e9c95eba08c62497ae02,https://web.archive.org/web/20260727222456id_/https://www.cmegroup.com/daily_bulletin/current/Section53_Midcurve_Options.pdf,https://web.archive.org/web/20260727222440id_/https://www.cmegroup.com/daily_bulletin/current/Section53_Midcurve_Options.pdf,raw/midcurves/midcurve53_20260727222456.pdf,2026-09-27T00:28:18.052253+00:00,,20260727222456,nearest replay to put capture; match printed dates only
midcurve53,20260724222545,2026-07-23,FINAL,140,4,122114,b9e4ae5aafe4aa0547c0a54c41ef0ce872fec2c87d1d3db757074f4a0b6201bb,https://web.archive.org/web/20260724222612id_/https://www.cmegroup.com/daily_bulletin/current/Section53_Midcurve_Options.pdf,https://web.archive.org/web/20260724222545id_/https://www.cmegroup.com/daily_bulletin/current/Section53_Midcurve_Options.pdf,raw/midcurves/midcurve53_20260724222612.pdf,2026-09-27T00:28:21.570556+00:00,,20260724222612,nearest replay to put capture; match printed dates only
midcurve53,20260723221623,2026-07-22,FINAL,139,4,121254,712cdb2b65b07af9583b00c4be82b8b523c0ef576fa40b9cbc6ff850afee2b23,https://web.archive.org/web/20260723221638id_/https://www.cmegroup.com/daily_bulletin/current/Section53_Midcurve_Options.pdf,https://web.archive.org/web/20260723221623id_/https://www.cmegroup.com/daily_bulletin/current/Section53_Midcurve_Options.pdf,raw/midcurves/midcurve53_20260723221638.pdf,2026-09-27T00:28:24.559007+00:00,,20260723221638,nearest replay to put capture; match printed dates only
midcurve53,20260723221623,2026-07-22,FINAL,139,4,121254,712cdb2b65b07af9583b00c4be82b8b523c0ef576fa40b9cbc6ff850afee2b23,https://web.archive.org/web/20260722222314id_/https://www.cmegroup.com/daily_bulletin/current/Section53_Midcurve_Options.pdf,https://web.archive.org/web/20260723221623id_/https://www.cmegroup.com/daily_bulletin/current/Section53_Midcurve_Options.pdf,raw/midcurves/midcurve53_20260722222314.pdf,2026-09-27T00:28:30.996347+00:00,,20260722222314,nearest replay to put capture; match printed dates only
