kind,capture_timestamp,trade_date,publication_status,bulletin_number,pages,bytes,sha256,archive_url,effective_url,file,checked_utc,error
midcurve54,20260926000541,2026-09-24,FINAL,184,4,117094,31e44cc7aeb643592198a2724e38a160b1c85e530e4783ca5a15f6e928f2461b,https://web.archive.org/web/20260926000541id_/https://www.cmegroup.com/daily_bulletin/current/Section54_Midcurve_Options_Contd.pdf,https://web.archive.org/web/20260926000541id_/https://www.cmegroup.com/daily_bulletin/current/Section54_Midcurve_Options_Contd.pdf,raw/midcurves/midcurve54_20260926000541.pdf,2026-09-27T00:22:45.204581+00:00,
midcurve54,20260925000713,2026-09-23,FINAL,183,4,114973,ca37a16d4088b5f4aed03c0a5a3143309ad9992c4c7c8554f59481ccea280265,https://web.archive.org/web/20260925000713id_/https://www.cmegroup.com/daily_bulletin/current/Section54_Midcurve_Options_Contd.pdf,https://web.archive.org/web/20260925000713id_/https://www.cmegroup.com/daily_bulletin/current/Section54_Midcurve_Options_Contd.pdf,raw/midcurves/midcurve54_20260925000713.pdf,2026-09-27T00:22:47.931051+00:00,
midcurve54,20260918232113,2026-09-17,FINAL,179,4,112712,40a920c3d00328c6f7a0a62e52b39c56bb5449644ab01599b8905df6ecddd5e4,https://web.archive.org/web/20260918232113id_/https://www.cmegroup.com/daily_bulletin/current/Section54_Midcurve_Options_Contd.pdf,https://web.archive.org/web/20260918232113id_/https://www.cmegroup.com/daily_bulletin/current/Section54_Midcurve_Options_Contd.pdf,raw/midcurves/midcurve54_20260918232113.pdf,2026-09-27T00:22:50.763437+00:00,
midcurve54,20260917000601,2026-09-15,FINAL,177,4,111447,8489ca56292a665627baf8e70e177f6093baeb4d71e53bb22757c84abbe3b108,https://web.archive.org/web/20260917000601id_/https://www.cmegroup.com/daily_bulletin/current/Section54_Midcurve_Options_Contd.pdf,https://web.archive.org/web/20260917000601id_/https://www.cmegroup.com/daily_bulletin/current/Section54_Midcurve_Options_Contd.pdf,raw/midcurves/midcurve54_20260917000601.pdf,2026-09-27T00:22:53.619971+00:00,
midcurve54,20260914235915,2026-09-11,FINAL,175,4,118031,36d8f704c88d00042df7a4fa3aefbff00b57aa2722bf71aad8515490c828b3d7,https://web.archive.org/web/20260914235915id_/https://www.cmegroup.com/daily_bulletin/current/Section54_Midcurve_Options_Contd.pdf,https://web.archive.org/web/20260914235915id_/https://www.cmegroup.com/daily_bulletin/current/Section54_Midcurve_Options_Contd.pdf,raw/midcurves/midcurve54_20260914235915.pdf,2026-09-27T00:22:56.425061+00:00,
midcurve54,20260911231441,2026-09-10,FINAL,174,4,117932,f1da5a04e2fc0c9e4deef6ae90e198b4fa0350428cf17fa0e53aac57f9a9bef1,https://web.archive.org/web/20260911231441id_/https://www.cmegroup.com/daily_bulletin/current/Section54_Midcurve_Options_Contd.pdf,https://web.archive.org/web/20260911231441id_/https://www.cmegroup.com/daily_bulletin/current/Section54_Midcurve_Options_Contd.pdf,raw/midcurves/midcurve54_20260911231441.pdf,2026-09-27T00:22:59.319422+00:00,
midcurve54,20260910231742,2026-09-09,FINAL,173,4,116018,6bc2f1b62f9329c544da5165a2c5892bbf85d2bdcd15cc5923433d4e2c3a423f,https://web.archive.org/web/20260910231742id_/https://www.cmegroup.com/daily_bulletin/current/Section54_Midcurve_Options_Contd.pdf,https://web.archive.org/web/20260910231742id_/https://www.cmegroup.com/daily_bulletin/current/Section54_Midcurve_Options_Contd.pdf,raw/midcurves/midcurve54_20260910231742.pdf,2026-09-27T00:23:02.093661+00:00,
midcurve54,20260909231747,2026-09-08,FINAL,172,4,115719,9fae3cfba2b0f6dae4c4347cdb5b359bac723863df74d2e0d1ef5878d620a7d0,https://web.archive.org/web/20260909231747id_/https://www.cmegroup.com/daily_bulletin/current/Section54_Midcurve_Options_Contd.pdf,https://web.archive.org/web/20260909231747id_/https://www.cmegroup.com/daily_bulletin/current/Section54_Midcurve_Options_Contd.pdf,raw/midcurves/midcurve54_20260909231747.pdf,2026-09-27T00:23:05.327643+00:00,
midcurve54,20260908233435,2026-09-04,FINAL,171,4,115654,a754019ddbb1345f745f793760cbf69edda3f739d5004f5922d8359f7c3f68e1,https://web.archive.org/web/20260908233435id_/https://www.cmegroup.com/daily_bulletin/current/Section54_Midcurve_Options_Contd.pdf,https://web.archive.org/web/20260908233435id_/https://www.cmegroup.com/daily_bulletin/current/Section54_Midcurve_Options_Contd.pdf,raw/midcurves/midcurve54_20260908233435.pdf,2026-09-27T00:23:08.176928+00:00,
midcurve54,20260907233457,2026-09-04,PRELIMINARY,171,4,116865,75720d9e4abba59a284b106c3b413a2bcc3d092cf5ced2a67a59dc03da1dced9,https://web.archive.org/web/20260907233457id_/https://www.cmegroup.com/daily_bulletin/current/Section54_Midcurve_Options_Contd.pdf,https://web.archive.org/web/20260907233457id_/https://www.cmegroup.com/daily_bulletin/current/Section54_Midcurve_Options_Contd.pdf,raw/midcurves/midcurve54_20260907233457.pdf,2026-09-27T00:23:11.127560+00:00,
midcurve54,20260904230411,2026-09-03,FINAL,170,4,115438,14c038705713a38e43b8ca52560b1a46ea1d82523dfab606c3402395d70b87da,https://web.archive.org/web/20260904230411id_/https://www.cmegroup.com/daily_bulletin/current/Section54_Midcurve_Options_Contd.pdf,https://web.archive.org/web/20260904230411id_/https://www.cmegroup.com/daily_bulletin/current/Section54_Midcurve_Options_Contd.pdf,raw/midcurves/midcurve54_20260904230411.pdf,2026-09-27T00:23:13.916656+00:00,
midcurve54,20260903231613,2026-09-02,FINAL,169,4,115252,ecfdcba783ff0c47eb4c63c326f2342fc3a4b82ff64d21bb30559d47afedf0cc,https://web.archive.org/web/20260903231613id_/https://www.cmegroup.com/daily_bulletin/current/Section54_Midcurve_Options_Contd.pdf,https://web.archive.org/web/20260903231613id_/https://www.cmegroup.com/daily_bulletin/current/Section54_Midcurve_Options_Contd.pdf,raw/midcurves/midcurve54_20260903231613.pdf,2026-09-27T00:23:16.687541+00:00,
midcurve54,20260902231523,2026-09-01,FINAL,168,4,115011,1e09fcfd67b3ee22e44ad815043a677b6215c7adeab00f263e4ff3b40cdeca1b,https://web.archive.org/web/20260902231523id_/https://www.cmegroup.com/daily_bulletin/current/Section54_Midcurve_Options_Contd.pdf,https://web.archive.org/web/20260902231523id_/https://www.cmegroup.com/daily_bulletin/current/Section54_Midcurve_Options_Contd.pdf,raw/midcurves/midcurve54_20260902231523.pdf,2026-09-27T00:23:19.488633+00:00,
midcurve54,20260829031926,2026-08-27,FINAL,165,4,113652,8a2fb09d551326ae2ab47863b1d34e80c7bca65294d276b068a82f6ca1535335,https://web.archive.org/web/20260829031926id_/https://www.cmegroup.com/daily_bulletin/current/Section54_Midcurve_Options_Contd.pdf,https://web.archive.org/web/20260829031926id_/https://www.cmegroup.com/daily_bulletin/current/Section54_Midcurve_Options_Contd.pdf,raw/midcurves/midcurve54_20260829031926.pdf,2026-09-27T00:23:22.525140+00:00,
midcurve54,20260828050543,2026-08-26,FINAL,164,4,113288,7a4f438fb51f99cfa782c8537393791544a42f2fe5427d773dc6f6d5b6523d66,https://web.archive.org/web/20260828050543id_/https://www.cmegroup.com/daily_bulletin/current/Section54_Midcurve_Options_Contd.pdf,https://web.archive.org/web/20260828050543id_/https://www.cmegroup.com/daily_bulletin/current/Section54_Midcurve_Options_Contd.pdf,raw/midcurves/midcurve54_20260828050543.pdf,2026-09-27T00:23:25.395196+00:00,
midcurve54,20260828072753,2026-08-27,PRELIMINARY,165,4,114858,713b866395d35230d12a68e13b509ad6606e2416992741133e0f16bb704c4658,https://web.archive.org/web/20260828072753id_/https://www.cmegroup.com/daily_bulletin/current/Section54_Midcurve_Options_Contd.pdf,https://web.archive.org/web/20260828072753id_/https://www.cmegroup.com/daily_bulletin/current/Section54_Midcurve_Options_Contd.pdf,raw/midcurves/midcurve54_20260828072753.pdf,2026-09-27T00:23:28.392324+00:00,
midcurve54,20260827020756,2026-08-25,FINAL,163,4,113193,5b95ddf15d17b8903a066150871f5e7a8b5a33ad85a6e356f94801ecc109984e,https://web.archive.org/web/20260827020756id_/https://www.cmegroup.com/daily_bulletin/current/Section54_Midcurve_Options_Contd.pdf,https://web.archive.org/web/20260827020756id_/https://www.cmegroup.com/daily_bulletin/current/Section54_Midcurve_Options_Contd.pdf,raw/midcurves/midcurve54_20260827020756.pdf,2026-09-27T00:23:31.183742+00:00,
midcurve54,20260819213811,2026-08-18,FINAL,158,4,113335,44f05a694b1503fdcbb026395a602cf726228c1c1dfaae6557c1203be6aa7887,https://web.archive.org/web/20260819213811id_/https://www.cmegroup.com/daily_bulletin/current/Section54_Midcurve_Options_Contd.pdf,https://web.archive.org/web/20260819213811id_/https://www.cmegroup.com/daily_bulletin/current/Section54_Midcurve_Options_Contd.pdf,raw/midcurves/midcurve54_20260819213811.pdf,2026-09-27T00:23:34.454394+00:00,
midcurve54,20260818213726,2026-08-17,FINAL,157,4,117376,8008b97ce60feb87f9463d4dda926dd8a5db2d8b25a95948c78159ca9fd5a918,https://web.archive.org/web/20260818213726id_/https://www.cmegroup.com/daily_bulletin/current/Section54_Midcurve_Options_Contd.pdf,https://web.archive.org/web/20260818213726id_/https://www.cmegroup.com/daily_bulletin/current/Section54_Midcurve_Options_Contd.pdf,raw/midcurves/midcurve54_20260818213726.pdf,2026-09-27T00:23:38.367544+00:00,
midcurve54,20260817214334,2026-08-14,FINAL,156,4,120628,5be447a5603564f6adbd2eb86e65c589d5e9b34ef11508c6ae9551c0c85a360f,https://web.archive.org/web/20260817214334id_/https://www.cmegroup.com/daily_bulletin/current/Section54_Midcurve_Options_Contd.pdf,https://web.archive.org/web/20260817214334id_/https://www.cmegroup.com/daily_bulletin/current/Section54_Midcurve_Options_Contd.pdf,raw/midcurves/midcurve54_20260817214334.pdf,2026-09-27T00:24:01.416360+00:00,
midcurve54,20260814213949,2026-08-13,FINAL,155,4,120159,5d0706e52f7aafb29f0edd0db2a9bb883abd8da164d7740e302572028a4d9b69,https://web.archive.org/web/20260814213949id_/https://www.cmegroup.com/daily_bulletin/current/Section54_Midcurve_Options_Contd.pdf,https://web.archive.org/web/20260814213949id_/https://www.cmegroup.com/daily_bulletin/current/Section54_Midcurve_Options_Contd.pdf,raw/midcurves/midcurve54_20260814213949.pdf,2026-09-27T00:24:04.307164+00:00,
midcurve54,20260807011642,2026-08-05,FINAL,149,4,118542,81e2151a79a7b03bfb1c2c44a088a09a493577ab3950ffccd492c9af5a2bedd0,https://web.archive.org/web/20260807011642id_/https://www.cmegroup.com/daily_bulletin/current/Section54_Midcurve_Options_Contd.pdf,https://web.archive.org/web/20260807011642id_/https://www.cmegroup.com/daily_bulletin/current/Section54_Midcurve_Options_Contd.pdf,raw/midcurves/midcurve54_20260807011642.pdf,2026-09-27T00:24:07.251613+00:00,
midcurve54,20260805222427,2026-08-04,FINAL,148,4,118344,fe2830173298a39cd1a3f364494775d8fa5881ebb84d77d5aa0adb21408564cc,https://web.archive.org/web/20260805222427id_/https://www.cmegroup.com/daily_bulletin/current/Section54_Midcurve_Options_Contd.pdf,https://web.archive.org/web/20260805222427id_/https://www.cmegroup.com/daily_bulletin/current/Section54_Midcurve_Options_Contd.pdf,raw/midcurves/midcurve54_20260805222427.pdf,2026-09-27T00:24:10.209706+00:00,
midcurve54,20260804222312,2026-08-03,FINAL,147,4,119027,6ca0cb3682b678d876d9ac1ede974580c737baa020460f2dcabae5f102d1af4e,https://web.archive.org/web/20260804222312id_/https://www.cmegroup.com/daily_bulletin/current/Section54_Midcurve_Options_Contd.pdf,https://web.archive.org/web/20260804222312id_/https://www.cmegroup.com/daily_bulletin/current/Section54_Midcurve_Options_Contd.pdf,raw/midcurves/midcurve54_20260804222312.pdf,2026-09-27T00:24:13.176016+00:00,
midcurve54,20260731223621,2026-07-30,FINAL,145,4,119008,930eeed64f53268008cbdcdaf059b713014129f0e4845f1505c4e4100aa798eb,https://web.archive.org/web/20260731223621id_/https://www.cmegroup.com/daily_bulletin/current/Section54_Midcurve_Options_Contd.pdf,https://web.archive.org/web/20260731223621id_/https://www.cmegroup.com/daily_bulletin/current/Section54_Midcurve_Options_Contd.pdf,raw/midcurves/midcurve54_20260731223621.pdf,2026-09-27T00:24:16.088126+00:00,
midcurve54,20260730223215,2026-07-29,FINAL,144,4,118865,7fe4bf9d799e20ccce9d0bc0299d79dcbdb54b5b0f752f021f9639d52a2a142a,https://web.archive.org/web/20260730223215id_/https://www.cmegroup.com/daily_bulletin/current/Section54_Midcurve_Options_Contd.pdf,https://web.archive.org/web/20260730223215id_/https://www.cmegroup.com/daily_bulletin/current/Section54_Midcurve_Options_Contd.pdf,raw/midcurves/midcurve54_20260730223215.pdf,2026-09-27T00:24:18.950556+00:00,
midcurve54,20260727222456,2026-07-24,FINAL,141,4,118344,1233148eaab4b2cc17ae930ae0307aca0dd348a4bd7c5f7f8771169d58b3c5d0,https://web.archive.org/web/20260727222456id_/https://www.cmegroup.com/daily_bulletin/current/Section54_Midcurve_Options_Contd.pdf,https://web.archive.org/web/20260727222456id_/https://www.cmegroup.com/daily_bulletin/current/Section54_Midcurve_Options_Contd.pdf,raw/midcurves/midcurve54_20260727222456.pdf,2026-09-27T00:24:21.733917+00:00,
midcurve54,20260724222612,2026-07-23,FINAL,140,4,118379,c7eb184b8cb4457b774e81058b939d92fd2bf936a434a442a4b1540421b45a50,https://web.archive.org/web/20260724222612id_/https://www.cmegroup.com/daily_bulletin/current/Section54_Midcurve_Options_Contd.pdf,https://web.archive.org/web/20260724222612id_/https://www.cmegroup.com/daily_bulletin/current/Section54_Midcurve_Options_Contd.pdf,raw/midcurves/midcurve54_20260724222612.pdf,2026-09-27T00:24:24.845134+00:00,
midcurve54,20260723221638,2026-07-22,FINAL,139,4,117756,633246457f5ecefd5fa258f0f064945651d96d1f33e8f3278daa46a489c0cf07,https://web.archive.org/web/20260723221638id_/https://www.cmegroup.com/daily_bulletin/current/Section54_Midcurve_Options_Contd.pdf,https://web.archive.org/web/20260723221638id_/https://www.cmegroup.com/daily_bulletin/current/Section54_Midcurve_Options_Contd.pdf,raw/midcurves/midcurve54_20260723221638.pdf,2026-09-27T00:24:27.792614+00:00,
midcurve54,20260722222314,2026-07-21,FINAL,138,4,117358,3a45a6f6891849f820ce05397087a19755aa4577cf2e237ac94f91ae5c67cab5,https://web.archive.org/web/20260722222314id_/https://www.cmegroup.com/daily_bulletin/current/Section54_Midcurve_Options_Contd.pdf,https://web.archive.org/web/20260722222314id_/https://www.cmegroup.com/daily_bulletin/current/Section54_Midcurve_Options_Contd.pdf,raw/midcurves/midcurve54_20260722222314.pdf,2026-09-27T00:24:30.553602+00:00,
midcurve54,20260721222130,2026-07-20,FINAL,137,4,116823,341256de6340b736ca8866a16584f954be8a2f8bb65580cb04c7897ca463ec8f,https://web.archive.org/web/20260721222130id_/https://www.cmegroup.com/daily_bulletin/current/Section54_Midcurve_Options_Contd.pdf,https://web.archive.org/web/20260721222130id_/https://www.cmegroup.com/daily_bulletin/current/Section54_Midcurve_Options_Contd.pdf,raw/midcurves/midcurve54_20260721222130.pdf,2026-09-27T00:24:33.385079+00:00,
midcurve54,20260717221512,2026-07-16,FINAL,135,4,116941,a01fabc32311a177197a65a51dd182397f6009eada3fe380e4f534048e575e6a,https://web.archive.org/web/20260717221512id_/https://www.cmegroup.com/daily_bulletin/current/Section54_Midcurve_Options_Contd.pdf,https://web.archive.org/web/20260717221512id_/https://www.cmegroup.com/daily_bulletin/current/Section54_Midcurve_Options_Contd.pdf,raw/midcurves/midcurve54_20260717221512.pdf,2026-09-27T00:24:37.294177+00:00,
midcurve54,20260716221943,2026-07-15,FINAL,134,4,117008,be99aba4c1a3b6156f79cb320f80dde403918f79fec760e72f528fcebdd36fcd,https://web.archive.org/web/20260716221943id_/https://www.cmegroup.com/daily_bulletin/current/Section54_Midcurve_Options_Contd.pdf,https://web.archive.org/web/20260716221943id_/https://www.cmegroup.com/daily_bulletin/current/Section54_Midcurve_Options_Contd.pdf,raw/midcurves/midcurve54_20260716221943.pdf,2026-09-27T00:24:44.095139+00:00,
midcurve54,20260715222228,2026-07-14,FINAL,133,4,116201,1d9d669241e121aa5db19a1ed723118d49b19fadedbce82e24e1326ae4f515a1,https://web.archive.org/web/20260715222228id_/https://www.cmegroup.com/daily_bulletin/current/Section54_Midcurve_Options_Contd.pdf,https://web.archive.org/web/20260715222228id_/https://www.cmegroup.com/daily_bulletin/current/Section54_Midcurve_Options_Contd.pdf,raw/midcurves/midcurve54_20260715222228.pdf,2026-09-27T00:24:47.102525+00:00,
midcurve54,20260714221429,2026-07-13,FINAL,132,5,124182,5ddc271f74ded6d6c7d5ef2e7d388166560db4384e90f0857298f91067b24199,https://web.archive.org/web/20260714221429id_/https://www.cmegroup.com/daily_bulletin/current/Section54_Midcurve_Options_Contd.pdf,https://web.archive.org/web/20260714221429id_/https://www.cmegroup.com/daily_bulletin/current/Section54_Midcurve_Options_Contd.pdf,raw/midcurves/midcurve54_20260714221429.pdf,2026-09-27T00:24:49.926375+00:00,
midcurve54,20260713221342,2026-07-10,FINAL,131,5,126754,6560beabe8358b5f14d3511589ebfd1bd3394610c8933b8a8c46fdda25807a57,https://web.archive.org/web/20260713221342id_/https://www.cmegroup.com/daily_bulletin/current/Section54_Midcurve_Options_Contd.pdf,https://web.archive.org/web/20260713221342id_/https://www.cmegroup.com/daily_bulletin/current/Section54_Midcurve_Options_Contd.pdf,raw/midcurves/midcurve54_20260713221342.pdf,2026-09-27T00:24:53.168485+00:00,
midcurve54,20260710222439,2026-07-09,FINAL,130,5,126056,1b977022d3f040aeb5719366deb6ee36ebf10836a0aea3cd82e9ba66682de422,https://web.archive.org/web/20260710222439id_/https://www.cmegroup.com/daily_bulletin/current/Section54_Midcurve_Options_Contd.pdf,https://web.archive.org/web/20260710222439id_/https://www.cmegroup.com/daily_bulletin/current/Section54_Midcurve_Options_Contd.pdf,raw/midcurves/midcurve54_20260710222439.pdf,2026-09-27T00:24:56.406104+00:00,
midcurve54,20260709224955,2026-07-08,FINAL,129,5,126833,39e16933eed3d535beb4f71c7b0ab4b45424fa59ad12d3b329dfcc22ab9cd3db,https://web.archive.org/web/20260709224955id_/https://www.cmegroup.com/daily_bulletin/current/Section54_Midcurve_Options_Contd.pdf,https://web.archive.org/web/20260709224955id_/https://www.cmegroup.com/daily_bulletin/current/Section54_Midcurve_Options_Contd.pdf,raw/midcurves/midcurve54_20260709224955.pdf,2026-09-27T00:24:59.336803+00:00,
midcurve54,20260708222152,2026-07-07,FINAL,128,5,126001,897d4102bd93b8a71166cfce32b058a83c901ffbcef20e4fb2843877ac2e5365,https://web.archive.org/web/20260708222152id_/https://www.cmegroup.com/daily_bulletin/current/Section54_Midcurve_Options_Contd.pdf,https://web.archive.org/web/20260708222152id_/https://www.cmegroup.com/daily_bulletin/current/Section54_Midcurve_Options_Contd.pdf,raw/midcurves/midcurve54_20260708222152.pdf,2026-09-27T00:25:22.285519+00:00,
midcurve54,20260707223046,2026-07-06,FINAL,127,5,125992,63fcbb577fd2ace7474f076671bfec27e2dfa64767695dbe8d95a8fae20d5837,https://web.archive.org/web/20260707223046id_/https://www.cmegroup.com/daily_bulletin/current/Section54_Midcurve_Options_Contd.pdf,https://web.archive.org/web/20260707223046id_/https://www.cmegroup.com/daily_bulletin/current/Section54_Midcurve_Options_Contd.pdf,raw/midcurves/midcurve54_20260707223046.pdf,2026-09-27T00:25:26.318925+00:00,
midcurve54,20260706223212,2026-07-02,FINAL,126,5,125749,61c86b2de71193ad2d1cec4a8ba44313a4c1834f738b5c095f8904f30a924a44,https://web.archive.org/web/20260706223212id_/https://www.cmegroup.com/daily_bulletin/current/Section54_Midcurve_Options_Contd.pdf,https://web.archive.org/web/20260706223212id_/https://www.cmegroup.com/daily_bulletin/current/Section54_Midcurve_Options_Contd.pdf,raw/midcurves/midcurve54_20260706223212.pdf,2026-09-27T00:25:29.093034+00:00,
midcurve54,20260703222218,2026-07-02,PRELIMINARY,126,5,126994,a0d9743c189d77b31fb7f13eddb364cefdb2f497231e04483be2956a31567d34,https://web.archive.org/web/20260703222218id_/https://www.cmegroup.com/daily_bulletin/current/Section54_Midcurve_Options_Contd.pdf,https://web.archive.org/web/20260703222218id_/https://www.cmegroup.com/daily_bulletin/current/Section54_Midcurve_Options_Contd.pdf,raw/midcurves/midcurve54_20260703222218.pdf,2026-09-27T00:25:31.903400+00:00,
midcurve54,20260702222626,2026-07-01,FINAL,125,5,126058,02a2f64b0ad974cf2bf519faef86d00f38ab04344aff7ce3214ad0b1480128f6,https://web.archive.org/web/20260702222626id_/https://www.cmegroup.com/daily_bulletin/current/Section54_Midcurve_Options_Contd.pdf,https://web.archive.org/web/20260702222626id_/https://www.cmegroup.com/daily_bulletin/current/Section54_Midcurve_Options_Contd.pdf,raw/midcurves/midcurve54_20260702222626.pdf,2026-09-27T00:25:35.137175+00:00,
midcurve54,20260701223143,2026-06-30,FINAL,124,5,125136,43e499a2967240c78aae2c20220a859b8400322048c461f4a302e625f1edbfc6,https://web.archive.org/web/20260701223143id_/https://www.cmegroup.com/daily_bulletin/current/Section54_Midcurve_Options_Contd.pdf,https://web.archive.org/web/20260701223143id_/https://www.cmegroup.com/daily_bulletin/current/Section54_Midcurve_Options_Contd.pdf,raw/midcurves/midcurve54_20260701223143.pdf,2026-09-27T00:25:39.334582+00:00,
midcurve54,20260630223111,2026-06-29,FINAL,123,5,124954,d8398cc6b06d2482513d55036558e9ca950b722dfb3292bc24a25059f6a7a8b1,https://web.archive.org/web/20260630223111id_/https://www.cmegroup.com/daily_bulletin/current/Section54_Midcurve_Options_Contd.pdf,https://web.archive.org/web/20260630223111id_/https://www.cmegroup.com/daily_bulletin/current/Section54_Midcurve_Options_Contd.pdf,raw/midcurves/midcurve54_20260630223111.pdf,2026-09-27T00:25:42.097286+00:00,
midcurve54,20260629222425,2026-06-26,FINAL,122,5,125870,e432c294c438e80bf199f31afd7116bce33892bb5a3665b072fa2d8c71b40ab5,https://web.archive.org/web/20260629222425id_/https://www.cmegroup.com/daily_bulletin/current/Section54_Midcurve_Options_Contd.pdf,https://web.archive.org/web/20260629222425id_/https://www.cmegroup.com/daily_bulletin/current/Section54_Midcurve_Options_Contd.pdf,raw/midcurves/midcurve54_20260629222425.pdf,2026-09-27T00:25:45.016732+00:00,
midcurve54,20260626223248,2026-06-25,FINAL,121,5,124770,efd475581403f60c2982c3402b8ee0407a61b8ba8febd792dc9366dc67308c8c,https://web.archive.org/web/20260626223248id_/https://www.cmegroup.com/daily_bulletin/current/Section54_Midcurve_Options_Contd.pdf,https://web.archive.org/web/20260626223248id_/https://www.cmegroup.com/daily_bulletin/current/Section54_Midcurve_Options_Contd.pdf,raw/midcurves/midcurve54_20260626223248.pdf,2026-09-27T00:26:08.025662+00:00,
midcurve54,20260625223620,2026-06-24,FINAL,120,5,124829,5c2e78df5bf81da40bdc643461a81c71fda7666eef5defce35a8ddce815ab9bb,https://web.archive.org/web/20260625223620id_/https://www.cmegroup.com/daily_bulletin/current/Section54_Midcurve_Options_Contd.pdf,https://web.archive.org/web/20260625223620id_/https://www.cmegroup.com/daily_bulletin/current/Section54_Midcurve_Options_Contd.pdf,raw/midcurves/midcurve54_20260625223620.pdf,2026-09-27T00:26:31.123498+00:00,
midcurve54,20260624222843,2026-06-23,FINAL,119,5,123855,99e976f7c66630ac0ab734114549769cc10227b7bf5ae388d3102effba1223ed,https://web.archive.org/web/20260624222843id_/https://www.cmegroup.com/daily_bulletin/current/Section54_Midcurve_Options_Contd.pdf,https://web.archive.org/web/20260624222843id_/https://www.cmegroup.com/daily_bulletin/current/Section54_Midcurve_Options_Contd.pdf,raw/midcurves/midcurve54_20260624222843.pdf,2026-09-27T00:26:35.754233+00:00,
midcurve54,20260623222625,2026-06-22,FINAL,118,5,124562,fba59e956d9991985d8e81cfc4d58f446c3e1c03118b642a954155130fc8e062,https://web.archive.org/web/20260623222625id_/https://www.cmegroup.com/daily_bulletin/current/Section54_Midcurve_Options_Contd.pdf,https://web.archive.org/web/20260623222625id_/https://www.cmegroup.com/daily_bulletin/current/Section54_Midcurve_Options_Contd.pdf,raw/midcurves/midcurve54_20260623222625.pdf,2026-09-27T00:26:38.488786+00:00,
midcurve54,20260619222114,2026-06-18,PRELIMINARY,116,5,125378,1f38404dc5354518cf0d35c457b0a415b68d922314f5c2cb5f85005c75e65633,https://web.archive.org/web/20260619222114id_/https://www.cmegroup.com/daily_bulletin/current/Section54_Midcurve_Options_Contd.pdf,https://web.archive.org/web/20260619222114id_/https://www.cmegroup.com/daily_bulletin/current/Section54_Midcurve_Options_Contd.pdf,raw/midcurves/midcurve54_20260619222114.pdf,2026-09-27T00:26:41.196947+00:00,
midcurve54,20260618230926,2026-06-17,FINAL,115,5,124193,72e242cc2d46b61bfc6f49cf1c0f480b35b68f53039ae7c587aeb22fdf0f64b1,https://web.archive.org/web/20260618230926id_/https://www.cmegroup.com/daily_bulletin/current/Section54_Midcurve_Options_Contd.pdf,https://web.archive.org/web/20260618230926id_/https://www.cmegroup.com/daily_bulletin/current/Section54_Midcurve_Options_Contd.pdf,raw/midcurves/midcurve54_20260618230926.pdf,2026-09-27T00:26:43.951429+00:00,
midcurve54,20260616230628,2026-06-15,FINAL,113,5,127634,1b661dc08bdd8fd77340923cef149cd80b7140b39ab9c2257e0eec8f57ba092b,https://web.archive.org/web/20260616230628id_/https://www.cmegroup.com/daily_bulletin/current/Section54_Midcurve_Options_Contd.pdf,https://web.archive.org/web/20260616230628id_/https://www.cmegroup.com/daily_bulletin/current/Section54_Midcurve_Options_Contd.pdf,raw/midcurves/midcurve54_20260616230628.pdf,2026-09-27T00:27:06.883012+00:00,
midcurve54,20260612001548,2026-06-10,FINAL,110,5,132715,92774422e21af256aea713113c2f9418b504e35d75123163dc57601a9fdfca3d,https://web.archive.org/web/20260612001548id_/https://www.cmegroup.com/daily_bulletin/current/Section54_Midcurve_Options_Contd.pdf,https://web.archive.org/web/20260612001548id_/https://www.cmegroup.com/daily_bulletin/current/Section54_Midcurve_Options_Contd.pdf,raw/midcurves/midcurve54_20260612001548.pdf,2026-09-27T00:27:09.713233+00:00,
midcurve54,20260609223716,2026-06-08,FINAL,108,5,131726,7ba4bf51eb1a450602d294ffa04a2d0a9322be5a5eb9edef7c45b527dc8cf1eb,https://web.archive.org/web/20260609223716id_/https://www.cmegroup.com/daily_bulletin/current/Section54_Midcurve_Options_Contd.pdf,https://web.archive.org/web/20260609223716id_/https://www.cmegroup.com/daily_bulletin/current/Section54_Midcurve_Options_Contd.pdf,raw/midcurves/midcurve54_20260609223716.pdf,2026-09-27T00:27:14.931539+00:00,
midcurve54,20260608224359,2026-06-05,FINAL,107,5,132481,19dd1217d6bd38b957ce180266289be9b71d03a580f62be4d5d8f0e343ac6ddf,https://web.archive.org/web/20260608224359id_/https://www.cmegroup.com/daily_bulletin/current/Section54_Midcurve_Options_Contd.pdf,https://web.archive.org/web/20260608224359id_/https://www.cmegroup.com/daily_bulletin/current/Section54_Midcurve_Options_Contd.pdf,raw/midcurves/midcurve54_20260608224359.pdf,2026-09-27T00:27:17.682416+00:00,
midcurve54,20260605222727,2026-06-04,FINAL,106,5,131304,482f6db6c9737d484cbb9411b9d2b20aefb5ea776d9adc99acbf0f1b40590e70,https://web.archive.org/web/20260605222727id_/https://www.cmegroup.com/daily_bulletin/current/Section54_Midcurve_Options_Contd.pdf,https://web.archive.org/web/20260605222727id_/https://www.cmegroup.com/daily_bulletin/current/Section54_Midcurve_Options_Contd.pdf,raw/midcurves/midcurve54_20260605222727.pdf,2026-09-27T00:27:41.590503+00:00,
midcurve54,20260604223328,2026-06-03,FINAL,105,5,131443,507d8224ab81aaf9693be88bfb3d0b34841254de40b7ca6a6cddb390530a99db,https://web.archive.org/web/20260604223328id_/https://www.cmegroup.com/daily_bulletin/current/Section54_Midcurve_Options_Contd.pdf,https://web.archive.org/web/20260604223328id_/https://www.cmegroup.com/daily_bulletin/current/Section54_Midcurve_Options_Contd.pdf,raw/midcurves/midcurve54_20260604223328.pdf,2026-09-27T00:27:44.461378+00:00,
midcurve54,20260603231841,2026-06-02,FINAL,104,5,130712,042a90987f65926e3cbec988e1f7c0716e928d8717493e3f84333a7598c30a91,https://web.archive.org/web/20260603231841id_/https://www.cmegroup.com/daily_bulletin/current/Section54_Midcurve_Options_Contd.pdf,https://web.archive.org/web/20260603231841id_/https://www.cmegroup.com/daily_bulletin/current/Section54_Midcurve_Options_Contd.pdf,raw/midcurves/midcurve54_20260603231841.pdf,2026-09-27T00:27:47.331506+00:00,
midcurve54,20260602231427,2026-06-01,FINAL,103,5,131151,04c4f01b82825148fa21207c8d38a29e0868e7cd96febb359ba662080d45b5fd,https://web.archive.org/web/20260602231427id_/https://www.cmegroup.com/daily_bulletin/current/Section54_Midcurve_Options_Contd.pdf,https://web.archive.org/web/20260602231427id_/https://www.cmegroup.com/daily_bulletin/current/Section54_Midcurve_Options_Contd.pdf,raw/midcurves/midcurve54_20260602231427.pdf,2026-09-27T00:27:50.412793+00:00,
midcurve54,20260601231511,2026-05-29,FINAL,102,5,131560,7eabbfa0b5af5c4332554bf2d9362e53bf846014be6a19f95fdddc027d110c9d,https://web.archive.org/web/20260601231511id_/https://www.cmegroup.com/daily_bulletin/current/Section54_Midcurve_Options_Contd.pdf,https://web.archive.org/web/20260601231511id_/https://www.cmegroup.com/daily_bulletin/current/Section54_Midcurve_Options_Contd.pdf,raw/midcurves/midcurve54_20260601231511.pdf,2026-09-27T00:27:53.198068+00:00,
midcurve54,20260528225521,2026-05-27,FINAL,100,5,130594,e7f49c43b2b30ff38693d739163acd4bc6b5a78eaee844214bd1945dc6cc5914,https://web.archive.org/web/20260528225521id_/https://www.cmegroup.com/daily_bulletin/current/Section54_Midcurve_Options_Contd.pdf,https://web.archive.org/web/20260528225521id_/https://www.cmegroup.com/daily_bulletin/current/Section54_Midcurve_Options_Contd.pdf,raw/midcurves/midcurve54_20260528225521.pdf,2026-09-27T00:27:55.927847+00:00,
midcurve54,20260527224311,2026-05-26,FINAL,99,5,129466,8453f30f709b6ac60bcf7bb7f68e29259b47e7e0a1333e01408ffa39abdaeb41,https://web.archive.org/web/20260527224311id_/https://www.cmegroup.com/daily_bulletin/current/Section54_Midcurve_Options_Contd.pdf,https://web.archive.org/web/20260527224311id_/https://www.cmegroup.com/daily_bulletin/current/Section54_Midcurve_Options_Contd.pdf,raw/midcurves/midcurve54_20260527224311.pdf,2026-09-27T00:28:20.511525+00:00,
midcurve54,20260526224631,2026-05-22,FINAL,98,5,129681,85bfacac4087edacc594afcbd353854b3555f2e7584e8e6d6ca864d868422900,https://web.archive.org/web/20260526224631id_/https://www.cmegroup.com/daily_bulletin/current/Section54_Midcurve_Options_Contd.pdf,https://web.archive.org/web/20260526224631id_/https://www.cmegroup.com/daily_bulletin/current/Section54_Midcurve_Options_Contd.pdf,raw/midcurves/midcurve54_20260526224631.pdf,2026-09-27T00:28:23.228897+00:00,
midcurve54,20260522222914,2026-05-21,FINAL,97,5,129009,24a3686c12e21e0dda4488fcff32d6071c6ea6ca56378ac73f28d5bb5bfce58e,https://web.archive.org/web/20260522222914id_/https://www.cmegroup.com/daily_bulletin/current/Section54_Midcurve_Options_Contd.pdf,https://web.archive.org/web/20260522222914id_/https://www.cmegroup.com/daily_bulletin/current/Section54_Midcurve_Options_Contd.pdf,raw/midcurves/midcurve54_20260522222914.pdf,2026-09-27T00:28:26.945829+00:00,
midcurve54,20260521223258,2026-05-20,FINAL,96,5,128769,d3427dba77a6d628ad66697c2fee7f22fd01a3509e4c455f5dab190509a4a4b6,https://web.archive.org/web/20260521223258id_/https://www.cmegroup.com/daily_bulletin/current/Section54_Midcurve_Options_Contd.pdf,https://web.archive.org/web/20260521223258id_/https://www.cmegroup.com/daily_bulletin/current/Section54_Midcurve_Options_Contd.pdf,raw/midcurves/midcurve54_20260521223258.pdf,2026-09-27T00:28:29.661286+00:00,
midcurve54,20260520223841,2026-05-19,FINAL,95,5,128419,b67d7daeb79f012e89cc4ccdb4a6452ef8566b3e13052656721e0fa7d657ba79,https://web.archive.org/web/20260520223841id_/https://www.cmegroup.com/daily_bulletin/current/Section54_Midcurve_Options_Contd.pdf,https://web.archive.org/web/20260520223841id_/https://www.cmegroup.com/daily_bulletin/current/Section54_Midcurve_Options_Contd.pdf,raw/midcurves/midcurve54_20260520223841.pdf,2026-09-27T00:28:52.792210+00:00,
midcurve54,20260519223226,2026-05-18,FINAL,94,5,131719,827bfe354140ccca7c8612017e6bc08a28015eb7f67fec9567e122af9c3e790d,https://web.archive.org/web/20260519223226id_/https://www.cmegroup.com/daily_bulletin/current/Section54_Midcurve_Options_Contd.pdf,https://web.archive.org/web/20260519223226id_/https://www.cmegroup.com/daily_bulletin/current/Section54_Midcurve_Options_Contd.pdf,raw/midcurves/midcurve54_20260519223226.pdf,2026-09-27T00:28:55.975091+00:00,
midcurve54,20260518221653,2026-05-15,FINAL,93,5,133165,c6a56eb7b8ed2cb9b130205d9e9b2318a8e6df431d83da9131d1791adf441491,https://web.archive.org/web/20260518221653id_/https://www.cmegroup.com/daily_bulletin/current/Section54_Midcurve_Options_Contd.pdf,https://web.archive.org/web/20260518221653id_/https://www.cmegroup.com/daily_bulletin/current/Section54_Midcurve_Options_Contd.pdf,raw/midcurves/midcurve54_20260518221653.pdf,2026-09-27T00:29:40.090667+00:00,
midcurve54,20260515221528,2026-05-14,FINAL,92,5,130366,18bdfd047224f4e6d937418257c686b0c866bf313951d0ae7fb2605e7e88ac08,https://web.archive.org/web/20260515221528id_/https://www.cmegroup.com/daily_bulletin/current/Section54_Midcurve_Options_Contd.pdf,https://web.archive.org/web/20260515221528id_/https://www.cmegroup.com/daily_bulletin/current/Section54_Midcurve_Options_Contd.pdf,raw/midcurves/midcurve54_20260515221528.pdf,2026-09-27T00:30:19.798440+00:00,
midcurve54,20260514222339,2026-05-13,FINAL,91,5,129803,f0ef326d4869b06035f67487c44ca773eeafa47002ff9bbce03970dcabc5e940,https://web.archive.org/web/20260514222339id_/https://www.cmegroup.com/daily_bulletin/current/Section54_Midcurve_Options_Contd.pdf,https://web.archive.org/web/20260514222339id_/https://www.cmegroup.com/daily_bulletin/current/Section54_Midcurve_Options_Contd.pdf,raw/midcurves/midcurve54_20260514222339.pdf,2026-09-27T00:30:25.194928+00:00,
midcurve54,20260513222228,2026-05-12,FINAL,90,5,128966,5b52071ae5b6ed899bb895dd934545d680a89784fad0c1682b62775b79521f3a,https://web.archive.org/web/20260513222228id_/https://www.cmegroup.com/daily_bulletin/current/Section54_Midcurve_Options_Contd.pdf,https://web.archive.org/web/20260513222228id_/https://www.cmegroup.com/daily_bulletin/current/Section54_Midcurve_Options_Contd.pdf,raw/midcurves/midcurve54_20260513222228.pdf,2026-09-27T00:30:43.637630+00:00,
midcurve54,20260511222039,2026-05-08,FINAL,88,5,128082,9642829ff6e6fabed6a5de239eb3427d04eb3ed77294520f03a0f6073acdd395,https://web.archive.org/web/20260511222039id_/https://www.cmegroup.com/daily_bulletin/current/Section54_Midcurve_Options_Contd.pdf,https://web.archive.org/web/20260511222039id_/https://www.cmegroup.com/daily_bulletin/current/Section54_Midcurve_Options_Contd.pdf,raw/midcurves/midcurve54_20260511222039.pdf,2026-09-27T00:31:21.641212+00:00,
midcurve54,20260508221240,2026-05-07,FINAL,87,5,127863,14352855cab6bcf3a91f5714423f94de68222cb79b2361070d687e5e49b7d553,https://web.archive.org/web/20260508221240id_/https://www.cmegroup.com/daily_bulletin/current/Section54_Midcurve_Options_Contd.pdf,https://web.archive.org/web/20260508221240id_/https://www.cmegroup.com/daily_bulletin/current/Section54_Midcurve_Options_Contd.pdf,raw/midcurves/midcurve54_20260508221240.pdf,2026-09-27T00:31:33.224127+00:00,
midcurve54,20260507221302,2026-05-06,FINAL,86,5,127764,369382988448314a1412306c4af8d3732e4913053da58c5f8125712b6d301ebc,https://web.archive.org/web/20260507221302id_/https://www.cmegroup.com/daily_bulletin/current/Section54_Midcurve_Options_Contd.pdf,https://web.archive.org/web/20260507221302id_/https://www.cmegroup.com/daily_bulletin/current/Section54_Midcurve_Options_Contd.pdf,raw/midcurves/midcurve54_20260507221302.pdf,2026-09-27T00:31:39.866815+00:00,
midcurve54,20260505221727,2026-05-04,FINAL,84,5,128382,0e4258ab34cf5567b5228fc2bdd940823daa6cc7a7f10f40ddf9a0cce8a9599f,https://web.archive.org/web/20260505221727id_/https://www.cmegroup.com/daily_bulletin/current/Section54_Midcurve_Options_Contd.pdf,https://web.archive.org/web/20260505221727id_/https://www.cmegroup.com/daily_bulletin/current/Section54_Midcurve_Options_Contd.pdf,raw/midcurves/midcurve54_20260505221727.pdf,2026-09-27T00:31:49.259651+00:00,
midcurve54,20260504221542,2026-05-01,FINAL,83,5,127191,1058d261c4782a73945c587adc12473a08e81c64e5dcd6441a18846db85eeef3,https://web.archive.org/web/20260504221542id_/https://www.cmegroup.com/daily_bulletin/current/Section54_Midcurve_Options_Contd.pdf,https://web.archive.org/web/20260504221542id_/https://www.cmegroup.com/daily_bulletin/current/Section54_Midcurve_Options_Contd.pdf,raw/midcurves/midcurve54_20260504221542.pdf,2026-09-27T00:32:02.597985+00:00,
midcurve54,20260501220903,2026-04-30,FINAL,82,5,126213,318c0d257e80d50a4de11a9717efaea55643bdaecddcdc950439e12aa4fbc64f,https://web.archive.org/web/20260501220903id_/https://www.cmegroup.com/daily_bulletin/current/Section54_Midcurve_Options_Contd.pdf,https://web.archive.org/web/20260501220903id_/https://www.cmegroup.com/daily_bulletin/current/Section54_Midcurve_Options_Contd.pdf,raw/midcurves/midcurve54_20260501220903.pdf,2026-09-27T00:32:26.620316+00:00,
midcurve54,20260430220938,2026-04-29,FINAL,81,5,125835,91709ae3af5f3e3e58773c5e3cbe4ba74b5d82baee882efb0c5b57d29ee2dcba,https://web.archive.org/web/20260430220938id_/https://www.cmegroup.com/daily_bulletin/current/Section54_Midcurve_Options_Contd.pdf,https://web.archive.org/web/20260430220938id_/https://www.cmegroup.com/daily_bulletin/current/Section54_Midcurve_Options_Contd.pdf,raw/midcurves/midcurve54_20260430220938.pdf,2026-09-27T00:32:51.567053+00:00,
midcurve54,20260429221318,2026-04-28,FINAL,80,5,125161,f55fd27e90ae94bc40a48eefadaa9ba3ecaa7a93ee2fed621486c05d13aa6e6f,https://web.archive.org/web/20260429221318id_/https://www.cmegroup.com/daily_bulletin/current/Section54_Midcurve_Options_Contd.pdf,https://web.archive.org/web/20260429221318id_/https://www.cmegroup.com/daily_bulletin/current/Section54_Midcurve_Options_Contd.pdf,raw/midcurves/midcurve54_20260429221318.pdf,2026-09-27T00:33:06.131665+00:00,
midcurve54,20260428221043,2026-04-27,FINAL,79,5,124554,8ec7cff5b0073ece0d27f6b598bf4e3bbdf97000285cb695de02b8c849b7b8ba,https://web.archive.org/web/20260428221043id_/https://www.cmegroup.com/daily_bulletin/current/Section54_Midcurve_Options_Contd.pdf,https://web.archive.org/web/20260428221043id_/https://www.cmegroup.com/daily_bulletin/current/Section54_Midcurve_Options_Contd.pdf,raw/midcurves/midcurve54_20260428221043.pdf,2026-09-27T00:33:26.356143+00:00,
midcurve54,20260427220729,2026-04-24,FINAL,78,5,124603,32d007d66caed0ca9c8d37cdfb5fc7e6e08633e0b9decc2a1c503d12034b2505,https://web.archive.org/web/20260427220729id_/https://www.cmegroup.com/daily_bulletin/current/Section54_Midcurve_Options_Contd.pdf,https://web.archive.org/web/20260427220729id_/https://www.cmegroup.com/daily_bulletin/current/Section54_Midcurve_Options_Contd.pdf,raw/midcurves/midcurve54_20260427220729.pdf,2026-09-27T00:33:48.893412+00:00,
midcurve54,20260424221709,2026-04-23,FINAL,77,5,124492,0a5a2f91af32bc36839b4ab2f80f81d2874ea5cd0687d4212161d799741b25e6,https://web.archive.org/web/20260424221709id_/https://www.cmegroup.com/daily_bulletin/current/Section54_Midcurve_Options_Contd.pdf,https://web.archive.org/web/20260424221709id_/https://www.cmegroup.com/daily_bulletin/current/Section54_Midcurve_Options_Contd.pdf,raw/midcurves/midcurve54_20260424221709.pdf,2026-09-27T00:33:58.608293+00:00,
midcurve54,20260423215642,2026-04-22,FINAL,76,5,123673,38808c15393d9be916d52a58a907e5212d91715d49606431a7bba48f35361809,https://web.archive.org/web/20260423215642id_/https://www.cmegroup.com/daily_bulletin/current/Section54_Midcurve_Options_Contd.pdf,https://web.archive.org/web/20260423215642id_/https://www.cmegroup.com/daily_bulletin/current/Section54_Midcurve_Options_Contd.pdf,raw/midcurves/midcurve54_20260423215642.pdf,2026-09-27T00:34:07.437557+00:00,
midcurve54,20260422220615,,,,,,,https://web.archive.org/web/20260422220615id_/https://www.cmegroup.com/daily_bulletin/current/Section54_Midcurve_Options_Contd.pdf,https://web.archive.org/web/20260422220615id_/https://www.cmegroup.com/daily_bulletin/current/Section54_Midcurve_Options_Contd.pdf,raw/midcurves/midcurve54_20260422220615.pdf,2026-09-27T00:34:55.499829+00:00,curl: (28) Operation timed out after 12992 milliseconds with 0 out of 0 bytes received
midcurve54,20260420215852,,,,,,,https://web.archive.org/web/20260420215852id_/https://www.cmegroup.com/daily_bulletin/current/Section54_Midcurve_Options_Contd.pdf,https://web.archive.org/web/20260420215852id_/https://www.cmegroup.com/daily_bulletin/current/Section54_Midcurve_Options_Contd.pdf,raw/midcurves/midcurve54_20260420215852.pdf,2026-09-27T00:36:35.387688+00:00,curl: (28) Operation timed out after 12265 milliseconds with 0 out of 0 bytes received
midcurve54,20260417215328,2026-04-16,FINAL,72,5,124112,f36caf2e5ee6269bbfe09827aa688a1851e7f904f5a7bb4af689ae05fec63284,https://web.archive.org/web/20260417215328id_/https://www.cmegroup.com/daily_bulletin/current/Section54_Midcurve_Options_Contd.pdf,https://web.archive.org/web/20260417215328id_/https://www.cmegroup.com/daily_bulletin/current/Section54_Midcurve_Options_Contd.pdf,raw/midcurves/midcurve54_20260417215328.pdf,2026-09-27T00:38:14.767071+00:00,
midcurve54,20260416215507,2026-04-15,FINAL,71,4,120648,8371f722f5bdb7fd1957627de88a19939da8fe4ba72bb6edf9efe7e490e12bf3,https://web.archive.org/web/20260416215507id_/https://www.cmegroup.com/daily_bulletin/current/Section54_Midcurve_Options_Contd.pdf,https://web.archive.org/web/20260416215507id_/https://www.cmegroup.com/daily_bulletin/current/Section54_Midcurve_Options_Contd.pdf,raw/midcurves/midcurve54_20260416215507.pdf,2026-09-27T00:38:23.139299+00:00,
midcurve54,20260415220415,2026-04-14,FINAL,70,4,120270,1eb4225fe6af8943f0275fbdd443f36e195a36c65da4b3c45173fe682d9f7f8b,https://web.archive.org/web/20260415220415id_/https://www.cmegroup.com/daily_bulletin/current/Section54_Midcurve_Options_Contd.pdf,https://web.archive.org/web/20260415220415id_/https://www.cmegroup.com/daily_bulletin/current/Section54_Midcurve_Options_Contd.pdf,raw/midcurves/midcurve54_20260415220415.pdf,2026-09-27T00:38:26.172055+00:00,
midcurve54,20260414220452,2026-04-13,FINAL,69,5,126685,65bda72c8162dd40c020ca361e306938fb063e45bf8072035f1ee2a5f64ea825,https://web.archive.org/web/20260414220452id_/https://www.cmegroup.com/daily_bulletin/current/Section54_Midcurve_Options_Contd.pdf,https://web.archive.org/web/20260414220452id_/https://www.cmegroup.com/daily_bulletin/current/Section54_Midcurve_Options_Contd.pdf,raw/midcurves/midcurve54_20260414220452.pdf,2026-09-27T00:39:01.853247+00:00,
midcurve54,20260413220005,2026-04-10,FINAL,68,5,129855,fb20c980fb0e7c862731a5cb30bdf13dc859f590763bbc2a300612afba1fb9f9,https://web.archive.org/web/20260413220005id_/https://www.cmegroup.com/daily_bulletin/current/Section54_Midcurve_Options_Contd.pdf,https://web.archive.org/web/20260413220005id_/https://www.cmegroup.com/daily_bulletin/current/Section54_Midcurve_Options_Contd.pdf,raw/midcurves/midcurve54_20260413220005.pdf,2026-09-27T00:39:04.932287+00:00,
midcurve54,20260410215107,2026-04-09,FINAL,67,5,129148,33b1f1053ead0c0c6d57c73b0b2a0cf08e701a34a8f3d0718ac5a48098feedb6,https://web.archive.org/web/20260410215107id_/https://www.cmegroup.com/daily_bulletin/current/Section54_Midcurve_Options_Contd.pdf,https://web.archive.org/web/20260410215107id_/https://www.cmegroup.com/daily_bulletin/current/Section54_Midcurve_Options_Contd.pdf,raw/midcurves/midcurve54_20260410215107.pdf,2026-09-27T00:39:07.757973+00:00,
midcurve54,20260409215656,2026-04-08,FINAL,66,5,129428,12c5b23f2837881708c7a711c9df6110dcef58dd5a0d04048ced2fc9d7a1e6f7,https://web.archive.org/web/20260409215656id_/https://www.cmegroup.com/daily_bulletin/current/Section54_Midcurve_Options_Contd.pdf,https://web.archive.org/web/20260409215656id_/https://www.cmegroup.com/daily_bulletin/current/Section54_Midcurve_Options_Contd.pdf,raw/midcurves/midcurve54_20260409215656.pdf,2026-09-27T00:39:10.675781+00:00,
midcurve54,20260408215314,2026-04-07,FINAL,65,5,128452,a068d070fea3f6a6f0f4b50346ae602c0ec7d370e7ecfe119aa0e8872ac12eaf,https://web.archive.org/web/20260408215314id_/https://www.cmegroup.com/daily_bulletin/current/Section54_Midcurve_Options_Contd.pdf,https://web.archive.org/web/20260408215314id_/https://www.cmegroup.com/daily_bulletin/current/Section54_Midcurve_Options_Contd.pdf,raw/midcurves/midcurve54_20260408215314.pdf,2026-09-27T00:39:13.581721+00:00,
midcurve54,20260407215418,2026-04-06,FINAL,64,5,127957,c081123c996266184a42b9b8ac9e6f48f9ab5fc4c64e2ff4f6b8d93e3ab9ee59,https://web.archive.org/web/20260407215418id_/https://www.cmegroup.com/daily_bulletin/current/Section54_Midcurve_Options_Contd.pdf,https://web.archive.org/web/20260407215418id_/https://www.cmegroup.com/daily_bulletin/current/Section54_Midcurve_Options_Contd.pdf,raw/midcurves/midcurve54_20260407215418.pdf,2026-09-27T00:39:17.832711+00:00,
midcurve54,20260406214931,2026-04-03,FINAL,63,5,127332,8491dc329019ad5490e53c21683e66e27a44ca4056db03ed7e01de996b4f041c,https://web.archive.org/web/20260406214931id_/https://www.cmegroup.com/daily_bulletin/current/Section54_Midcurve_Options_Contd.pdf,https://web.archive.org/web/20260406214931id_/https://www.cmegroup.com/daily_bulletin/current/Section54_Midcurve_Options_Contd.pdf,raw/midcurves/midcurve54_20260406214931.pdf,2026-09-27T00:39:20.781511+00:00,
midcurve54,20260403214500,2026-04-02,FINAL,63,5,127005,b62f8ab304e8e139c00a21624c4f0e81ad5fb2ede9d1889050f41e02ab8c6380,https://web.archive.org/web/20260403214500id_/https://www.cmegroup.com/daily_bulletin/current/Section54_Midcurve_Options_Contd.pdf,https://web.archive.org/web/20260403214500id_/https://www.cmegroup.com/daily_bulletin/current/Section54_Midcurve_Options_Contd.pdf,raw/midcurves/midcurve54_20260403214500.pdf,2026-09-27T00:39:23.716290+00:00,
midcurve54,20260402215010,2026-04-01,FINAL,62,5,127060,9b9ec1beef52c2ed75e06f3e700b42ba1dbc538a07df25f44407ca1e48812f21,https://web.archive.org/web/20260402215010id_/https://www.cmegroup.com/daily_bulletin/current/Section54_Midcurve_Options_Contd.pdf,https://web.archive.org/web/20260402215010id_/https://www.cmegroup.com/daily_bulletin/current/Section54_Midcurve_Options_Contd.pdf,raw/midcurves/midcurve54_20260402215010.pdf,2026-09-27T00:39:26.812688+00:00,
midcurve54,20260401215339,2026-03-31,FINAL,61,5,126541,bfd0dea037f9bca36ff1effbe23c33042995f0880928d730148e28319d966eb8,https://web.archive.org/web/20260401215339id_/https://www.cmegroup.com/daily_bulletin/current/Section54_Midcurve_Options_Contd.pdf,https://web.archive.org/web/20260401215339id_/https://www.cmegroup.com/daily_bulletin/current/Section54_Midcurve_Options_Contd.pdf,raw/midcurves/midcurve54_20260401215339.pdf,2026-09-27T00:39:29.594269+00:00,
midcurve54,20260331215110,2026-03-30,FINAL,60,5,126978,d747973395f123a61564df551a61f2420298a9b8bc98bd28475e5a86c634e7ed,https://web.archive.org/web/20260331215110id_/https://www.cmegroup.com/daily_bulletin/current/Section54_Midcurve_Options_Contd.pdf,https://web.archive.org/web/20260331215110id_/https://www.cmegroup.com/daily_bulletin/current/Section54_Midcurve_Options_Contd.pdf,raw/midcurves/midcurve54_20260331215110.pdf,2026-09-27T00:39:32.593617+00:00,
midcurve54,20260330121007,2026-03-27,PRELIMINARY,59,5,126227,f21cee7dbb1a59f9f84620acf9ca0eb779b398239c2e31b69b00bcaf5a16c0f8,https://web.archive.org/web/20260330121007id_/https://www.cmegroup.com/daily_bulletin/current/Section54_Midcurve_Options_Contd.pdf,https://web.archive.org/web/20260330121007id_/https://www.cmegroup.com/daily_bulletin/current/Section54_Midcurve_Options_Contd.pdf,raw/midcurves/midcurve54_20260330121007.pdf,2026-09-27T00:39:35.382952+00:00,
midcurve54,20260327115652,2026-03-26,PRELIMINARY,58,5,125847,94834de00f2f76f5f3bb708e890ba7eb5f31890b28ddd685dedd742851af832b,https://web.archive.org/web/20260327115652id_/https://www.cmegroup.com/daily_bulletin/current/Section54_Midcurve_Options_Contd.pdf,https://web.archive.org/web/20260327115652id_/https://www.cmegroup.com/daily_bulletin/current/Section54_Midcurve_Options_Contd.pdf,raw/midcurves/midcurve54_20260327115652.pdf,2026-09-27T00:39:38.260596+00:00,
midcurve54,20260326120553,2026-03-25,PRELIMINARY,57,5,124608,8607a8771d950009cdc33069a031821b8dd4272002e8baa170ae43a50eaee852,https://web.archive.org/web/20260326120553id_/https://www.cmegroup.com/daily_bulletin/current/Section54_Midcurve_Options_Contd.pdf,https://web.archive.org/web/20260326120553id_/https://www.cmegroup.com/daily_bulletin/current/Section54_Midcurve_Options_Contd.pdf,raw/midcurves/midcurve54_20260326120553.pdf,2026-09-27T00:40:01.275243+00:00,
