trade_date,call_status,put_status,matched_numeric_strikes,matched_expiries
2026-03-18,FINAL,MISSING,0,0
2026-03-23,PRELIMINARY,FINAL,0,0
2026-03-24,PRELIMINARY,FINAL,0,0
2026-03-25,PRELIMINARY,FINAL,0,0
2026-03-26,PRELIMINARY,FINAL,0,0
2026-03-27,PRELIMINARY,FINAL,0,0
2026-03-30,FINAL,FINAL,286,16
2026-03-31,FINAL,FINAL,286,16
2026-04-01,FINAL,FINAL,286,16
2026-04-02,FINAL,FINAL,287,16
2026-04-03,FINAL,FINAL,285,16
2026-04-06,FINAL,FINAL,277,16
2026-04-07,FINAL,FINAL,280,16
2026-04-08,FINAL,FINAL,272,16
2026-04-09,FINAL,FINAL,272,16
2026-04-10,FINAL,FINAL,268,15
2026-04-13,FINAL,FINAL,268,15
2026-04-14,FINAL,FINAL,266,15
2026-04-15,FINAL,FINAL,266,15
2026-04-16,FINAL,FINAL,269,15
2026-04-17,FINAL,FINAL,267,15
2026-04-21,FINAL,FINAL,263,15
2026-04-22,FINAL,FINAL,269,16
2026-04-23,FINAL,FINAL,272,16
2026-04-24,FINAL,FINAL,272,16
2026-04-27,FINAL,FINAL,274,16
2026-04-28,FINAL,FINAL,273,16
2026-04-29,FINAL,FINAL,275,16
2026-04-30,FINAL,FINAL,276,16
2026-05-01,MISSING,FINAL,0,0
2026-05-04,FINAL,MISSING,0,0
2026-05-05,FINAL,FINAL,269,16
2026-05-06,FINAL,FINAL,265,16
2026-05-07,MISSING,FINAL,0,0
2026-05-08,FINAL,FINAL,256,16
2026-05-11,FINAL,FINAL,253,16
2026-05-12,FINAL,MISSING,0,0
2026-05-13,FINAL,FINAL,258,16
2026-05-14,FINAL,MISSING,0,0
2026-05-15,MISSING,FINAL,0,0
2026-05-18,FINAL,MISSING,0,0
2026-05-19,FINAL,FINAL,265,15
2026-05-20,MISSING,FINAL,0,0
2026-05-21,FINAL,FINAL,261,15
2026-05-22,FINAL,FINAL,262,15
2026-05-26,FINAL,FINAL,261,15
2026-05-27,FINAL,FINAL,263,15
2026-05-28,FINAL,FINAL,258,15
2026-05-29,FINAL,FINAL,258,15
2026-06-01,FINAL,MISSING,0,0
2026-06-02,MISSING,FINAL,0,0
2026-06-03,FINAL,FINAL,259,15
2026-06-04,FINAL,MISSING,0,0
2026-06-05,MISSING,FINAL,0,0
2026-06-08,FINAL,MISSING,0,0
2026-06-09,FINAL,FINAL,259,15
2026-06-10,FINAL,FINAL,256,14
2026-06-12,FINAL,FINAL,263,15
2026-06-15,FINAL,MISSING,0,0
2026-06-16,FINAL,FINAL,268,15
2026-06-17,FINAL,MISSING,0,0
2026-06-18,FINAL,FINAL,256,15
2026-06-22,FINAL,FINAL,264,15
2026-06-23,MISSING,FINAL,0,0
2026-06-24,FINAL,FINAL,270,15
2026-06-25,FINAL,FINAL,268,15
2026-06-26,FINAL,MISSING,0,0
2026-06-29,FINAL,FINAL,271,15
2026-06-30,MISSING,FINAL,0,0
2026-07-01,FINAL,FINAL,267,15
2026-07-02,FINAL,FINAL,265,15
2026-07-06,MISSING,FINAL,0,0
2026-07-07,FINAL,FINAL,266,15
2026-07-08,FINAL,FINAL,273,15
2026-07-09,FINAL,FINAL,271,15
2026-07-10,MISSING,FINAL,0,0
2026-07-13,FINAL,FINAL,264,14
2026-07-14,FINAL,FINAL,260,14
2026-07-15,MISSING,FINAL,0,0
2026-07-16,FINAL,FINAL,261,14
2026-07-17,FINAL,FINAL,256,14
2026-07-20,FINAL,MISSING,0,0
2026-07-21,FINAL,FINAL,263,14
2026-07-22,FINAL,FINAL,268,14
2026-07-23,FINAL,FINAL,269,14
2026-07-24,FINAL,FINAL,268,14
2026-07-29,FINAL,FINAL,269,14
2026-07-30,FINAL,FINAL,263,14
2026-07-31,FINAL,FINAL,266,14
2026-08-03,FINAL,FINAL,273,14
2026-08-04,FINAL,MISSING,0,0
2026-08-05,MISSING,FINAL,0,0
2026-08-12,FINAL,FINAL,249,16
2026-08-13,FINAL,FINAL,246,15
2026-08-14,FINAL,FINAL,245,15
2026-08-17,FINAL,MISSING,0,0
2026-08-18,FINAL,FINAL,246,15
2026-08-20,FINAL,FINAL,244,15
2026-08-24,FINAL,FINAL,244,15
2026-08-25,FINAL,FINAL,244,15
2026-08-27,FINAL,FINAL,244,15
2026-08-28,FINAL,FINAL,245,15
2026-08-31,FINAL,MISSING,0,0
2026-09-01,FINAL,FINAL,241,15
2026-09-02,FINAL,FINAL,244,15
2026-09-03,FINAL,FINAL,242,15
2026-09-04,FINAL,FINAL,238,15
2026-09-08,FINAL,FINAL,238,15
2026-09-09,MISSING,FINAL,0,0
2026-09-10,MISSING,FINAL,0,0
2026-09-11,FINAL,FINAL,242,14
2026-09-14,FINAL,FINAL,252,14
2026-09-15,FINAL,MISSING,0,0
2026-09-16,MISSING,FINAL,0,0
2026-09-17,MISSING,FINAL,0,0
2026-09-18,MISSING,FINAL,0,0
2026-09-23,MISSING,FINAL,0,0
2026-09-24,FINAL,MISSING,0,0
