trade_date,rows,first_date,last_date,initial_discount_factor,max_zero_rate_identity_error,source_file
2026-03-30,18357,2026-03-30,2076-07-01,1.0,4.99972493961387e-11,raw/free_supplement/Eris_20260330_EOD_DiscountFactors_SOFR.csv
2026-03-31,18357,2026-03-31,2076-07-02,1.0,4.999436975516858e-11,raw/free_supplement/Eris_20260331_EOD_DiscountFactors_SOFR.csv
2026-04-01,18362,2026-04-01,2076-07-08,1.0,4.999677061245933e-11,raw/free_supplement/Eris_20260401_EOD_DiscountFactors_SOFR.csv
2026-04-02,18361,2026-04-02,2076-07-08,1.0,4.999684000139837e-11,raw/free_supplement/Eris_20260402_EOD_DiscountFactors_SOFR.csv
2026-04-03,18360,2026-04-03,2076-07-08,1.0,4.9999018814084195e-11,raw/free_supplement/Eris_20260403_EOD_DiscountFactors_SOFR.csv
2026-04-06,18357,2026-04-06,2076-07-08,1.0,4.999620162315921e-11,raw/free_supplement/Eris_20260406_EOD_DiscountFactors_SOFR.csv
2026-04-07,18357,2026-04-07,2076-07-09,1.0,4.999990005360999e-11,raw/free_supplement/Eris_20260407_EOD_DiscountFactors_SOFR.csv
2026-04-08,18357,2026-04-08,2076-07-10,1.0,4.999634040103729e-11,raw/free_supplement/Eris_20260408_EOD_DiscountFactors_SOFR.csv
2026-04-09,18361,2026-04-09,2076-07-15,1.0,4.999970576458068e-11,raw/free_supplement/Eris_20260409_EOD_DiscountFactors_SOFR.csv
2026-04-10,18360,2026-04-10,2076-07-15,1.0,4.9997936346635186e-11,raw/free_supplement/Eris_20260410_EOD_DiscountFactors_SOFR.csv
2026-04-13,18357,2026-04-13,2076-07-15,1.0,4.9997790629863204e-11,raw/free_supplement/Eris_20260413_EOD_DiscountFactors_SOFR.csv
2026-04-14,18357,2026-04-14,2076-07-16,1.0,4.99988453417366e-11,raw/free_supplement/Eris_20260414_EOD_DiscountFactors_SOFR.csv
2026-04-15,18360,2026-04-15,2076-07-20,1.0,4.9994064443836805e-11,raw/free_supplement/Eris_20260415_EOD_DiscountFactors_SOFR.csv
2026-04-16,18361,2026-04-16,2076-07-22,1.0,4.99968955125496e-11,raw/free_supplement/Eris_20260416_EOD_DiscountFactors_SOFR.csv
2026-04-17,18360,2026-04-17,2076-07-22,1.0,4.999477914990891e-11,raw/free_supplement/Eris_20260417_EOD_DiscountFactors_SOFR.csv
2026-04-21,18357,2026-04-21,2076-07-23,1.0,4.999296809859999e-11,raw/free_supplement/Eris_20260421_EOD_DiscountFactors_SOFR.csv
2026-04-22,18357,2026-04-22,2076-07-24,1.0,4.999698571817035e-11,raw/free_supplement/Eris_20260422_EOD_DiscountFactors_SOFR.csv
2026-04-23,18361,2026-04-23,2076-07-29,1.0,4.9999442086612333e-11,raw/free_supplement/Eris_20260423_EOD_DiscountFactors_SOFR.csv
2026-04-24,18360,2026-04-24,2076-07-29,1.0,4.999919228643179e-11,raw/free_supplement/Eris_20260424_EOD_DiscountFactors_SOFR.csv
2026-04-27,18357,2026-04-27,2076-07-29,1.0,4.999721470166918e-11,raw/free_supplement/Eris_20260427_EOD_DiscountFactors_SOFR.csv
2026-04-28,18357,2026-04-28,2076-07-30,1.0,4.9998963302932964e-11,raw/free_supplement/Eris_20260428_EOD_DiscountFactors_SOFR.csv
2026-04-29,18358,2026-04-29,2076-08-01,1.0,4.9991899508938786e-11,raw/free_supplement/Eris_20260429_EOD_DiscountFactors_SOFR.csv
2026-04-30,18362,2026-04-30,2076-08-06,1.0,4.9995944884084764e-11,raw/free_supplement/Eris_20260430_EOD_DiscountFactors_SOFR.csv
2026-05-05,18358,2026-05-05,2076-08-07,1.0,4.9996569384536116e-11,raw/free_supplement/Eris_20260505_EOD_DiscountFactors_SOFR.csv
2026-05-06,18358,2026-05-06,2076-08-08,1.0,4.999922004200741e-11,raw/free_supplement/Eris_20260506_EOD_DiscountFactors_SOFR.csv
2026-05-08,18361,2026-05-08,2076-08-13,1.0,4.9995146911285815e-11,raw/free_supplement/Eris_20260508_EOD_DiscountFactors_SOFR.csv
2026-05-11,18358,2026-05-11,2076-08-13,1.0,4.9996479178915365e-11,raw/free_supplement/Eris_20260511_EOD_DiscountFactors_SOFR.csv
2026-05-13,18358,2026-05-13,2076-08-15,1.0,4.999616692868969e-11,raw/free_supplement/Eris_20260513_EOD_DiscountFactors_SOFR.csv
2026-05-19,18358,2026-05-19,2076-08-21,1.0,4.999767266866684e-11,raw/free_supplement/Eris_20260519_EOD_DiscountFactors_SOFR.csv
2026-05-21,18363,2026-05-21,2076-08-28,1.0,4.9998609419343865e-11,raw/free_supplement/Eris_20260521_EOD_DiscountFactors_SOFR.csv
2026-05-22,18362,2026-05-22,2076-08-28,1.0,4.9999462903294045e-11,raw/free_supplement/Eris_20260522_EOD_DiscountFactors_SOFR.csv
2026-05-26,18358,2026-05-26,2076-08-28,1.0,4.999949065886966e-11,raw/free_supplement/Eris_20260526_EOD_DiscountFactors_SOFR.csv
2026-05-27,18358,2026-05-27,2076-08-29,1.0,4.998887415119668e-11,raw/free_supplement/Eris_20260527_EOD_DiscountFactors_SOFR.csv
2026-05-28,18362,2026-05-28,2076-09-03,1.0,4.9998963302932964e-11,raw/free_supplement/Eris_20260528_EOD_DiscountFactors_SOFR.csv
2026-05-29,18361,2026-05-29,2076-09-03,1.0,4.999738123512287e-11,raw/free_supplement/Eris_20260529_EOD_DiscountFactors_SOFR.csv
2026-06-03,18358,2026-06-03,2076-09-05,1.0,4.999595182297867e-11,raw/free_supplement/Eris_20260603_EOD_DiscountFactors_SOFR.csv
2026-06-09,18358,2026-06-09,2076-09-11,1.0,4.9999199225325697e-11,raw/free_supplement/Eris_20260609_EOD_DiscountFactors_SOFR.csv
2026-06-10,18358,2026-06-10,2076-09-12,1.0,4.9994633433136926e-11,raw/free_supplement/Eris_20260610_EOD_DiscountFactors_SOFR.csv
2026-06-12,18361,2026-06-12,2076-09-17,1.0,4.998706309988776e-11,raw/free_supplement/Eris_20260612_EOD_DiscountFactors_SOFR.csv
2026-06-16,18358,2026-06-16,2076-09-18,1.0,4.9998671869389e-11,raw/free_supplement/Eris_20260616_EOD_DiscountFactors_SOFR.csv
2026-06-18,18362,2026-06-18,2076-09-24,1.0,4.999863717491948e-11,raw/free_supplement/Eris_20260618_EOD_DiscountFactors_SOFR.csv
2026-06-22,18358,2026-06-22,2076-09-24,1.0,4.999854696929873e-11,raw/free_supplement/Eris_20260622_EOD_DiscountFactors_SOFR.csv
2026-06-24,18358,2026-06-24,2076-09-26,1.0,4.998992192417617e-11,raw/free_supplement/Eris_20260624_EOD_DiscountFactors_SOFR.csv
2026-06-25,18361,2026-06-25,2076-09-30,1.0,4.999976821462582e-11,raw/free_supplement/Eris_20260625_EOD_DiscountFactors_SOFR.csv
2026-06-29,18358,2026-06-29,2076-10-01,1.0,4.999527875026999e-11,raw/free_supplement/Eris_20260629_EOD_DiscountFactors_SOFR.csv
2026-07-01,18363,2026-07-01,2076-10-08,1.0,4.999906738634152e-11,raw/free_supplement/Eris_20260701_EOD_DiscountFactors_SOFR.csv
2026-07-02,18362,2026-07-02,2076-10-08,1.0,4.999586161735792e-11,raw/free_supplement/Eris_20260702_EOD_DiscountFactors_SOFR.csv
2026-07-07,18358,2026-07-07,2076-10-09,1.0,4.999484159995404e-11,raw/free_supplement/Eris_20260707_EOD_DiscountFactors_SOFR.csv
2026-07-08,18358,2026-07-08,2076-10-10,1.0,4.999975433683801e-11,raw/free_supplement/Eris_20260708_EOD_DiscountFactors_SOFR.csv
2026-07-09,18362,2026-07-09,2076-10-15,1.0,4.9995785289524974e-11,raw/free_supplement/Eris_20260709_EOD_DiscountFactors_SOFR.csv
2026-07-13,18358,2026-07-13,2076-10-15,1.0,4.999341912670374e-11,raw/free_supplement/Eris_20260713_EOD_DiscountFactors_SOFR.csv
2026-07-14,18358,2026-07-14,2076-10-16,1.0,4.999829716911819e-11,raw/free_supplement/Eris_20260714_EOD_DiscountFactors_SOFR.csv
2026-07-16,18362,2026-07-16,2076-10-22,1.0,4.999421709950269e-11,raw/free_supplement/Eris_20260716_EOD_DiscountFactors_SOFR.csv
2026-07-17,18361,2026-07-17,2076-10-22,1.0,4.999754776857657e-11,raw/free_supplement/Eris_20260717_EOD_DiscountFactors_SOFR.csv
2026-07-21,18358,2026-07-21,2076-10-23,1.0,4.9999976381442934e-11,raw/free_supplement/Eris_20260721_EOD_DiscountFactors_SOFR.csv
2026-07-22,18358,2026-07-22,2076-10-24,1.0,4.9999268614264736e-11,raw/free_supplement/Eris_20260722_EOD_DiscountFactors_SOFR.csv
2026-07-23,18362,2026-07-23,2076-10-29,1.0,4.999237135372425e-11,raw/free_supplement/Eris_20260723_EOD_DiscountFactors_SOFR.csv
2026-07-24,18361,2026-07-24,2076-10-29,1.0,4.999928943094645e-11,raw/free_supplement/Eris_20260724_EOD_DiscountFactors_SOFR.csv
2026-07-29,18358,2026-07-29,2076-10-31,1.0,4.999913677528056e-11,raw/free_supplement/Eris_20260729_EOD_DiscountFactors_SOFR.csv
2026-07-30,18362,2026-07-30,2076-11-05,1.0,4.999847758035969e-11,raw/free_supplement/Eris_20260730_EOD_DiscountFactors_SOFR.csv
2026-07-31,18361,2026-07-31,2076-11-05,1.0,4.999160113650092e-11,raw/free_supplement/Eris_20260731_EOD_DiscountFactors_SOFR.csv
2026-08-03,18358,2026-08-03,2076-11-05,1.0,4.999931024762816e-11,raw/free_supplement/Eris_20260803_EOD_DiscountFactors_SOFR.csv
2026-08-12,18358,2026-08-12,2076-11-14,1.0,4.999516078907362e-11,raw/free_supplement/Eris_20260812_EOD_DiscountFactors_SOFR.csv
2026-08-13,18362,2026-08-13,2076-11-19,1.0,4.999881758616098e-11,raw/free_supplement/Eris_20260813_EOD_DiscountFactors_SOFR.csv
2026-08-14,18361,2026-08-14,2076-11-19,1.0,4.9993426065597646e-11,raw/free_supplement/Eris_20260814_EOD_DiscountFactors_SOFR.csv
2026-08-18,18358,2026-08-18,2076-11-20,1.0,4.999968494789897e-11,raw/free_supplement/Eris_20260818_EOD_DiscountFactors_SOFR.csv
2026-08-20,18362,2026-08-20,2076-11-26,1.0,4.999858860266215e-11,raw/free_supplement/Eris_20260820_EOD_DiscountFactors_SOFR.csv
2026-08-24,18358,2026-08-24,2076-11-26,1.0,4.999270442063164e-11,raw/free_supplement/Eris_20260824_EOD_DiscountFactors_SOFR.csv
2026-08-25,18358,2026-08-25,2076-11-27,1.0,4.999812369677059e-11,raw/free_supplement/Eris_20260825_EOD_DiscountFactors_SOFR.csv
2026-08-27,18359,2026-08-27,2076-11-30,1.0,4.99993865754611e-11,raw/free_supplement/Eris_20260827_EOD_DiscountFactors_SOFR.csv
2026-08-28,18361,2026-08-28,2076-12-03,1.0,4.999872738054023e-11,raw/free_supplement/Eris_20260828_EOD_DiscountFactors_SOFR.csv
2026-09-01,18357,2026-09-01,2076-12-03,1.0,4.9997173068305756e-11,raw/free_supplement/Eris_20260901_EOD_DiscountFactors_SOFR.csv
2026-09-02,18357,2026-09-02,2076-12-04,1.0,4.999847758035969e-11,raw/free_supplement/Eris_20260902_EOD_DiscountFactors_SOFR.csv
2026-09-03,18361,2026-09-03,2076-12-09,1.0,4.999976127573191e-11,raw/free_supplement/Eris_20260903_EOD_DiscountFactors_SOFR.csv
2026-09-04,18360,2026-09-04,2076-12-09,1.0,4.9999601681172123e-11,raw/free_supplement/Eris_20260904_EOD_DiscountFactors_SOFR.csv
2026-09-08,18357,2026-09-08,2076-12-10,1.0,4.9999303308734255e-11,raw/free_supplement/Eris_20260908_EOD_DiscountFactors_SOFR.csv
2026-09-11,18360,2026-09-11,2076-12-16,1.0,4.999929636984035e-11,raw/free_supplement/Eris_20260911_EOD_DiscountFactors_SOFR.csv
2026-09-14,18357,2026-09-14,2076-12-16,1.0,4.999908126412933e-11,raw/free_supplement/Eris_20260914_EOD_DiscountFactors_SOFR.csv
2026-09-24,18361,2026-09-24,2076-12-30,1.0,4.9997617157515606e-11,raw/free_supplement/Eris_20260924_EOD_DiscountFactors_SOFR.csv
