meeting_date,scheduled_days_raw,archive_capture_utc,status,source_url
2026-01-28,27-28,2026-03-30T08:30:05Z,scheduled as of archive capture; future dates tentative,https://web.archive.org/web/20260330083005id_/https://www.federalreserve.gov/monetarypolicy/fomccalendars.htm
2026-03-18,17-18*,2026-03-30T08:30:05Z,scheduled as of archive capture; future dates tentative,https://web.archive.org/web/20260330083005id_/https://www.federalreserve.gov/monetarypolicy/fomccalendars.htm
2026-04-29,28-29,2026-03-30T08:30:05Z,scheduled as of archive capture; future dates tentative,https://web.archive.org/web/20260330083005id_/https://www.federalreserve.gov/monetarypolicy/fomccalendars.htm
2026-06-17,16-17*,2026-03-30T08:30:05Z,scheduled as of archive capture; future dates tentative,https://web.archive.org/web/20260330083005id_/https://www.federalreserve.gov/monetarypolicy/fomccalendars.htm
2026-07-29,28-29,2026-03-30T08:30:05Z,scheduled as of archive capture; future dates tentative,https://web.archive.org/web/20260330083005id_/https://www.federalreserve.gov/monetarypolicy/fomccalendars.htm
2026-09-16,15-16*,2026-03-30T08:30:05Z,scheduled as of archive capture; future dates tentative,https://web.archive.org/web/20260330083005id_/https://www.federalreserve.gov/monetarypolicy/fomccalendars.htm
2026-10-28,27-28,2026-03-30T08:30:05Z,scheduled as of archive capture; future dates tentative,https://web.archive.org/web/20260330083005id_/https://www.federalreserve.gov/monetarypolicy/fomccalendars.htm
2026-12-09,8-9*,2026-03-30T08:30:05Z,scheduled as of archive capture; future dates tentative,https://web.archive.org/web/20260330083005id_/https://www.federalreserve.gov/monetarypolicy/fomccalendars.htm
2027-01-27,26-27,2026-03-30T08:30:05Z,scheduled as of archive capture; future dates tentative,https://web.archive.org/web/20260330083005id_/https://www.federalreserve.gov/monetarypolicy/fomccalendars.htm
2027-03-17,16-17*,2026-03-30T08:30:05Z,scheduled as of archive capture; future dates tentative,https://web.archive.org/web/20260330083005id_/https://www.federalreserve.gov/monetarypolicy/fomccalendars.htm
2027-04-28,27-28,2026-03-30T08:30:05Z,scheduled as of archive capture; future dates tentative,https://web.archive.org/web/20260330083005id_/https://www.federalreserve.gov/monetarypolicy/fomccalendars.htm
2027-06-09,8-9*,2026-03-30T08:30:05Z,scheduled as of archive capture; future dates tentative,https://web.archive.org/web/20260330083005id_/https://www.federalreserve.gov/monetarypolicy/fomccalendars.htm
2027-07-28,27-28,2026-03-30T08:30:05Z,scheduled as of archive capture; future dates tentative,https://web.archive.org/web/20260330083005id_/https://www.federalreserve.gov/monetarypolicy/fomccalendars.htm
2027-09-15,14-15*,2026-03-30T08:30:05Z,scheduled as of archive capture; future dates tentative,https://web.archive.org/web/20260330083005id_/https://www.federalreserve.gov/monetarypolicy/fomccalendars.htm
2027-10-27,26-27,2026-03-30T08:30:05Z,scheduled as of archive capture; future dates tentative,https://web.archive.org/web/20260330083005id_/https://www.federalreserve.gov/monetarypolicy/fomccalendars.htm
2027-12-08,7-8*,2026-03-30T08:30:05Z,scheduled as of archive capture; future dates tentative,https://web.archive.org/web/20260330083005id_/https://www.federalreserve.gov/monetarypolicy/fomccalendars.htm
