decision_date,schedule_retrieved,schedule_vintage_note,source_url
2026-01-28,2026-09-26,"As retrieved, not a point-in-time historical schedule; future dates tentative",https://www.federalreserve.gov/monetarypolicy/fomccalendars.htm
2026-03-18,2026-09-26,"As retrieved, not a point-in-time historical schedule; future dates tentative",https://www.federalreserve.gov/monetarypolicy/fomccalendars.htm
2026-04-29,2026-09-26,"As retrieved, not a point-in-time historical schedule; future dates tentative",https://www.federalreserve.gov/monetarypolicy/fomccalendars.htm
2026-06-17,2026-09-26,"As retrieved, not a point-in-time historical schedule; future dates tentative",https://www.federalreserve.gov/monetarypolicy/fomccalendars.htm
2026-07-29,2026-09-26,"As retrieved, not a point-in-time historical schedule; future dates tentative",https://www.federalreserve.gov/monetarypolicy/fomccalendars.htm
2026-09-16,2026-09-26,"As retrieved, not a point-in-time historical schedule; future dates tentative",https://www.federalreserve.gov/monetarypolicy/fomccalendars.htm
2026-10-28,2026-09-26,"As retrieved, not a point-in-time historical schedule; future dates tentative",https://www.federalreserve.gov/monetarypolicy/fomccalendars.htm
2026-12-09,2026-09-26,"As retrieved, not a point-in-time historical schedule; future dates tentative",https://www.federalreserve.gov/monetarypolicy/fomccalendars.htm
2027-01-27,2026-09-26,"As retrieved, not a point-in-time historical schedule; future dates tentative",https://www.federalreserve.gov/monetarypolicy/fomccalendars.htm
2027-03-17,2026-09-26,"As retrieved, not a point-in-time historical schedule; future dates tentative",https://www.federalreserve.gov/monetarypolicy/fomccalendars.htm
2027-04-28,2026-09-26,"As retrieved, not a point-in-time historical schedule; future dates tentative",https://www.federalreserve.gov/monetarypolicy/fomccalendars.htm
2027-06-09,2026-09-26,"As retrieved, not a point-in-time historical schedule; future dates tentative",https://www.federalreserve.gov/monetarypolicy/fomccalendars.htm
2027-07-28,2026-09-26,"As retrieved, not a point-in-time historical schedule; future dates tentative",https://www.federalreserve.gov/monetarypolicy/fomccalendars.htm
2027-09-15,2026-09-26,"As retrieved, not a point-in-time historical schedule; future dates tentative",https://www.federalreserve.gov/monetarypolicy/fomccalendars.htm
2027-10-27,2026-09-26,"As retrieved, not a point-in-time historical schedule; future dates tentative",https://www.federalreserve.gov/monetarypolicy/fomccalendars.htm
2027-12-08,2026-09-26,"As retrieved, not a point-in-time historical schedule; future dates tentative",https://www.federalreserve.gov/monetarypolicy/fomccalendars.htm
2028-01-26,2026-09-26,"As retrieved, not a point-in-time historical schedule; future dates tentative",https://www.federalreserve.gov/monetarypolicy/fomccalendars.htm
