trade_date,publication_status,bulletin_number,pages,bytes,sha256,kind,file,capture_timestamp,source_url
2026-07-22,FINAL,139,4,117756,633246457f5ecefd5fa258f0f064945651d96d1f33e8f3278daa46a489c0cf07,midcurve54,raw/midcurves/midcurve54_20260723221638.pdf,20260723221638,https://web.archive.org/web/20260723221638id_/https://www.cmegroup.com/daily_bulletin/current/Section54_Midcurve_Options_Contd.pdf
2026-09-10,FINAL,174,4,117932,f1da5a04e2fc0c9e4deef6ae90e198b4fa0350428cf17fa0e53aac57f9a9bef1,midcurve54,raw/midcurves/midcurve54_20260911231441.pdf,20260911231441,https://web.archive.org/web/20260911231441id_/https://www.cmegroup.com/daily_bulletin/current/Section54_Midcurve_Options_Contd.pdf
2026-04-09,FINAL,67,5,129148,33b1f1053ead0c0c6d57c73b0b2a0cf08e701a34a8f3d0718ac5a48098feedb6,midcurve54,raw/midcurves/midcurve54_20260410215107.pdf,20260410215107,https://web.archive.org/web/20260410215107id_/https://www.cmegroup.com/daily_bulletin/current/Section54_Midcurve_Options_Contd.pdf
2026-04-30,FINAL,82,5,126213,318c0d257e80d50a4de11a9717efaea55643bdaecddcdc950439e12aa4fbc64f,midcurve54,raw/midcurves/midcurve54_20260501220903.pdf,20260501220903,https://web.archive.org/web/20260501220903id_/https://www.cmegroup.com/daily_bulletin/current/Section54_Midcurve_Options_Contd.pdf
2026-04-03,FINAL,63,5,127332,8491dc329019ad5490e53c21683e66e27a44ca4056db03ed7e01de996b4f041c,midcurve54,raw/midcurves/midcurve54_20260406214931.pdf,20260406214931,https://web.archive.org/web/20260406214931id_/https://www.cmegroup.com/daily_bulletin/current/Section54_Midcurve_Options_Contd.pdf
2026-04-14,FINAL,70,4,120270,1eb4225fe6af8943f0275fbdd443f36e195a36c65da4b3c45173fe682d9f7f8b,midcurve54,raw/midcurves/midcurve54_20260415220415.pdf,20260415220415,https://web.archive.org/web/20260415220415id_/https://www.cmegroup.com/daily_bulletin/current/Section54_Midcurve_Options_Contd.pdf
2026-05-29,FINAL,102,5,131560,7eabbfa0b5af5c4332554bf2d9362e53bf846014be6a19f95fdddc027d110c9d,midcurve54,raw/midcurves/midcurve54_20260601231511.pdf,20260601231511,https://web.archive.org/web/20260601231511id_/https://www.cmegroup.com/daily_bulletin/current/Section54_Midcurve_Options_Contd.pdf
2026-07-15,FINAL,134,4,117008,be99aba4c1a3b6156f79cb320f80dde403918f79fec760e72f528fcebdd36fcd,midcurve54,raw/midcurves/midcurve54_20260716221943.pdf,20260716221943,https://web.archive.org/web/20260716221943id_/https://www.cmegroup.com/daily_bulletin/current/Section54_Midcurve_Options_Contd.pdf
2026-06-05,FINAL,107,5,132481,19dd1217d6bd38b957ce180266289be9b71d03a580f62be4d5d8f0e343ac6ddf,midcurve54,raw/midcurves/midcurve54_20260608224359.pdf,20260608224359,https://web.archive.org/web/20260608224359id_/https://www.cmegroup.com/daily_bulletin/current/Section54_Midcurve_Options_Contd.pdf
2026-05-20,FINAL,96,5,128769,d3427dba77a6d628ad66697c2fee7f22fd01a3509e4c455f5dab190509a4a4b6,midcurve54,raw/midcurves/midcurve54_20260521223258.pdf,20260521223258,https://web.archive.org/web/20260521223258id_/https://www.cmegroup.com/daily_bulletin/current/Section54_Midcurve_Options_Contd.pdf
2026-07-02,PRELIMINARY,126,5,126994,a0d9743c189d77b31fb7f13eddb364cefdb2f497231e04483be2956a31567d34,midcurve54,raw/midcurves/midcurve54_20260703222218.pdf,20260703222218,https://web.archive.org/web/20260703222218id_/https://www.cmegroup.com/daily_bulletin/current/Section54_Midcurve_Options_Contd.pdf
2026-04-15,FINAL,71,4,120648,8371f722f5bdb7fd1957627de88a19939da8fe4ba72bb6edf9efe7e490e12bf3,midcurve54,raw/midcurves/midcurve54_20260416215507.pdf,20260416215507,https://web.archive.org/web/20260416215507id_/https://www.cmegroup.com/daily_bulletin/current/Section54_Midcurve_Options_Contd.pdf
2026-05-22,FINAL,98,5,129681,85bfacac4087edacc594afcbd353854b3555f2e7584e8e6d6ca864d868422900,midcurve54,raw/midcurves/midcurve54_20260526224631.pdf,20260526224631,https://web.archive.org/web/20260526224631id_/https://www.cmegroup.com/daily_bulletin/current/Section54_Midcurve_Options_Contd.pdf
2026-09-02,FINAL,169,4,120548,a3a14c23ea589b04063757319bcd1971997b985913368a46f652e4cd2eb720e1,midcurve53,raw/midcurves/midcurve53_20260903231613.pdf,20260903231546,https://web.archive.org/web/20260903231546id_/https://www.cmegroup.com/daily_bulletin/current/Section53_Midcurve_Options.pdf
2026-05-01,FINAL,83,5,127191,1058d261c4782a73945c587adc12473a08e81c64e5dcd6441a18846db85eeef3,midcurve54,raw/midcurves/midcurve54_20260504221542.pdf,20260504221542,https://web.archive.org/web/20260504221542id_/https://www.cmegroup.com/daily_bulletin/current/Section54_Midcurve_Options_Contd.pdf
2026-07-16,FINAL,135,4,116941,a01fabc32311a177197a65a51dd182397f6009eada3fe380e4f534048e575e6a,midcurve54,raw/midcurves/midcurve54_20260717221512.pdf,20260717221512,https://web.archive.org/web/20260717221512id_/https://www.cmegroup.com/daily_bulletin/current/Section54_Midcurve_Options_Contd.pdf
2026-09-09,FINAL,173,4,116018,6bc2f1b62f9329c544da5165a2c5892bbf85d2bdcd15cc5923433d4e2c3a423f,midcurve54,raw/midcurves/midcurve54_20260910231742.pdf,20260910231742,https://web.archive.org/web/20260910231742id_/https://www.cmegroup.com/daily_bulletin/current/Section54_Midcurve_Options_Contd.pdf
2026-04-24,FINAL,78,5,124603,32d007d66caed0ca9c8d37cdfb5fc7e6e08633e0b9decc2a1c503d12034b2505,midcurve54,raw/midcurves/midcurve54_20260427220729.pdf,20260427220729,https://web.archive.org/web/20260427220729id_/https://www.cmegroup.com/daily_bulletin/current/Section54_Midcurve_Options_Contd.pdf
2026-04-10,FINAL,68,5,129855,fb20c980fb0e7c862731a5cb30bdf13dc859f590763bbc2a300612afba1fb9f9,midcurve54,raw/midcurves/midcurve54_20260413220005.pdf,20260413220005,https://web.archive.org/web/20260413220005id_/https://www.cmegroup.com/daily_bulletin/current/Section54_Midcurve_Options_Contd.pdf
2026-05-08,FINAL,88,5,128082,9642829ff6e6fabed6a5de239eb3427d04eb3ed77294520f03a0f6073acdd395,midcurve54,raw/midcurves/midcurve54_20260511222039.pdf,20260511222039,https://web.archive.org/web/20260511222039id_/https://www.cmegroup.com/daily_bulletin/current/Section54_Midcurve_Options_Contd.pdf
2026-07-22,FINAL,139,4,121254,712cdb2b65b07af9583b00c4be82b8b523c0ef576fa40b9cbc6ff850afee2b23,midcurve53,raw/midcurves/midcurve53_20260722222314.pdf,20260723221623,https://web.archive.org/web/20260723221623id_/https://www.cmegroup.com/daily_bulletin/current/Section53_Midcurve_Options.pdf
2026-06-15,FINAL,113,5,127634,1b661dc08bdd8fd77340923cef149cd80b7140b39ab9c2257e0eec8f57ba092b,midcurve54,raw/midcurves/midcurve54_20260616230628.pdf,20260616230628,https://web.archive.org/web/20260616230628id_/https://www.cmegroup.com/daily_bulletin/current/Section54_Midcurve_Options_Contd.pdf
2026-05-27,FINAL,100,5,130594,e7f49c43b2b30ff38693d739163acd4bc6b5a78eaee844214bd1945dc6cc5914,midcurve54,raw/midcurves/midcurve54_20260528225521.pdf,20260528225521,https://web.archive.org/web/20260528225521id_/https://www.cmegroup.com/daily_bulletin/current/Section54_Midcurve_Options_Contd.pdf
2026-09-11,FINAL,175,5,128405,b041768abd8269f860a229bbba168ddb7c9ea61d3e14c6d149ad3d659c949f86,midcurve53,raw/midcurves/midcurve53_20260914235915.pdf,20260914235852,https://web.archive.org/web/20260914235852id_/https://www.cmegroup.com/daily_bulletin/current/Section53_Midcurve_Options.pdf
2026-03-26,PRELIMINARY,58,5,125847,94834de00f2f76f5f3bb708e890ba7eb5f31890b28ddd685dedd742851af832b,midcurve54,raw/midcurves/midcurve54_20260327115652.pdf,20260327115652,https://web.archive.org/web/20260327115652id_/https://www.cmegroup.com/daily_bulletin/current/Section54_Midcurve_Options_Contd.pdf
2026-08-14,FINAL,156,4,120628,5be447a5603564f6adbd2eb86e65c589d5e9b34ef11508c6ae9551c0c85a360f,midcurve54,raw/midcurves/midcurve54_20260817214334.pdf,20260817214334,https://web.archive.org/web/20260817214334id_/https://www.cmegroup.com/daily_bulletin/current/Section54_Midcurve_Options_Contd.pdf
2026-06-23,FINAL,119,5,123855,99e976f7c66630ac0ab734114549769cc10227b7bf5ae388d3102effba1223ed,midcurve54,raw/midcurves/midcurve54_20260624222843.pdf,20260624222843,https://web.archive.org/web/20260624222843id_/https://www.cmegroup.com/daily_bulletin/current/Section54_Midcurve_Options_Contd.pdf
2026-08-26,FINAL,164,4,113288,7a4f438fb51f99cfa782c8537393791544a42f2fe5427d773dc6f6d5b6523d66,midcurve54,raw/midcurves/midcurve54_20260828050543.pdf,20260828050543,https://web.archive.org/web/20260828050543id_/https://www.cmegroup.com/daily_bulletin/current/Section54_Midcurve_Options_Contd.pdf
2026-07-07,FINAL,128,5,126001,897d4102bd93b8a71166cfce32b058a83c901ffbcef20e4fb2843877ac2e5365,midcurve54,raw/midcurves/midcurve54_20260708222152.pdf,20260708222152,https://web.archive.org/web/20260708222152id_/https://www.cmegroup.com/daily_bulletin/current/Section54_Midcurve_Options_Contd.pdf
2026-05-07,FINAL,87,5,127863,14352855cab6bcf3a91f5714423f94de68222cb79b2361070d687e5e49b7d553,midcurve54,raw/midcurves/midcurve54_20260508221240.pdf,20260508221240,https://web.archive.org/web/20260508221240id_/https://www.cmegroup.com/daily_bulletin/current/Section54_Midcurve_Options_Contd.pdf
2026-05-04,FINAL,84,5,128382,0e4258ab34cf5567b5228fc2bdd940823daa6cc7a7f10f40ddf9a0cce8a9599f,midcurve54,raw/midcurves/midcurve54_20260505221727.pdf,20260505221727,https://web.archive.org/web/20260505221727id_/https://www.cmegroup.com/daily_bulletin/current/Section54_Midcurve_Options_Contd.pdf
2026-09-24,FINAL,184,5,128898,49cebab007215830a3453e1ffb2cf53c927a170c54d0b9aef84d83ca562a37d8,midcurve53,raw/midcurves/midcurve53_20260926000541.pdf,20260926000523,https://web.archive.org/web/20260926000523id_/https://www.cmegroup.com/daily_bulletin/current/Section53_Midcurve_Options.pdf
2026-07-24,FINAL,141,4,122749,3b4ffdb4d756f7f06f44c99f55f3bd716dee4b416e38e9c95eba08c62497ae02,midcurve53,raw/midcurves/midcurve53_20260727222456.pdf,20260727222440,https://web.archive.org/web/20260727222440id_/https://www.cmegroup.com/daily_bulletin/current/Section53_Midcurve_Options.pdf
2026-06-30,FINAL,124,5,125136,43e499a2967240c78aae2c20220a859b8400322048c461f4a302e625f1edbfc6,midcurve54,raw/midcurves/midcurve54_20260701223143.pdf,20260701223143,https://web.archive.org/web/20260701223143id_/https://www.cmegroup.com/daily_bulletin/current/Section54_Midcurve_Options_Contd.pdf
2026-08-25,FINAL,163,4,113193,5b95ddf15d17b8903a066150871f5e7a8b5a33ad85a6e356f94801ecc109984e,midcurve54,raw/midcurves/midcurve54_20260827020756.pdf,20260827020756,https://web.archive.org/web/20260827020756id_/https://www.cmegroup.com/daily_bulletin/current/Section54_Midcurve_Options_Contd.pdf
2026-04-29,FINAL,81,5,125835,91709ae3af5f3e3e58773c5e3cbe4ba74b5d82baee882efb0c5b57d29ee2dcba,midcurve54,raw/midcurves/midcurve54_20260430220938.pdf,20260430220938,https://web.archive.org/web/20260430220938id_/https://www.cmegroup.com/daily_bulletin/current/Section54_Midcurve_Options_Contd.pdf
2026-07-10,FINAL,131,5,126754,6560beabe8358b5f14d3511589ebfd1bd3394610c8933b8a8c46fdda25807a57,midcurve54,raw/midcurves/midcurve54_20260713221342.pdf,20260713221342,https://web.archive.org/web/20260713221342id_/https://www.cmegroup.com/daily_bulletin/current/Section54_Midcurve_Options_Contd.pdf
2026-06-25,FINAL,121,5,124770,efd475581403f60c2982c3402b8ee0407a61b8ba8febd792dc9366dc67308c8c,midcurve54,raw/midcurves/midcurve54_20260626223248.pdf,20260626223248,https://web.archive.org/web/20260626223248id_/https://www.cmegroup.com/daily_bulletin/current/Section54_Midcurve_Options_Contd.pdf
2026-09-08,FINAL,172,4,115719,9fae3cfba2b0f6dae4c4347cdb5b359bac723863df74d2e0d1ef5878d620a7d0,midcurve54,raw/midcurves/midcurve54_20260909231747.pdf,20260909231747,https://web.archive.org/web/20260909231747id_/https://www.cmegroup.com/daily_bulletin/current/Section54_Midcurve_Options_Contd.pdf
2026-09-04,PRELIMINARY,171,4,122677,c5a0f98ab6b2bf48c8309c0bb4666a4eb1454f4aa44a4182e9a01daae3b63c0a,midcurve53,raw/midcurves/midcurve53_20260907233457.pdf,20260907233428,https://web.archive.org/web/20260907233428id_/https://www.cmegroup.com/daily_bulletin/current/Section53_Midcurve_Options.pdf
2026-08-04,FINAL,148,4,123760,f56d8d4fa1c34a10694abcd062fb90d2104d50636799c2ad8969f4898f742dbd,midcurve53,raw/midcurves/midcurve53_20260804222312.pdf,20260805222412,https://web.archive.org/web/20260805222412id_/https://www.cmegroup.com/daily_bulletin/current/Section53_Midcurve_Options.pdf
2026-07-23,FINAL,140,4,122114,b9e4ae5aafe4aa0547c0a54c41ef0ce872fec2c87d1d3db757074f4a0b6201bb,midcurve53,raw/midcurves/midcurve53_20260724222612.pdf,20260724222545,https://web.archive.org/web/20260724222545id_/https://www.cmegroup.com/daily_bulletin/current/Section53_Midcurve_Options.pdf
2026-06-01,FINAL,103,5,131151,04c4f01b82825148fa21207c8d38a29e0868e7cd96febb359ba662080d45b5fd,midcurve54,raw/midcurves/midcurve54_20260602231427.pdf,20260602231427,https://web.archive.org/web/20260602231427id_/https://www.cmegroup.com/daily_bulletin/current/Section54_Midcurve_Options_Contd.pdf
2026-08-18,FINAL,158,4,113335,44f05a694b1503fdcbb026395a602cf726228c1c1dfaae6557c1203be6aa7887,midcurve54,raw/midcurves/midcurve54_20260819213811.pdf,20260819213811,https://web.archive.org/web/20260819213811id_/https://www.cmegroup.com/daily_bulletin/current/Section54_Midcurve_Options_Contd.pdf
2026-09-16,FINAL,178,4,119601,5b52ae9dc8143cd5c8af7b1b61e2c368189452c3dab5dc878685d472d89a9cf6,midcurve53,raw/midcurves/midcurve53_20260917000601.pdf,20260917234334,https://web.archive.org/web/20260917234334id_/https://www.cmegroup.com/daily_bulletin/current/Section53_Midcurve_Options.pdf
2026-06-24,FINAL,120,5,124829,5c2e78df5bf81da40bdc643461a81c71fda7666eef5defce35a8ddce815ab9bb,midcurve54,raw/midcurves/midcurve54_20260625223620.pdf,20260625223620,https://web.archive.org/web/20260625223620id_/https://www.cmegroup.com/daily_bulletin/current/Section54_Midcurve_Options_Contd.pdf
2026-09-17,FINAL,179,4,120724,992390b55b65433b5666fdd0117e74bc4a22eb2ee6862f918a0cf00d1f07f999,midcurve53,raw/midcurves/midcurve53_20260918232113.pdf,20260918232046,https://web.archive.org/web/20260918232046id_/https://www.cmegroup.com/daily_bulletin/current/Section53_Midcurve_Options.pdf
2026-08-04,FINAL,148,4,118344,fe2830173298a39cd1a3f364494775d8fa5881ebb84d77d5aa0adb21408564cc,midcurve54,raw/midcurves/midcurve54_20260805222427.pdf,20260805222427,https://web.archive.org/web/20260805222427id_/https://www.cmegroup.com/daily_bulletin/current/Section54_Midcurve_Options_Contd.pdf
2026-07-29,FINAL,144,4,118865,7fe4bf9d799e20ccce9d0bc0299d79dcbdb54b5b0f752f021f9639d52a2a142a,midcurve54,raw/midcurves/midcurve54_20260730223215.pdf,20260730223215,https://web.archive.org/web/20260730223215id_/https://www.cmegroup.com/daily_bulletin/current/Section54_Midcurve_Options_Contd.pdf
2026-04-16,FINAL,72,5,124112,f36caf2e5ee6269bbfe09827aa688a1851e7f904f5a7bb4af689ae05fec63284,midcurve54,raw/midcurves/midcurve54_20260417215328.pdf,20260417215328,https://web.archive.org/web/20260417215328id_/https://www.cmegroup.com/daily_bulletin/current/Section54_Midcurve_Options_Contd.pdf
2026-08-27,PRELIMINARY,165,4,114858,713b866395d35230d12a68e13b509ad6606e2416992741133e0f16bb704c4658,midcurve54,raw/midcurves/midcurve54_20260828072753.pdf,20260828072753,https://web.archive.org/web/20260828072753id_/https://www.cmegroup.com/daily_bulletin/current/Section54_Midcurve_Options_Contd.pdf
2026-08-27,FINAL,165,4,118635,9f0b9b79d118133ff941b61abe6d546c3ff2a5a59525e6449eda1df670749140,midcurve53,raw/midcurves/midcurve53_20260829031926.pdf,20260829031910,https://web.archive.org/web/20260829031910id_/https://www.cmegroup.com/daily_bulletin/current/Section53_Midcurve_Options.pdf
2026-09-23,FINAL,183,5,126952,3ea2f0fda8869028eed32c7d4945bedc9b3c637f3aac9c37d2fddf0b1d3d77e4,midcurve53,raw/midcurves/midcurve53_20260925000713.pdf,20260925000640,https://web.archive.org/web/20260925000640id_/https://www.cmegroup.com/daily_bulletin/current/Section53_Midcurve_Options.pdf
2026-03-27,PRELIMINARY,59,5,126227,f21cee7dbb1a59f9f84620acf9ca0eb779b398239c2e31b69b00bcaf5a16c0f8,midcurve54,raw/midcurves/midcurve54_20260330121007.pdf,20260330121007,https://web.archive.org/web/20260330121007id_/https://www.cmegroup.com/daily_bulletin/current/Section54_Midcurve_Options_Contd.pdf
2026-05-06,FINAL,86,5,127764,369382988448314a1412306c4af8d3732e4913053da58c5f8125712b6d301ebc,midcurve54,raw/midcurves/midcurve54_20260507221302.pdf,20260507221302,https://web.archive.org/web/20260507221302id_/https://www.cmegroup.com/daily_bulletin/current/Section54_Midcurve_Options_Contd.pdf
2026-04-07,FINAL,65,5,128452,a068d070fea3f6a6f0f4b50346ae602c0ec7d370e7ecfe119aa0e8872ac12eaf,midcurve54,raw/midcurves/midcurve54_20260408215314.pdf,20260408215314,https://web.archive.org/web/20260408215314id_/https://www.cmegroup.com/daily_bulletin/current/Section54_Midcurve_Options_Contd.pdf
2026-08-17,FINAL,157,4,117376,8008b97ce60feb87f9463d4dda926dd8a5db2d8b25a95948c78159ca9fd5a918,midcurve54,raw/midcurves/midcurve54_20260818213726.pdf,20260818213726,https://web.archive.org/web/20260818213726id_/https://www.cmegroup.com/daily_bulletin/current/Section54_Midcurve_Options_Contd.pdf
2026-07-14,FINAL,133,4,116201,1d9d669241e121aa5db19a1ed723118d49b19fadedbce82e24e1326ae4f515a1,midcurve54,raw/midcurves/midcurve54_20260715222228.pdf,20260715222228,https://web.archive.org/web/20260715222228id_/https://www.cmegroup.com/daily_bulletin/current/Section54_Midcurve_Options_Contd.pdf
2026-08-13,FINAL,155,4,120159,5d0706e52f7aafb29f0edd0db2a9bb883abd8da164d7740e302572028a4d9b69,midcurve54,raw/midcurves/midcurve54_20260814213949.pdf,20260814213949,https://web.archive.org/web/20260814213949id_/https://www.cmegroup.com/daily_bulletin/current/Section54_Midcurve_Options_Contd.pdf
2026-04-01,FINAL,62,5,127060,9b9ec1beef52c2ed75e06f3e700b42ba1dbc538a07df25f44407ca1e48812f21,midcurve54,raw/midcurves/midcurve54_20260402215010.pdf,20260402215010,https://web.archive.org/web/20260402215010id_/https://www.cmegroup.com/daily_bulletin/current/Section54_Midcurve_Options_Contd.pdf
2026-05-19,FINAL,95,5,128419,b67d7daeb79f012e89cc4ccdb4a6452ef8566b3e13052656721e0fa7d657ba79,midcurve54,raw/midcurves/midcurve54_20260520223841.pdf,20260520223841,https://web.archive.org/web/20260520223841id_/https://www.cmegroup.com/daily_bulletin/current/Section54_Midcurve_Options_Contd.pdf
2026-07-01,FINAL,125,5,126058,02a2f64b0ad974cf2bf519faef86d00f38ab04344aff7ce3214ad0b1480128f6,midcurve54,raw/midcurves/midcurve54_20260702222626.pdf,20260702222626,https://web.archive.org/web/20260702222626id_/https://www.cmegroup.com/daily_bulletin/current/Section54_Midcurve_Options_Contd.pdf
2026-09-04,FINAL,171,4,115654,a754019ddbb1345f745f793760cbf69edda3f739d5004f5922d8359f7c3f68e1,midcurve54,raw/midcurves/midcurve54_20260908233435.pdf,20260908233435,https://web.archive.org/web/20260908233435id_/https://www.cmegroup.com/daily_bulletin/current/Section54_Midcurve_Options_Contd.pdf
2026-09-01,FINAL,168,4,115011,1e09fcfd67b3ee22e44ad815043a677b6215c7adeab00f263e4ff3b40cdeca1b,midcurve54,raw/midcurves/midcurve54_20260902231523.pdf,20260902231523,https://web.archive.org/web/20260902231523id_/https://www.cmegroup.com/daily_bulletin/current/Section54_Midcurve_Options_Contd.pdf
2026-08-05,FINAL,149,4,123611,a581bd33e537de8e6552f1f025d624d8261691a05275f8c6c5f3b8f64ae34a93,midcurve53,raw/midcurves/midcurve53_20260807011642.pdf,20260807011627,https://web.archive.org/web/20260807011627id_/https://www.cmegroup.com/daily_bulletin/current/Section53_Midcurve_Options.pdf
2026-05-14,FINAL,92,5,130366,18bdfd047224f4e6d937418257c686b0c866bf313951d0ae7fb2605e7e88ac08,midcurve54,raw/midcurves/midcurve54_20260515221528.pdf,20260515221528,https://web.archive.org/web/20260515221528id_/https://www.cmegroup.com/daily_bulletin/current/Section54_Midcurve_Options_Contd.pdf
2026-07-06,FINAL,127,5,125992,63fcbb577fd2ace7474f076671bfec27e2dfa64767695dbe8d95a8fae20d5837,midcurve54,raw/midcurves/midcurve54_20260707223046.pdf,20260707223046,https://web.archive.org/web/20260707223046id_/https://www.cmegroup.com/daily_bulletin/current/Section54_Midcurve_Options_Contd.pdf
2026-07-30,FINAL,145,4,122886,ed96798d6b4200413f5f3602305a1bc5d7a6d9319ed9cef1b3ea58d8a297b065,midcurve53,raw/midcurves/midcurve53_20260731223621.pdf,20260731223536,https://web.archive.org/web/20260731223536id_/https://www.cmegroup.com/daily_bulletin/current/Section53_Midcurve_Options.pdf
2026-09-03,FINAL,170,4,115438,14c038705713a38e43b8ca52560b1a46ea1d82523dfab606c3402395d70b87da,midcurve54,raw/midcurves/midcurve54_20260904230411.pdf,20260904230411,https://web.archive.org/web/20260904230411id_/https://www.cmegroup.com/daily_bulletin/current/Section54_Midcurve_Options_Contd.pdf
2026-04-06,FINAL,64,5,127957,c081123c996266184a42b9b8ac9e6f48f9ab5fc4c64e2ff4f6b8d93e3ab9ee59,midcurve54,raw/midcurves/midcurve54_20260407215418.pdf,20260407215418,https://web.archive.org/web/20260407215418id_/https://www.cmegroup.com/daily_bulletin/current/Section54_Midcurve_Options_Contd.pdf
2026-05-12,FINAL,90,5,128966,5b52071ae5b6ed899bb895dd934545d680a89784fad0c1682b62775b79521f3a,midcurve54,raw/midcurves/midcurve54_20260513222228.pdf,20260513222228,https://web.archive.org/web/20260513222228id_/https://www.cmegroup.com/daily_bulletin/current/Section54_Midcurve_Options_Contd.pdf
2026-03-25,PRELIMINARY,57,5,124608,8607a8771d950009cdc33069a031821b8dd4272002e8baa170ae43a50eaee852,midcurve54,raw/midcurves/midcurve54_20260326120553.pdf,20260326120553,https://web.archive.org/web/20260326120553id_/https://www.cmegroup.com/daily_bulletin/current/Section54_Midcurve_Options_Contd.pdf
2026-09-09,FINAL,173,4,122602,14c3f72dd1da5f24248933d05a8f502bc55e1b016f1e7b36785480782015e878,midcurve53,raw/midcurves/midcurve53_20260910231742.pdf,20260910231726,https://web.archive.org/web/20260910231726id_/https://www.cmegroup.com/daily_bulletin/current/Section53_Midcurve_Options.pdf
2026-05-13,FINAL,91,5,129803,f0ef326d4869b06035f67487c44ca773eeafa47002ff9bbce03970dcabc5e940,midcurve54,raw/midcurves/midcurve54_20260514222339.pdf,20260514222339,https://web.archive.org/web/20260514222339id_/https://www.cmegroup.com/daily_bulletin/current/Section54_Midcurve_Options_Contd.pdf
2026-05-18,FINAL,94,5,131719,827bfe354140ccca7c8612017e6bc08a28015eb7f67fec9567e122af9c3e790d,midcurve54,raw/midcurves/midcurve54_20260519223226.pdf,20260519223226,https://web.archive.org/web/20260519223226id_/https://www.cmegroup.com/daily_bulletin/current/Section54_Midcurve_Options_Contd.pdf
2026-09-02,FINAL,169,4,115252,ecfdcba783ff0c47eb4c63c326f2342fc3a4b82ff64d21bb30559d47afedf0cc,midcurve54,raw/midcurves/midcurve54_20260903231613.pdf,20260903231613,https://web.archive.org/web/20260903231613id_/https://www.cmegroup.com/daily_bulletin/current/Section54_Midcurve_Options_Contd.pdf
2026-06-02,FINAL,104,5,130712,042a90987f65926e3cbec988e1f7c0716e928d8717493e3f84333a7598c30a91,midcurve54,raw/midcurves/midcurve54_20260603231841.pdf,20260603231841,https://web.archive.org/web/20260603231841id_/https://www.cmegroup.com/daily_bulletin/current/Section54_Midcurve_Options_Contd.pdf
2026-07-20,FINAL,137,4,116823,341256de6340b736ca8866a16584f954be8a2f8bb65580cb04c7897ca463ec8f,midcurve54,raw/midcurves/midcurve54_20260721222130.pdf,20260721222130,https://web.archive.org/web/20260721222130id_/https://www.cmegroup.com/daily_bulletin/current/Section54_Midcurve_Options_Contd.pdf
2026-06-29,FINAL,123,5,124954,d8398cc6b06d2482513d55036558e9ca950b722dfb3292bc24a25059f6a7a8b1,midcurve54,raw/midcurves/midcurve54_20260630223111.pdf,20260630223111,https://web.archive.org/web/20260630223111id_/https://www.cmegroup.com/daily_bulletin/current/Section54_Midcurve_Options_Contd.pdf
2026-09-10,FINAL,174,5,125818,31df798a218e33004b3c33320e406e82e966a1cd92f041ec987dafa6026c8be1,midcurve53,raw/midcurves/midcurve53_20260911231441.pdf,20260911231426,https://web.archive.org/web/20260911231426id_/https://www.cmegroup.com/daily_bulletin/current/Section53_Midcurve_Options.pdf
2026-05-15,FINAL,93,5,133165,c6a56eb7b8ed2cb9b130205d9e9b2318a8e6df431d83da9131d1791adf441491,midcurve54,raw/midcurves/midcurve54_20260518221653.pdf,20260518221653,https://web.archive.org/web/20260518221653id_/https://www.cmegroup.com/daily_bulletin/current/Section54_Midcurve_Options_Contd.pdf
2026-07-09,FINAL,130,5,126056,1b977022d3f040aeb5719366deb6ee36ebf10836a0aea3cd82e9ba66682de422,midcurve54,raw/midcurves/midcurve54_20260710222439.pdf,20260710222439,https://web.archive.org/web/20260710222439id_/https://www.cmegroup.com/daily_bulletin/current/Section54_Midcurve_Options_Contd.pdf
2026-07-22,FINAL,139,4,121254,712cdb2b65b07af9583b00c4be82b8b523c0ef576fa40b9cbc6ff850afee2b23,midcurve53,raw/midcurves/midcurve53_20260723221638.pdf,20260723221623,https://web.archive.org/web/20260723221623id_/https://www.cmegroup.com/daily_bulletin/current/Section53_Midcurve_Options.pdf
2026-09-08,FINAL,172,4,121638,7ab797982ead94e4384acd7e9c406317e54b060c09386a7378a49118612b158d,midcurve53,raw/midcurves/midcurve53_20260909231747.pdf,20260909231723,https://web.archive.org/web/20260909231723id_/https://www.cmegroup.com/daily_bulletin/current/Section53_Midcurve_Options.pdf
2026-06-17,FINAL,115,5,124193,72e242cc2d46b61bfc6f49cf1c0f480b35b68f53039ae7c587aeb22fdf0f64b1,midcurve54,raw/midcurves/midcurve54_20260618230926.pdf,20260618230926,https://web.archive.org/web/20260618230926id_/https://www.cmegroup.com/daily_bulletin/current/Section54_Midcurve_Options_Contd.pdf
2026-09-04,PRELIMINARY,171,4,116865,75720d9e4abba59a284b106c3b413a2bcc3d092cf5ced2a67a59dc03da1dced9,midcurve54,raw/midcurves/midcurve54_20260907233457.pdf,20260907233457,https://web.archive.org/web/20260907233457id_/https://www.cmegroup.com/daily_bulletin/current/Section54_Midcurve_Options_Contd.pdf
2026-08-03,FINAL,147,4,119027,6ca0cb3682b678d876d9ac1ede974580c737baa020460f2dcabae5f102d1af4e,midcurve54,raw/midcurves/midcurve54_20260804222312.pdf,20260804222312,https://web.archive.org/web/20260804222312id_/https://www.cmegroup.com/daily_bulletin/current/Section54_Midcurve_Options_Contd.pdf
2026-04-28,FINAL,80,5,125161,f55fd27e90ae94bc40a48eefadaa9ba3ecaa7a93ee2fed621486c05d13aa6e6f,midcurve54,raw/midcurves/midcurve54_20260429221318.pdf,20260429221318,https://web.archive.org/web/20260429221318id_/https://www.cmegroup.com/daily_bulletin/current/Section54_Midcurve_Options_Contd.pdf
2026-05-21,FINAL,97,5,129009,24a3686c12e21e0dda4488fcff32d6071c6ea6ca56378ac73f28d5bb5bfce58e,midcurve54,raw/midcurves/midcurve54_20260522222914.pdf,20260522222914,https://web.archive.org/web/20260522222914id_/https://www.cmegroup.com/daily_bulletin/current/Section54_Midcurve_Options_Contd.pdf
2026-08-25,FINAL,163,4,118236,faa32534a7a9efb46e3b2df1f0c07459e8d7d80c4157bfc52d34e6b9d7862eaf,midcurve53,raw/midcurves/midcurve53_20260827020756.pdf,20260827020740,https://web.archive.org/web/20260827020740id_/https://www.cmegroup.com/daily_bulletin/current/Section53_Midcurve_Options.pdf
2026-07-13,FINAL,132,5,124182,5ddc271f74ded6d6c7d5ef2e7d388166560db4384e90f0857298f91067b24199,midcurve54,raw/midcurves/midcurve54_20260714221429.pdf,20260714221429,https://web.archive.org/web/20260714221429id_/https://www.cmegroup.com/daily_bulletin/current/Section54_Midcurve_Options_Contd.pdf
2026-09-24,FINAL,184,4,117094,31e44cc7aeb643592198a2724e38a160b1c85e530e4783ca5a15f6e928f2461b,midcurve54,raw/midcurves/midcurve54_20260926000541.pdf,20260926000541,https://web.archive.org/web/20260926000541id_/https://www.cmegroup.com/daily_bulletin/current/Section54_Midcurve_Options_Contd.pdf
2026-07-24,FINAL,141,4,118344,1233148eaab4b2cc17ae930ae0307aca0dd348a4bd7c5f7f8771169d58b3c5d0,midcurve54,raw/midcurves/midcurve54_20260727222456.pdf,20260727222456,https://web.archive.org/web/20260727222456id_/https://www.cmegroup.com/daily_bulletin/current/Section54_Midcurve_Options_Contd.pdf
2026-08-27,FINAL,165,4,118635,9f0b9b79d118133ff941b61abe6d546c3ff2a5a59525e6449eda1df670749140,midcurve53,raw/midcurves/midcurve53_20260828050543.pdf,20260829031910,https://web.archive.org/web/20260829031910id_/https://www.cmegroup.com/daily_bulletin/current/Section53_Midcurve_Options.pdf
2026-08-14,FINAL,156,5,126211,a1d91e03fb76c6847c11418c258561e992d3413db9073884370262962e40e7dc,midcurve53,raw/midcurves/midcurve53_20260817214334.pdf,20260817214314,https://web.archive.org/web/20260817214314id_/https://www.cmegroup.com/daily_bulletin/current/Section53_Midcurve_Options.pdf
2026-06-26,FINAL,122,5,125870,e432c294c438e80bf199f31afd7116bce33892bb5a3665b072fa2d8c71b40ab5,midcurve54,raw/midcurves/midcurve54_20260629222425.pdf,20260629222425,https://web.archive.org/web/20260629222425id_/https://www.cmegroup.com/daily_bulletin/current/Section54_Midcurve_Options_Contd.pdf
2026-07-21,FINAL,138,4,117358,3a45a6f6891849f820ce05397087a19755aa4577cf2e237ac94f91ae5c67cab5,midcurve54,raw/midcurves/midcurve54_20260722222314.pdf,20260722222314,https://web.archive.org/web/20260722222314id_/https://www.cmegroup.com/daily_bulletin/current/Section54_Midcurve_Options_Contd.pdf
2026-04-23,FINAL,77,5,124492,0a5a2f91af32bc36839b4ab2f80f81d2874ea5cd0687d4212161d799741b25e6,midcurve54,raw/midcurves/midcurve54_20260424221709.pdf,20260424221709,https://web.archive.org/web/20260424221709id_/https://www.cmegroup.com/daily_bulletin/current/Section54_Midcurve_Options_Contd.pdf
2026-09-11,FINAL,175,4,118031,36d8f704c88d00042df7a4fa3aefbff00b57aa2722bf71aad8515490c828b3d7,midcurve54,raw/midcurves/midcurve54_20260914235915.pdf,20260914235915,https://web.archive.org/web/20260914235915id_/https://www.cmegroup.com/daily_bulletin/current/Section54_Midcurve_Options_Contd.pdf
2026-07-02,FINAL,126,5,125749,61c86b2de71193ad2d1cec4a8ba44313a4c1834f738b5c095f8904f30a924a44,midcurve54,raw/midcurves/midcurve54_20260706223212.pdf,20260706223212,https://web.archive.org/web/20260706223212id_/https://www.cmegroup.com/daily_bulletin/current/Section54_Midcurve_Options_Contd.pdf
2026-08-27,FINAL,165,4,118635,9f0b9b79d118133ff941b61abe6d546c3ff2a5a59525e6449eda1df670749140,midcurve53,raw/midcurves/midcurve53_20260828072753.pdf,20260829031910,https://web.archive.org/web/20260829031910id_/https://www.cmegroup.com/daily_bulletin/current/Section53_Midcurve_Options.pdf
2026-08-27,FINAL,165,4,113652,8a2fb09d551326ae2ab47863b1d34e80c7bca65294d276b068a82f6ca1535335,midcurve54,raw/midcurves/midcurve54_20260829031926.pdf,20260829031926,https://web.archive.org/web/20260829031926id_/https://www.cmegroup.com/daily_bulletin/current/Section54_Midcurve_Options_Contd.pdf
2026-09-23,FINAL,183,4,114973,ca37a16d4088b5f4aed03c0a5a3143309ad9992c4c7c8554f59481ccea280265,midcurve54,raw/midcurves/midcurve54_20260925000713.pdf,20260925000713,https://web.archive.org/web/20260925000713id_/https://www.cmegroup.com/daily_bulletin/current/Section54_Midcurve_Options_Contd.pdf
2026-09-17,FINAL,179,4,112712,40a920c3d00328c6f7a0a62e52b39c56bb5449644ab01599b8905df6ecddd5e4,midcurve54,raw/midcurves/midcurve54_20260918232113.pdf,20260918232113,https://web.archive.org/web/20260918232113id_/https://www.cmegroup.com/daily_bulletin/current/Section54_Midcurve_Options_Contd.pdf
2026-06-18,PRELIMINARY,116,5,125378,1f38404dc5354518cf0d35c457b0a415b68d922314f5c2cb5f85005c75e65633,midcurve54,raw/midcurves/midcurve54_20260619222114.pdf,20260619222114,https://web.archive.org/web/20260619222114id_/https://www.cmegroup.com/daily_bulletin/current/Section54_Midcurve_Options_Contd.pdf
2026-08-04,FINAL,148,4,123760,f56d8d4fa1c34a10694abcd062fb90d2104d50636799c2ad8969f4898f742dbd,midcurve53,raw/midcurves/midcurve53_20260805222427.pdf,20260805222412,https://web.archive.org/web/20260805222412id_/https://www.cmegroup.com/daily_bulletin/current/Section53_Midcurve_Options.pdf
2026-07-30,FINAL,145,4,122886,ed96798d6b4200413f5f3602305a1bc5d7a6d9319ed9cef1b3ea58d8a297b065,midcurve53,raw/midcurves/midcurve53_20260730223215.pdf,20260731223536,https://web.archive.org/web/20260731223536id_/https://www.cmegroup.com/daily_bulletin/current/Section53_Midcurve_Options.pdf
2026-04-08,FINAL,66,5,129428,12c5b23f2837881708c7a711c9df6110dcef58dd5a0d04048ced2fc9d7a1e6f7,midcurve54,raw/midcurves/midcurve54_20260409215656.pdf,20260409215656,https://web.archive.org/web/20260409215656id_/https://www.cmegroup.com/daily_bulletin/current/Section54_Midcurve_Options_Contd.pdf
2026-06-08,FINAL,108,5,131726,7ba4bf51eb1a450602d294ffa04a2d0a9322be5a5eb9edef7c45b527dc8cf1eb,midcurve54,raw/midcurves/midcurve54_20260609223716.pdf,20260609223716,https://web.archive.org/web/20260609223716id_/https://www.cmegroup.com/daily_bulletin/current/Section54_Midcurve_Options_Contd.pdf
2026-09-15,FINAL,177,4,111447,8489ca56292a665627baf8e70e177f6093baeb4d71e53bb22757c84abbe3b108,midcurve54,raw/midcurves/midcurve54_20260917000601.pdf,20260917000601,https://web.archive.org/web/20260917000601id_/https://www.cmegroup.com/daily_bulletin/current/Section54_Midcurve_Options_Contd.pdf
2026-04-27,FINAL,79,5,124554,8ec7cff5b0073ece0d27f6b598bf4e3bbdf97000285cb695de02b8c849b7b8ba,midcurve54,raw/midcurves/midcurve54_20260428221043.pdf,20260428221043,https://web.archive.org/web/20260428221043id_/https://www.cmegroup.com/daily_bulletin/current/Section54_Midcurve_Options_Contd.pdf
2026-06-22,FINAL,118,5,124562,fba59e956d9991985d8e81cfc4d58f446c3e1c03118b642a954155130fc8e062,midcurve54,raw/midcurves/midcurve54_20260623222625.pdf,20260623222625,https://web.archive.org/web/20260623222625id_/https://www.cmegroup.com/daily_bulletin/current/Section54_Midcurve_Options_Contd.pdf
2026-07-08,FINAL,129,5,126833,39e16933eed3d535beb4f71c7b0ab4b45424fa59ad12d3b329dfcc22ab9cd3db,midcurve54,raw/midcurves/midcurve54_20260709224955.pdf,20260709224955,https://web.archive.org/web/20260709224955id_/https://www.cmegroup.com/daily_bulletin/current/Section54_Midcurve_Options_Contd.pdf
2026-08-18,FINAL,158,4,117111,25b050bda64826fd25ab6568f0946f6598d0fb47c085d070b6c43f5537e5cd66,midcurve53,raw/midcurves/midcurve53_20260819213811.pdf,20260819213750,https://web.archive.org/web/20260819213750id_/https://www.cmegroup.com/daily_bulletin/current/Section53_Midcurve_Options.pdf
2026-07-23,FINAL,140,4,118379,c7eb184b8cb4457b774e81058b939d92fd2bf936a434a442a4b1540421b45a50,midcurve54,raw/midcurves/midcurve54_20260724222612.pdf,20260724222612,https://web.archive.org/web/20260724222612id_/https://www.cmegroup.com/daily_bulletin/current/Section54_Midcurve_Options_Contd.pdf
2026-09-02,FINAL,169,4,120548,a3a14c23ea589b04063757319bcd1971997b985913368a46f652e4cd2eb720e1,midcurve53,raw/midcurves/midcurve53_20260904230411.pdf,20260903231546,https://web.archive.org/web/20260903231546id_/https://www.cmegroup.com/daily_bulletin/current/Section53_Midcurve_Options.pdf
2026-06-10,FINAL,110,5,132715,92774422e21af256aea713113c2f9418b504e35d75123163dc57601a9fdfca3d,midcurve54,raw/midcurves/midcurve54_20260612001548.pdf,20260612001548,https://web.archive.org/web/20260612001548id_/https://www.cmegroup.com/daily_bulletin/current/Section54_Midcurve_Options_Contd.pdf
2026-04-02,FINAL,63,5,127005,b62f8ab304e8e139c00a21624c4f0e81ad5fb2ede9d1889050f41e02ab8c6380,midcurve54,raw/midcurves/midcurve54_20260403214500.pdf,20260403214500,https://web.archive.org/web/20260403214500id_/https://www.cmegroup.com/daily_bulletin/current/Section54_Midcurve_Options_Contd.pdf
2026-07-30,FINAL,145,4,119008,930eeed64f53268008cbdcdaf059b713014129f0e4845f1505c4e4100aa798eb,midcurve54,raw/midcurves/midcurve54_20260731223621.pdf,20260731223621,https://web.archive.org/web/20260731223621id_/https://www.cmegroup.com/daily_bulletin/current/Section54_Midcurve_Options_Contd.pdf
2026-03-31,FINAL,61,5,126541,bfd0dea037f9bca36ff1effbe23c33042995f0880928d730148e28319d966eb8,midcurve54,raw/midcurves/midcurve54_20260401215339.pdf,20260401215339,https://web.archive.org/web/20260401215339id_/https://www.cmegroup.com/daily_bulletin/current/Section54_Midcurve_Options_Contd.pdf
2026-09-04,FINAL,171,4,121461,628312dbac172394fb535cf8b6a846391cc5b24fe4ab151dd87d5ac5be453e62,midcurve53,raw/midcurves/midcurve53_20260908233435.pdf,20260908233423,https://web.archive.org/web/20260908233423id_/https://www.cmegroup.com/daily_bulletin/current/Section53_Midcurve_Options.pdf
2026-03-30,FINAL,60,5,126978,d747973395f123a61564df551a61f2420298a9b8bc98bd28475e5a86c634e7ed,midcurve54,raw/midcurves/midcurve54_20260331215110.pdf,20260331215110,https://web.archive.org/web/20260331215110id_/https://www.cmegroup.com/daily_bulletin/current/Section54_Midcurve_Options_Contd.pdf
2026-09-01,FINAL,168,4,120885,1f06eeacc8b1f12f030163c7d9fc4adc874272226ac430097bd7a33eae4ae85d,midcurve53,raw/midcurves/midcurve53_20260902231523.pdf,20260902231517,https://web.archive.org/web/20260902231517id_/https://www.cmegroup.com/daily_bulletin/current/Section53_Midcurve_Options.pdf
2026-08-05,FINAL,149,4,118542,81e2151a79a7b03bfb1c2c44a088a09a493577ab3950ffccd492c9af5a2bedd0,midcurve54,raw/midcurves/midcurve54_20260807011642.pdf,20260807011642,https://web.archive.org/web/20260807011642id_/https://www.cmegroup.com/daily_bulletin/current/Section54_Midcurve_Options_Contd.pdf
2026-08-13,FINAL,155,4,124353,c7d1a6292d3b07a095d978c199fd8566beb233a7d34ebec33a5b7aaf0701f6da,midcurve53,raw/midcurves/midcurve53_20260814213949.pdf,20260814213933,https://web.archive.org/web/20260814213933id_/https://www.cmegroup.com/daily_bulletin/current/Section53_Midcurve_Options.pdf
2026-05-26,FINAL,99,5,129466,8453f30f709b6ac60bcf7bb7f68e29259b47e7e0a1333e01408ffa39abdaeb41,midcurve54,raw/midcurves/midcurve54_20260527224311.pdf,20260527224311,https://web.archive.org/web/20260527224311id_/https://www.cmegroup.com/daily_bulletin/current/Section54_Midcurve_Options_Contd.pdf
2026-08-17,FINAL,157,4,119246,c3cc947f860fd5bf5f3ea4405f28337c09a5f149430d4465f411941e6e746445,midcurve53,raw/midcurves/midcurve53_20260818213726.pdf,20260818213711,https://web.archive.org/web/20260818213711id_/https://www.cmegroup.com/daily_bulletin/current/Section53_Midcurve_Options.pdf
2026-04-13,FINAL,69,5,126685,65bda72c8162dd40c020ca361e306938fb063e45bf8072035f1ee2a5f64ea825,midcurve54,raw/midcurves/midcurve54_20260414220452.pdf,20260414220452,https://web.archive.org/web/20260414220452id_/https://www.cmegroup.com/daily_bulletin/current/Section54_Midcurve_Options_Contd.pdf
2026-06-03,FINAL,105,5,131443,507d8224ab81aaf9693be88bfb3d0b34841254de40b7ca6a6cddb390530a99db,midcurve54,raw/midcurves/midcurve54_20260604223328.pdf,20260604223328,https://web.archive.org/web/20260604223328id_/https://www.cmegroup.com/daily_bulletin/current/Section54_Midcurve_Options_Contd.pdf
2026-04-22,FINAL,76,5,123673,38808c15393d9be916d52a58a907e5212d91715d49606431a7bba48f35361809,midcurve54,raw/midcurves/midcurve54_20260423215642.pdf,20260423215642,https://web.archive.org/web/20260423215642id_/https://www.cmegroup.com/daily_bulletin/current/Section54_Midcurve_Options_Contd.pdf
2026-06-04,FINAL,106,5,131304,482f6db6c9737d484cbb9411b9d2b20aefb5ea776d9adc99acbf0f1b40590e70,midcurve54,raw/midcurves/midcurve54_20260605222727.pdf,20260605222727,https://web.archive.org/web/20260605222727id_/https://www.cmegroup.com/daily_bulletin/current/Section54_Midcurve_Options_Contd.pdf
2026-09-24,FINAL,184,5,128898,49cebab007215830a3453e1ffb2cf53c927a170c54d0b9aef84d83ca562a37d8,midcurve53,raw/midcurve53_sample.pdf,20260926000523,https://web.archive.org/web/20260926000523id_/https://www.cmegroup.com/daily_bulletin/current/Section53_Midcurve_Options.pdf
2026-09-24,FINAL,184,4,117094,31e44cc7aeb643592198a2724e38a160b1c85e530e4783ca5a15f6e928f2461b,midcurve54,raw/midcurve54_sample.pdf,20260926000541,https://web.archive.org/web/20260926000541id_/https://www.cmegroup.com/daily_bulletin/current/Section54_Midcurve_Options_Contd.pdf
