trade_date,call_status,put_status,call_rows,put_rows,matched_monthly_strikes
2026-03-25,MISSING,PRELIMINARY,0,410,0
2026-03-26,MISSING,PRELIMINARY,0,418,0
2026-03-27,MISSING,PRELIMINARY,0,424,0
2026-03-30,MISSING,FINAL,0,441,0
2026-03-31,MISSING,FINAL,0,441,0
2026-04-01,MISSING,FINAL,0,444,0
2026-04-02,MISSING,FINAL,0,446,0
2026-04-03,MISSING,FINAL,0,448,0
2026-04-06,MISSING,FINAL,0,448,0
2026-04-07,MISSING,FINAL,0,450,0
2026-04-08,MISSING,FINAL,0,459,0
2026-04-09,MISSING,FINAL,0,460,0
2026-04-10,MISSING,FINAL,0,464,0
2026-04-13,MISSING,FINAL,0,440,0
2026-04-14,MISSING,FINAL,0,403,0
2026-04-15,MISSING,FINAL,0,404,0
2026-04-16,MISSING,FINAL,0,414,0
2026-04-22,MISSING,FINAL,0,415,0
2026-04-23,MISSING,FINAL,0,421,0
2026-04-24,MISSING,FINAL,0,423,0
2026-04-27,MISSING,FINAL,0,423,0
2026-04-28,MISSING,FINAL,0,426,0
2026-04-29,MISSING,FINAL,0,432,0
2026-04-30,MISSING,FINAL,0,437,0
2026-05-01,MISSING,FINAL,0,444,0
2026-05-04,MISSING,FINAL,0,448,0
2026-05-06,MISSING,FINAL,0,448,0
2026-05-07,MISSING,FINAL,0,448,0
2026-05-08,MISSING,FINAL,0,451,0
2026-05-12,MISSING,FINAL,0,456,0
2026-05-13,MISSING,FINAL,0,463,0
2026-05-14,MISSING,FINAL,0,472,0
2026-05-15,MISSING,FINAL,0,487,0
2026-05-18,MISSING,FINAL,0,480,0
2026-05-19,MISSING,FINAL,0,454,0
2026-05-20,MISSING,FINAL,0,455,0
2026-05-21,MISSING,FINAL,0,459,0
2026-05-22,MISSING,FINAL,0,466,0
2026-05-26,MISSING,FINAL,0,466,0
2026-05-27,MISSING,FINAL,0,468,0
2026-05-29,MISSING,FINAL,0,476,0
2026-06-01,MISSING,FINAL,0,478,0
2026-06-02,MISSING,FINAL,0,479,0
2026-06-03,MISSING,FINAL,0,482,0
2026-06-04,MISSING,FINAL,0,483,0
2026-06-05,MISSING,FINAL,0,486,0
2026-06-08,MISSING,FINAL,0,487,0
2026-06-10,MISSING,FINAL,0,490,0
2026-06-15,MISSING,FINAL,0,452,0
2026-06-17,MISSING,FINAL,0,415,0
2026-06-18,MISSING,PRELIMINARY,0,416,0
2026-06-22,MISSING,FINAL,0,424,0
2026-06-23,MISSING,FINAL,0,421,0
2026-06-24,MISSING,FINAL,0,425,0
2026-06-25,MISSING,FINAL,0,428,0
2026-06-26,MISSING,FINAL,0,434,0
2026-06-29,MISSING,FINAL,0,431,0
2026-06-30,MISSING,FINAL,0,431,0
2026-07-01,MISSING,FINAL,0,435,0
2026-07-02,MISSING,FINAL,0,437,0
2026-07-06,MISSING,FINAL,0,439,0
2026-07-07,MISSING,FINAL,0,437,0
2026-07-08,MISSING,FINAL,0,441,0
2026-07-09,MISSING,FINAL,0,440,0
2026-07-10,MISSING,FINAL,0,443,0
2026-07-13,MISSING,FINAL,0,421,0
2026-07-14,MISSING,FINAL,0,370,0
2026-07-15,MISSING,FINAL,0,374,0
2026-07-16,MISSING,FINAL,0,375,0
2026-07-20,MISSING,FINAL,0,374,0
2026-07-21,MISSING,FINAL,0,377,0
2026-07-22,FINAL,FINAL,402,381,195
2026-07-23,FINAL,FINAL,411,385,200
2026-07-24,FINAL,FINAL,415,386,204
2026-07-29,MISSING,FINAL,0,388,0
2026-07-30,FINAL,FINAL,420,392,205
2026-08-03,MISSING,FINAL,0,393,0
2026-08-04,FINAL,FINAL,426,390,211
2026-08-05,FINAL,FINAL,426,392,0
2026-08-13,FINAL,FINAL,432,403,187
2026-08-14,FINAL,FINAL,434,407,175
2026-08-17,FINAL,FINAL,387,379,173
2026-08-18,FINAL,FINAL,368,343,174
2026-08-25,FINAL,FINAL,378,343,179
2026-08-26,MISSING,FINAL,0,343,0
2026-08-27,FINAL,FINAL,383,346,174
2026-09-01,FINAL,FINAL,401,357,171
2026-09-02,FINAL,FINAL,402,360,166
2026-09-03,MISSING,FINAL,0,361,0
2026-09-04,FINAL,FINAL,408,361,163
2026-09-08,FINAL,FINAL,410,363,165
2026-09-09,FINAL,FINAL,417,366,0
2026-09-10,FINAL,FINAL,432,377,0
2026-09-11,FINAL,FINAL,451,382,172
2026-09-15,MISSING,FINAL,0,324,0
2026-09-16,FINAL,MISSING,385,0,0
2026-09-17,FINAL,FINAL,396,335,0
2026-09-23,FINAL,FINAL,428,349,0
2026-09-24,FINAL,FINAL,447,368,225
