file,page,reason,raw
raw/wayback/calls_20260413215913.pdf,3,missing option settlement,9637 ---- ---- ---- ---- ----- ---- ---- ---- 132 ---- 70433 .5050B .0025
raw/wayback/calls_20260413215913.pdf,3,missing option settlement,9643 ---- ---- ---- ---- ---- ---- ---- ---- 800 ---- 109128 .4525B .0025
raw/wayback/calls_20260413215913.pdf,3,missing option settlement,9650 ---- ---- ---- ---- ---- ---- ---- ---- ---- ---- 134823 .4025B .0025
raw/wayback/calls_20260413215913.pdf,3,missing option settlement,9656 ---- ---- ---- ---- ---- ---- ---- ---- 400 ---- 133154 .4100B .0025
raw/wayback/calls_20260413215913.pdf,3,missing option settlement,9662 ---- ---- ---- ---- ---- ---- ---- ---- ---- ---- 107430 .4025B .0025
raw/wayback/calls_20260413215913.pdf,3,missing option settlement,9668 ---- ---- ---- ---- ---- ---- ---- ---- ---- ---- 102500 .3600B .0025
raw/wayback/calls_20260413215913.pdf,3,missing option settlement,9675 ---- ---- ---- ---- ---- ---- ---- ---- ---- ---- 83638 .3225B .0025
raw/wayback/calls_20260413215913.pdf,3,missing option settlement,9681 ---- ---- ---- ---- ---- ---- ---- ---- ---- ---- 32416 .2875B .0025
raw/wayback/calls_20260413215913.pdf,3,missing option settlement,9687 ---- ---- ---- ---- ---- ---- ---- ---- ---- ---- 131964 .2600B .0025
raw/wayback/calls_20260413215913.pdf,3,missing option settlement,9693 ---- ---- ---- ---- ---- ---- ---- ---- ---- ---- 34336 .2325B .0025
raw/wayback/calls_20260413215913.pdf,3,missing option settlement,9700 ---- ---- ---- ---- ---- ---- ---- ---- ---- ---- 44593 .2100B .0025
raw/wayback/calls_20260413215913.pdf,3,missing option settlement,9706 ---- ---- ---- ---- ---- ---- ---- ---- ---- ---- 6652 .1850B .0025
raw/wayback/calls_20260413215913.pdf,3,missing option settlement,9712 ---- ---- ---- ---- ---- ---- ---- ---- ---- ---- 40608 .1650B .0025
raw/wayback/calls_20260413215913.pdf,3,missing option settlement,9718 ---- ---- ---- ---- ---- ---- ---- ---- ---- ---- 964 .1475B .0025
raw/wayback/calls_20260413215913.pdf,3,missing option settlement,9725 ---- ---- ---- ---- ---- ---- ---- ---- ---- ---- 71040 .1300B .0025
raw/wayback/calls_20260413215913.pdf,3,missing option settlement,9731 ---- ---- ---- ---- ---- ---- ---- ---- ---- ---- 2779 .1000B .0025
raw/wayback/calls_20260413215913.pdf,3,missing option settlement,9737 ---- ---- ---- ---- ---- ---- ---- ---- ---- ---- 22838 .0875B .0025
raw/wayback/calls_20260413215913.pdf,3,missing option settlement,9743 ---- ---- ---- ---- ---- ---- ---- ---- ---- ---- 2236 .0775B .0025
raw/wayback/calls_20260413215913.pdf,3,missing option settlement,9750 ---- ---- ---- ---- ---- ---- ---- ---- ---- ---- 7484 .0675B .0025
raw/wayback/calls_20260413215913.pdf,3,missing option settlement,9756 ---- ---- ---- ---- ---- ---- ---- ---- ---- ---- 370 .0600B .0025
raw/wayback/calls_20260413215913.pdf,3,missing option settlement,9762 ---- ---- ---- ---- ---- ---- ---- ---- ---- ---- 62100 .0525B .0025
raw/wayback/calls_20260413215913.pdf,3,missing option settlement,9768 ---- ---- ---- ---- ---- ---- ---- ---- ---- ---- 271 .0450B .0050A
raw/wayback/calls_20260413215913.pdf,3,missing option settlement,9775 ---- ---- ---- ---- ---- ---- ---- ---- ---- ---- 10107 .0400B .0050A
raw/wayback/calls_20260413215913.pdf,3,missing option settlement,9781 ---- ---- ---- ---- ---- ---- ---- ---- ---- ---- 750 .0350B .0075
raw/wayback/calls_20260413215913.pdf,3,missing option settlement,9787 ---- ---- ---- ---- ---- ---- ---- ---- ---- ---- 827 .0250B .0050
raw/wayback/calls_20260413215913.pdf,3,missing option settlement,9793 ---- ---- ---- ---- ---- ---- ---- ---- ---- ---- 525 .0225B .0025
raw/wayback/calls_20260413215913.pdf,3,missing option settlement,9800 ---- ---- ---- ---- ---- ---- ---- ---- ---- ---- 42153 .0200B .0025
raw/wayback/calls_20260413215913.pdf,3,missing option settlement,9812 ---- ---- ---- ---- ---- ---- ---- ---- ---- ---- 400 .0175B .0050A
raw/wayback/calls_20260413215913.pdf,3,missing option settlement,9818 ---- ---- ---- ---- ---- ---- ---- ---- ---- ---- 280 .0075 .0075
raw/wayback/calls_20260413215913.pdf,3,missing option settlement,9825 ---- ---- ---- ---- ---- ---- ---- ---- ---- ---- 23000 .0150B .0025
raw/wayback/calls_20260413215913.pdf,3,missing option settlement,9831 ---- ---- ---- ---- ---- ---- ---- ---- ---- ---- 2250 .0125 .0125
raw/wayback/calls_20260413215913.pdf,3,missing option settlement,9837 ---- ---- ---- ---- ---- ---- ---- ---- ---- ---- 60250 .0125B ----
raw/wayback/calls_20260413215913.pdf,3,missing option settlement,9875 ---- ---- ---- ---- ---- ---- ---- ---- ---- ---- 100 .0025 .0025
raw/wayback/calls_20260413215913.pdf,3,missing option settlement,9950 ---- ---- ---- ---- ---- ---- ---- ---- ---- ---- 957 .0025 .0025
raw/wayback/puts_20260413215928.pdf,1,missing option settlement,9518 ---- ---- ---- ---- ---- ---- ---- ---- ---- ---- 4 .0025 .0025
raw/wayback/puts_20260413215928.pdf,1,missing option settlement,9525 ---- ---- ---- ---- ---- ---- ---- ---- ---- ---- 2354 ---- ----
raw/wayback/puts_20260413215928.pdf,1,missing option settlement,9550 ---- ---- ---- ---- ---- ---- ---- ---- ---- ---- 5751 .0050 .0025
raw/wayback/puts_20260413215928.pdf,1,missing option settlement,9562 ---- ---- ---- ---- ---- ---- ---- ---- ---- ---- 605 .0100B ----
raw/wayback/puts_20260413215928.pdf,1,missing option settlement,9568 ---- ---- ---- ---- ---- ---- ---- ---- ---- ---- 19396 .0125 .0025
raw/wayback/puts_20260413215928.pdf,1,missing option settlement,9575 ---- ---- ---- ---- ---- ---- ---- ---- ---- ---- 8685 .0175 .0025
raw/wayback/puts_20260413215928.pdf,1,missing option settlement,9581 ---- ---- ---- ---- ---- ---- ---- ---- ---- ---- 1722 .0200B .0025
raw/wayback/puts_20260413215928.pdf,1,missing option settlement,9587 ---- ---- ---- ---- ---- ---- ---- ---- ---- ---- 25491 .0225B .0025
raw/wayback/puts_20260413215928.pdf,1,missing option settlement,9593 ---- ---- ---- ---- ---- ---- ---- ---- ---- ---- 10436 .0300B .0025
raw/wayback/puts_20260413215928.pdf,1,missing option settlement,9600 ---- ---- ---- ---- ---- ---- ---- ---- ---- ---- 38230 .0375 .0025
raw/wayback/puts_20260413215928.pdf,1,missing option settlement,9606 ---- ---- ---- ---- ---- ---- ---- ---- ---- ---- 15175 .0475B .0025
raw/wayback/puts_20260413215928.pdf,1,missing option settlement,9612 ---- ---- ---- ---- ---- ---- ---- ---- ---- ---- 74195 .0625B .0025
raw/wayback/puts_20260413215928.pdf,1,missing option settlement,9618 ---- ---- ---- ---- ---- ---- ---- ---- ---- ---- 76445 .1050 .0025
raw/wayback/puts_20260413215928.pdf,1,missing option settlement,9625 ---- ---- ---- .0025N ----- ---- ---- ---- 551 ---- 57978 .1125B .0025
raw/wayback/puts_20260413215928.pdf,1,missing option settlement,9631 ---- ---- ---- .0050N ----- ---- ---- ---- 46318 ---- 110032 .1425B .0025
raw/wayback/calls_20260414220417.pdf,3,missing option settlement,9637 ---- ---- ---- ---- ---- ---- ---- ---- ---- ---- UNCH .5050B .0025
raw/wayback/calls_20260414220417.pdf,3,missing option settlement,9643 ---- ---- ---- ---- ---- ---- ---- ---- ---- ---- UNCH .4525B .0025
raw/wayback/calls_20260414220417.pdf,3,missing option settlement,9650 ---- ---- ---- ---- ---- ---- ---- ---- ---- ---- UNCH .4025B .0025
raw/wayback/calls_20260414220417.pdf,3,missing option settlement,9656 ---- ---- ---- ---- ---- ---- ---- ---- ---- ---- UNCH .4100B .0025
raw/wayback/calls_20260414220417.pdf,3,missing option settlement,9662 ---- ---- ---- ---- ---- ---- ---- ---- ---- ---- UNCH .4025B .0025
raw/wayback/calls_20260414220417.pdf,3,missing option settlement,9675 ---- ---- ---- ---- ---- ---- ---- ---- ---- ---- UNCH .3225B .0025
raw/wayback/calls_20260414220417.pdf,3,missing option settlement,9687 ---- ---- ---- ---- ---- ---- ---- ---- ---- ---- UNCH .2600B .0025
raw/wayback/calls_20260414220417.pdf,3,missing option settlement,9700 ---- ---- ---- ---- ---- ---- ---- ---- ---- ---- UNCH .2100B .0025
raw/wayback/calls_20260414220417.pdf,3,missing option settlement,9712 ---- ---- ---- ---- ---- ---- ---- ---- ---- ---- UNCH .1650B .0025
raw/wayback/calls_20260414220417.pdf,3,missing option settlement,9725 ---- ---- ---- ---- ---- ---- ---- ---- ---- ---- UNCH .1300B .0025
raw/wayback/puts_20260414220423.pdf,1,missing option settlement,9593 ---- ---- ---- ---- ---- ---- ---- ---- ---- ---- UNCH .0300B .0025
raw/wayback/puts_20260414220423.pdf,1,missing option settlement,9600 ---- ---- ---- ---- ---- ---- ---- ---- ---- ---- UNCH .0375 .0025
raw/wayback/puts_20260414220423.pdf,1,missing option settlement,9625 ---- ---- ---- ---- ---- ---- ---- ---- ---- ---- UNCH .1125B .0025
raw/wayback/puts_20260414220423.pdf,1,missing option settlement,9631 ---- ---- ---- ---- ---- ---- ---- ---- ---- ---- UNCH .1425B .0025
raw/wayback/puts_20260518221625.pdf,1,missing option settlement,9400 ---- ---- ---- ---- ---- ---- ---- ---- ---- ---- 144 .0025 .0025
raw/wayback/puts_20260518221625.pdf,1,missing option settlement,9475 ---- ---- ---- ---- ---- ---- ---- ---- ---- ---- 4 .0050B .0025
raw/wayback/puts_20260518221625.pdf,1,missing option settlement,9537 ---- ---- ---- ---- ---- ---- ---- ---- ---- ---- 709 .0200B .0025
raw/wayback/puts_20260518221625.pdf,1,missing option settlement,9562 ---- ---- ---- ---- ---- ---- ---- ---- ---- ---- 35161 .0350B .0025
raw/wayback/puts_20260518221625.pdf,1,missing option settlement,9568 ---- ---- ---- ---- ---- ---- ---- ---- ---- ---- 19050 .0400B .0025
raw/wayback/puts_20260518221625.pdf,1,missing option settlement,9575 ---- ---- ---- ---- ---- ---- ---- ---- ---- ---- 22348 .0475B .0025
raw/wayback/puts_20260518221625.pdf,1,missing option settlement,9581 ---- ---- ---- ---- ---- ---- ---- ---- ---- ---- 18088 .0525B .0025
raw/wayback/puts_20260518221625.pdf,1,missing option settlement,9587 ---- ---- ---- ---- ---- ---- ---- ---- ---- ---- 6047 .0600B .0025
raw/wayback/puts_20260518221625.pdf,1,missing option settlement,9593 ---- ---- ---- ---- ---- ---- ---- ---- ---- ---- 4056 .0700B .0025
raw/wayback/puts_20260518221625.pdf,1,missing option settlement,9600 ---- ---- ---- ---- ---- ---- ---- ---- ---- ---- 51126 .0825B .0025
raw/wayback/puts_20260518221625.pdf,1,missing option settlement,9606 ---- ---- ---- ---- ---- ---- ---- ---- ---- ---- 14770 .0975B .0025
raw/wayback/puts_20260518221625.pdf,1,missing option settlement,9612 ---- ---- ---- ---- ---- ---- ---- ---- ---- ---- 34826 .1150B .0025
raw/wayback/puts_20260518221625.pdf,1,missing option settlement,9618 ---- ---- ---- ---- ---- ---- ---- ---- ---- ---- 15456 .1375B .0025
raw/wayback/puts_20260518221625.pdf,1,missing option settlement,9625 ---- ---- ---- ---- ---- ---- ---- ---- ---- ---- 41204 .1650B .0025
raw/wayback/puts_20260518221625.pdf,1,missing option settlement,9631 ---- ---- ---- ---- ---- ---- ---- ---- ---- ---- 50041 .1950B .0025
raw/wayback/calls_20260615231713.pdf,3,missing option settlement,9637 ---- ---- ---- ---- ---- ---- ---- ---- ---- ---- 328888 1.1050B .0050
raw/wayback/calls_20260615231713.pdf,3,missing option settlement,9643 ---- ---- ---- ---- ---- ---- ---- ---- ---- ---- 338546 .5850B .0025
raw/wayback/calls_20260615231713.pdf,3,missing option settlement,9650 ---- ---- ---- ---- ---- ---- ---- ---- ---- ---- 418571 1.0150B .0025
raw/wayback/calls_20260615231713.pdf,3,missing option settlement,9656 ---- ---- ---- ---- ---- ---- ---- ---- ---- ---- 349326 .5100B .0050
raw/wayback/calls_20260615231713.pdf,3,missing option settlement,9662 ---- ---- ---- ---- ---- ---- ---- ---- ---- ---- 309662 .9350B .0050
raw/wayback/calls_20260615231713.pdf,3,missing option settlement,9668 ---- ---- ---- ---- ---- ---- ---- ---- ---- ---- 188002 .4400B .0025
raw/wayback/calls_20260615231713.pdf,3,missing option settlement,9675 ---- ---- ---- ---- ---- ---- ---- ---- ---- ---- 300343 .8550B .0025
raw/wayback/calls_20260615231713.pdf,3,missing option settlement,9681 ---- ---- ---- ---- ---- ---- ---- ---- ---- ---- 158513 .3800B .0025
raw/wayback/calls_20260615231713.pdf,3,missing option settlement,9687 ---- ---- ---- ---- ---- ---- ---- ---- ---- ---- 91271 .7800B .0025
raw/wayback/calls_20260615231713.pdf,3,missing option settlement,9693 ---- ---- ---- ---- ---- ---- ---- ---- ---- ---- 63165 .3300B .0025
raw/wayback/calls_20260615231713.pdf,3,missing option settlement,9700 ---- ---- ---- ---- ---- ---- ---- ---- ---- ---- 200340 .7100B .0025
raw/wayback/calls_20260615231713.pdf,3,missing option settlement,9706 ---- ---- ---- ---- ---- ---- ---- ---- ---- ---- 38282 .2850B .0025
raw/wayback/calls_20260615231713.pdf,3,missing option settlement,9712 ---- ---- ---- ---- ---- ---- ---- ---- ---- ---- 85433 .6450B .0025
raw/wayback/calls_20260615231713.pdf,3,missing option settlement,9718 ---- ---- ---- ---- ---- ---- ---- ---- ---- ---- 8774 .2450B .0025
raw/wayback/calls_20260615231713.pdf,3,missing option settlement,9725 ---- ---- ---- ---- ---- ---- ---- ---- ---- ---- 98619 .5850B .0050
raw/wayback/calls_20260615231713.pdf,3,missing option settlement,9731 ---- ---- ---- ---- ---- ---- ---- ---- ---- ---- 5537 .2100B .0100
raw/wayback/calls_20260615231713.pdf,3,missing option settlement,9737 ---- ---- ---- ---- ---- ---- ---- ---- ---- ---- 20219 .5300B .0025
raw/wayback/calls_20260615231713.pdf,3,missing option settlement,9743 ---- ---- ---- ---- ---- ---- ---- ---- ---- ---- 1257 .1800B .0100
raw/wayback/calls_20260615231713.pdf,3,missing option settlement,9750 ---- ---- ---- ---- ---- ---- ---- ---- ---- ---- 96893 .4750B .0100
raw/wayback/calls_20260615231713.pdf,3,missing option settlement,9756 ---- ---- ---- ---- ---- ---- ---- ---- ---- ---- 2515 .1550B .0075
raw/wayback/calls_20260615231713.pdf,3,missing option settlement,9762 ---- ---- ---- ---- ---- ---- ---- ---- ---- ---- 24274 .4150B .0075
raw/wayback/calls_20260615231713.pdf,3,missing option settlement,9768 ---- ---- ---- ---- ---- ---- ---- ---- ---- ---- 4493 .1350B .0025
raw/wayback/calls_20260615231713.pdf,3,missing option settlement,9775 ---- ---- ---- ---- ---- ---- ---- ---- ---- ---- 31579 .3850B .0025
raw/wayback/calls_20260615231713.pdf,3,missing option settlement,9781 ---- ---- ---- ---- ---- ---- ---- ---- ---- ---- 846 .1200B .0025
raw/wayback/calls_20260615231713.pdf,3,missing option settlement,9787 ---- ---- ---- ---- ---- ---- ---- ---- ---- ---- 12158 .3300B .0075
raw/wayback/calls_20260615231713.pdf,3,missing option settlement,9793 ---- ---- ---- ---- ---- ---- ---- ---- ---- ---- 282 .1050B .0100
raw/wayback/calls_20260615231713.pdf,3,missing option settlement,9800 ---- ---- ---- ---- ---- ---- ---- ---- ---- ---- 154650 .3050B .0025A
raw/wayback/calls_20260615231713.pdf,3,missing option settlement,9806 ---- ---- ---- ---- ---- ---- ---- ---- ---- ---- 5309 .0900B .0075
raw/wayback/calls_20260615231713.pdf,3,missing option settlement,9812 ---- ---- ---- ---- ---- ---- ---- ---- ---- ---- 15749 .2600B .0025
raw/wayback/calls_20260615231713.pdf,3,missing option settlement,9818 ---- ---- ---- ---- ---- ---- ---- ---- ---- ---- 1107 .0500B .0075
raw/wayback/calls_20260615231713.pdf,3,missing option settlement,9825 ---- ---- ---- ---- ---- ---- ---- ---- ---- ---- 7973 .2300B .0050
raw/wayback/calls_20260615231713.pdf,3,missing option settlement,9831 ---- ---- ---- ---- ---- ---- ---- ---- ---- ---- 338 .0450B .0050
raw/wayback/calls_20260615231713.pdf,3,missing option settlement,9837 ---- ---- ---- ---- ---- ---- ---- ---- ---- ---- 11490 .2150B .0050
raw/wayback/calls_20260615231713.pdf,3,missing option settlement,9843 ---- ---- ---- ---- ---- ---- ---- ---- ---- ---- 100 .0050 .0050
raw/wayback/calls_20260615231713.pdf,3,missing option settlement,9850 ---- ---- ---- ---- ---- ---- ---- ---- ---- ---- 55280 .1800 .0050
raw/wayback/calls_20260615231713.pdf,3,missing option settlement,9862 ---- ---- ---- ---- ---- ---- ---- ---- ---- ---- 92095 .1600B .0025
raw/wayback/calls_20260615231713.pdf,3,missing option settlement,9875 ---- ---- ---- ---- ---- ---- ---- ---- ---- ---- 21114 .1400B .0050
raw/wayback/calls_20260615231713.pdf,3,missing option settlement,9887 ---- ---- ---- ---- ---- ---- ---- ---- ---- ---- 891 .1250B .0025
raw/wayback/calls_20260615231713.pdf,3,missing option settlement,9900 ---- ---- ---- ---- ---- ---- ---- ---- ---- ---- 41430 .1050B .0025
raw/wayback/calls_20260615231713.pdf,3,missing option settlement,9912 ---- ---- ---- ---- ---- ---- ---- ---- ---- ---- 297 .0950B .0025
raw/wayback/calls_20260615231713.pdf,3,missing option settlement,9925 ---- ---- ---- ---- ---- ---- ---- ---- ---- ---- 12504 .0750 .0025
raw/wayback/calls_20260615231713.pdf,3,missing option settlement,9937 ---- ---- ---- ---- ---- ---- ---- ---- ---- ---- 50 .0600B .0100
raw/wayback/calls_20260615231713.pdf,3,missing option settlement,9950 ---- ---- ---- ---- ---- ---- ---- ---- ---- ---- 2270 .0400B .0200A
raw/wayback/calls_20260615231713.pdf,3,missing option settlement,9975 ---- ---- ---- ---- ---- ---- ---- ---- ---- ---- 15313 .0250B .0200A
raw/wayback/calls_20260615231713.pdf,3,missing option settlement,10000 ---- ---- ---- ---- ---- ---- ---- ---- ---- ---- 32076 .0750 .0025
raw/wayback/calls_20260615231713.pdf,3,missing option settlement,10025 ---- ---- ---- ---- ---- ---- ---- ---- ---- ---- 25 .0300 .0250
raw/wayback/calls_20260615231713.pdf,3,missing option settlement,10050 ---- ---- ---- ---- ---- ---- ---- ---- ---- ---- 3 .0025 .0025
raw/wayback/calls_20260615231713.pdf,3,missing option settlement,10075 ---- ---- ---- ---- ---- ---- ---- ---- ---- ---- 200 .0100 .0025
raw/wayback/calls_20260615231713.pdf,3,missing option settlement,10100 ---- ---- ---- ---- ---- ---- ---- ---- ---- ---- 5100 ---- .0025A
raw/wayback/calls_20260615231713.pdf,3,missing option settlement,10300 ---- ---- ---- ---- ---- ---- ---- ---- ---- ---- 252 .0050 .0025
raw/wayback/puts_20260615231726.pdf,1,missing option settlement,9000 ---- ---- ---- ---- ---- ---- ---- ---- ---- ---- 40 .0050B .0050
raw/wayback/puts_20260615231726.pdf,1,missing option settlement,9100 ---- ---- ---- ---- ---- ---- ---- ---- ---- ---- 130 .0200 .0200
raw/wayback/puts_20260615231726.pdf,1,missing option settlement,9200 ---- ---- ---- ---- ---- ---- ---- ---- ---- ---- 2 ---- .0350A
raw/wayback/puts_20260615231726.pdf,1,missing option settlement,9225 ---- ---- ---- ---- ---- ---- ---- ---- ---- ---- 500 .0025 .0025
raw/wayback/puts_20260615231726.pdf,1,missing option settlement,9250 ---- ---- ---- ---- ---- ---- ---- ---- ---- ---- 103 .0050 .0025
raw/wayback/puts_20260615231726.pdf,1,missing option settlement,9300 ---- ---- ---- ---- ---- ---- ---- ---- ---- ---- 197 .0850B .0150
raw/wayback/puts_20260615231726.pdf,1,missing option settlement,9325 ---- ---- ---- ---- ---- ---- ---- ---- ---- ---- 3264 .1100 .0050
raw/wayback/puts_20260615231726.pdf,1,missing option settlement,9350 ---- ---- ---- ---- ---- ---- ---- ---- ---- ---- 1408 .1400B .0050
raw/wayback/puts_20260615231726.pdf,1,missing option settlement,9375 ---- ---- ---- ---- ---- ---- ---- ---- ---- ---- 2436 .1600 .0100
raw/wayback/puts_20260615231726.pdf,1,missing option settlement,9400 ---- ---- ---- ---- ---- ---- ---- ---- ---- ---- 4873 .1950B .0025
raw/wayback/puts_20260615231726.pdf,1,missing option settlement,9412 ---- ---- ---- ---- ---- ---- ---- ---- ---- ---- 90 .2100B .0650A
raw/wayback/puts_20260615231726.pdf,1,missing option settlement,9425 ---- ---- ---- ---- ---- ---- ---- ---- ---- ---- 4636 .2350B .0050
raw/wayback/puts_20260615231726.pdf,1,missing option settlement,9437 ---- ---- ---- ---- ---- ---- ---- ---- ---- ---- 50 .2600B .0250A
raw/wayback/puts_20260615231726.pdf,1,missing option settlement,9450 ---- ---- ---- ---- ---- ---- ---- ---- ---- ---- 7715 .2850B .0025
raw/wayback/puts_20260615231726.pdf,1,missing option settlement,9462 ---- ---- ---- ---- ---- ---- ---- ---- ---- ---- 11720 .3150B .0300A
raw/wayback/puts_20260615231726.pdf,1,missing option settlement,9475 ---- ---- ---- ---- ---- ---- ---- ---- ---- ---- 11541 .4100 .0025
raw/wayback/puts_20260615231726.pdf,1,missing option settlement,9487 ---- ---- ---- ---- ---- ---- ---- ---- ---- ---- 2188 .3800B .0025
raw/wayback/puts_20260615231726.pdf,1,missing option settlement,9493 ---- ---- ---- ---- ---- ---- ---- ---- ---- ---- 437 .0150B .0025
raw/wayback/puts_20260615231726.pdf,1,missing option settlement,9500 ---- ---- ---- ---- ---- ---- ---- ---- ---- ---- 29853 .5100 .0025
raw/wayback/puts_20260615231726.pdf,1,missing option settlement,9506 ---- ---- ---- ---- ---- ---- ---- ---- ---- ---- 5223 .0200B .0025
raw/wayback/puts_20260615231726.pdf,1,missing option settlement,9512 ---- ---- ---- ---- ---- ---- ---- ---- ---- ---- 3422 .4550B .0025
raw/wayback/puts_20260615231726.pdf,1,missing option settlement,9518 ---- ---- ---- ---- ---- ---- ---- ---- ---- ---- 100 .0225B .0050
raw/wayback/puts_20260615231726.pdf,1,missing option settlement,9525 ---- ---- ---- ---- ---- ---- ---- ---- ---- ---- 21405 .4950B .0050
raw/wayback/puts_20260615231726.pdf,1,missing option settlement,9531 ---- ---- ---- ---- ---- ---- ---- ---- ---- ---- 533 .0300B .0050
raw/wayback/puts_20260615231726.pdf,1,missing option settlement,9537 ---- ---- ---- ---- ---- ---- ---- ---- ---- ---- 13686 .5350B .0025
raw/wayback/puts_20260615231726.pdf,1,missing option settlement,9543 ---- ---- ---- ---- ---- ---- ---- ---- ---- ---- 11717 .0375B .0025
raw/wayback/puts_20260615231726.pdf,1,missing option settlement,9550 ---- ---- ---- ---- ---- ---- ---- ---- ---- ---- 40012 .5800B .0025
raw/wayback/puts_20260615231726.pdf,1,missing option settlement,9556 ---- ---- ---- ---- ---- ---- ---- ---- ---- ---- 11610 .0475B .0025
raw/wayback/puts_20260615231726.pdf,1,missing option settlement,9562 ---- ---- ---- ---- ---- ---- ---- ---- 4 ---- 16284 .6300B .0050
raw/wayback/puts_20260615231726.pdf,1,missing option settlement,9568 ---- ---- ---- ---- ---- ---- ---- ---- ---- ---- 10090 .0600B .0050
raw/wayback/puts_20260615231726.pdf,1,missing option settlement,9575 ---- ---- ---- ---- ---- ---- ---- ---- ---- ---- 47508 .6850B .0025
raw/wayback/puts_20260615231726.pdf,1,missing option settlement,9581 ---- ---- ---- ---- ---- ---- ---- ---- ---- ---- 21567 .0750B .0025
raw/wayback/puts_20260615231726.pdf,1,missing option settlement,9587 ---- ---- ---- ---- ---- ---- ---- ---- ---- ---- 116499 .7450B .0025
raw/wayback/puts_20260615231726.pdf,1,missing option settlement,9593 ---- ---- ---- ---- ---- ---- ---- ---- ---- ---- 10096 .0975B .0025
raw/wayback/puts_20260615231726.pdf,1,missing option settlement,9600 ---- ---- ---- ---- ---- ---- ---- ---- ---- ---- 200715 .8100B .0025
raw/wayback/puts_20260615231726.pdf,1,missing option settlement,9606 ---- ---- ---- ---- ---- ---- ---- ---- ---- ---- 46270 .1650B .0025
raw/wayback/puts_20260615231726.pdf,1,missing option settlement,9612 ---- ---- ---- ---- ---- ---- ---- ---- ---- ---- 154376 .8750B .0025
raw/wayback/puts_20260615231726.pdf,1,missing option settlement,9618 ---- ---- ---- ---- ---- ---- ---- ---- ---- ---- 116901 .1800B .0025
raw/wayback/puts_20260615231726.pdf,1,missing option settlement,9625 ---- ---- ---- ---- ---- ---- ---- ---- ---- ---- 249355 .9450B .0025
raw/wayback/puts_20260615231726.pdf,1,missing option settlement,9631 ---- ---- ---- ---- ---- ---- ---- ---- ---- ---- 321946 .2600B .0025
raw/wayback/puts_20260713221313.pdf,1,missing option settlement,9300 ---- ---- ---- ---- ---- ---- ---- ---- ---- ---- 400 .0025 .0025
raw/wayback/puts_20260713221313.pdf,1,missing option settlement,9350 ---- ---- ---- ---- ---- ---- ---- ---- ---- ---- 500 .0025 .0025
raw/wayback/puts_20260713221313.pdf,1,missing option settlement,9400 ---- ---- ---- ---- ---- ---- ---- ---- ---- ---- 200 .0025 .0025
raw/wayback/puts_20260713221313.pdf,1,missing option settlement,9450 ---- ---- ---- ---- ---- ---- ---- ---- ---- ---- 362 .0125B .0025
raw/wayback/puts_20260713221313.pdf,1,missing option settlement,9475 ---- ---- ---- ---- ---- ---- ---- ---- ---- ---- 325 .0300B .0025
raw/wayback/puts_20260713221313.pdf,1,missing option settlement,9487 ---- ---- ---- ---- ---- ---- ---- ---- ---- ---- 638 .0375B .0025
raw/wayback/puts_20260713221313.pdf,1,missing option settlement,9500 ---- ---- ---- ---- ---- ---- ---- ---- ---- ---- 659 .0475B .0075A
raw/wayback/puts_20260713221313.pdf,1,missing option settlement,9512 ---- ---- ---- ---- ---- ---- ---- ---- ---- ---- 5442 .0575B .0075A
raw/wayback/puts_20260713221313.pdf,1,missing option settlement,9518 ---- ---- ---- ---- ---- ---- ---- ---- ---- ---- 2895 .0650B .0100
raw/wayback/puts_20260713221313.pdf,1,missing option settlement,9525 ---- ---- ---- ---- ---- ---- ---- ---- ---- ---- 11702 .0700B .0075A
raw/wayback/puts_20260713221313.pdf,1,missing option settlement,9537 ---- ---- ---- ---- ---- ---- ---- ---- ---- ---- 27000 .0875B .0025
raw/wayback/puts_20260713221313.pdf,1,missing option settlement,9543 ---- ---- ---- ---- ---- ---- ---- ---- ---- ---- 15680 .0975B .0050
raw/wayback/puts_20260713221313.pdf,1,missing option settlement,9550 ---- ---- ---- ---- ---- ---- ---- ---- ---- ---- 23889 .1075B .0025
raw/wayback/puts_20260713221313.pdf,1,missing option settlement,9556 ---- ---- ---- ---- ---- ---- ---- ---- ---- ---- 2500 .1175B .0050
raw/wayback/puts_20260713221313.pdf,1,missing option settlement,9562 ---- ---- ---- ---- ---- ---- ---- ---- ---- ---- 14156 .1300B .0050
raw/wayback/puts_20260713221313.pdf,1,missing option settlement,9568 ---- ---- ---- ---- ---- ---- ---- ---- ---- ---- 4340 .1450B .0050
raw/wayback/puts_20260713221313.pdf,1,missing option settlement,9575 ---- ---- ---- ---- ---- ---- ---- ---- ---- ---- 23403 .1600B .0025
raw/wayback/puts_20260713221313.pdf,1,missing option settlement,9581 ---- ---- ---- ---- ---- ---- ---- ---- ---- ---- 13593 .1750B .0025
raw/wayback/puts_20260713221313.pdf,1,missing option settlement,9587 ---- ---- ---- ---- ---- ---- ---- ---- ---- ---- 42868 .1950B .0025
raw/wayback/puts_20260713221313.pdf,1,missing option settlement,9593 ---- ---- ---- ---- ---- ---- ---- ---- ---- ---- 33115 .2150B .0025A
raw/wayback/puts_20260713221313.pdf,1,missing option settlement,9600 ---- ---- ---- ---- ---- ---- ---- ---- ---- ---- 55925 .2375B .0025
raw/wayback/puts_20260713221313.pdf,1,missing option settlement,9606 ---- ---- ---- ---- ---- ---- ---- ---- 1000 ---- 62291 .2625B .0025A
raw/wayback/calls_20260714221251.pdf,3,missing option settlement,9612 ---- ---- ---- ---- ---- ---- ---- ---- ---- ---- UNCH .7300B .0025
raw/wayback/puts_20260714221311.pdf,1,missing option settlement,9606 ---- ---- ---- ---- ---- ---- 1.000 ---- ---- ---- UNCH .2625B .0025A
raw/wayback/calls_20260817214213.pdf,3,missing option settlement,9625 ---- CAB CAB ---- ---- ---- ---- ---- 29051 ---- 181280 .5250B .0025
raw/wayback/calls_20260817214213.pdf,3,missing option settlement,9631 ---- ---- ---- ---- ---- ---- ---- ---- 5000 ---- 149716 .4650B .0025A
raw/wayback/calls_20260817214213.pdf,3,missing option settlement,9637 ---- ---- ---- ---- ---- ---- ---- ---- 500 ---- 99003 .4050B .0025
raw/wayback/calls_20260817214213.pdf,3,missing option settlement,9643 ---- ---- ---- ---- ---- ---- ---- ---- 1000 ---- 44381 .3525B .0200
raw/wayback/calls_20260817214213.pdf,3,missing option settlement,9650 ---- ---- ---- ---- ---- ---- ---- ---- ---- ---- 40067 .3075B .0025
raw/wayback/calls_20260817214213.pdf,3,missing option settlement,9656 ---- ---- ---- ---- ---- ---- ---- ---- ---- ---- 14025 .2675B .0050
raw/wayback/calls_20260817214213.pdf,3,missing option settlement,9662 ---- ---- ---- ---- ---- ---- ---- ---- ---- ---- 12960 .2350B .0050
raw/wayback/calls_20260817214213.pdf,3,missing option settlement,9668 ---- ---- ---- ---- ---- ---- ---- ---- ---- ---- 5831 .2075B .0025
raw/wayback/calls_20260817214213.pdf,3,missing option settlement,9675 ---- ---- ---- ---- ---- ---- ---- ---- ---- ---- 23160 .1825B .0025
raw/wayback/calls_20260817214213.pdf,3,missing option settlement,9681 ---- ---- ---- ---- ---- ---- ---- ---- ---- ---- 992 .1600B .0300A
raw/wayback/calls_20260817214213.pdf,3,missing option settlement,9687 ---- ---- ---- ---- ---- ---- ---- ---- ---- ---- 11016 .1400B .0075
raw/wayback/calls_20260817214213.pdf,3,missing option settlement,9693 ---- ---- ---- ---- ---- ---- ---- ---- ---- ---- 1311 .1250B .0125
raw/wayback/calls_20260817214213.pdf,3,missing option settlement,9700 ---- ---- ---- ---- ---- ---- ---- ---- ---- ---- 49100 .1125B .0125
raw/wayback/calls_20260817214213.pdf,3,missing option settlement,9706 ---- ---- ---- ---- ---- ---- ---- ---- ---- ---- 663 .1025B .0450A
raw/wayback/calls_20260817214213.pdf,3,missing option settlement,9712 ---- ---- ---- ---- ---- ---- ---- ---- ---- ---- 3352 .0925B .0425A
raw/wayback/calls_20260817214213.pdf,3,missing option settlement,9718 ---- ---- ---- ---- ---- ---- ---- ---- ---- ---- 500 .0825B .0075
raw/wayback/calls_20260817214213.pdf,3,missing option settlement,9725 ---- ---- ---- ---- ---- ---- ---- ---- ---- ---- 3200 .0750B .0375A
raw/wayback/calls_20260817214213.pdf,3,missing option settlement,9731 ---- ---- ---- ---- ---- ---- ---- ---- ---- ---- 492 .0700B .0025
raw/wayback/calls_20260817214213.pdf,3,missing option settlement,9743 ---- ---- ---- ---- ---- ---- ---- ---- ---- ---- 850 .0600B .0375A
raw/wayback/calls_20260817214213.pdf,3,missing option settlement,9750 ---- ---- ---- ---- ---- ---- ---- ---- ---- ---- 500 .0550B .0100
raw/wayback/calls_20260817214213.pdf,3,missing option settlement,9756 ---- ---- ---- ---- ---- ---- ---- ---- ---- ---- 200 .0500B .0125
raw/wayback/calls_20260817214213.pdf,3,missing option settlement,9762 ---- ---- ---- ---- ---- ---- ---- ---- ---- ---- 500 .0500 .0325A
raw/wayback/calls_20260817214213.pdf,3,missing option settlement,9768 ---- ---- ---- ---- ---- ---- ---- ---- ---- ---- 200 .0425B .0100
raw/wayback/calls_20260817214213.pdf,3,missing option settlement,9800 ---- ---- ---- ---- ---- ---- ---- ---- ---- ---- 35 .0300B .0225A
raw/wayback/calls_20260817214213.pdf,3,missing option settlement,9831 ---- ---- ---- ---- ---- ---- ---- ---- ---- ---- 50 .0225B .0175A
raw/wayback/calls_20260817214213.pdf,3,missing option settlement,9837 ---- ---- ---- ---- ---- ---- ---- ---- ---- ---- 158 .0200B .0025
raw/wayback/calls_20260817214213.pdf,3,missing option settlement,9850 ---- ---- ---- ---- ---- ---- ---- ---- ---- ---- 950 .0175B .0150
raw/wayback/calls_20260817214213.pdf,3,missing option settlement,9875 ---- ---- ---- ---- ---- ---- ---- ---- ---- ---- 207 .0125 .0125A
raw/wayback/calls_20260817214213.pdf,3,missing option settlement,9900 ---- ---- ---- ---- ---- ---- ---- ---- ---- ---- 60 .0100 .0100
raw/wayback/calls_20260817214213.pdf,3,missing option settlement,9925 ---- ---- ---- ---- ---- ---- ---- ---- ---- ---- 59 .0075 .0075
raw/wayback/calls_20260817214213.pdf,3,missing option settlement,9950 ---- ---- ---- ---- ---- ---- ---- ---- ---- ---- 100 .0025 .0025
raw/wayback/calls_20260817214213.pdf,3,missing option settlement,10000 ---- ---- ---- ---- ---- ---- ---- ---- ---- ---- 300 .0025 .0025
raw/wayback/calls_20260817214213.pdf,3,missing option settlement,10100 ---- ---- ---- ---- ---- ---- ---- ---- ---- ---- 200 .0025 .0025
raw/wayback/puts_20260817214230.pdf,1,missing option settlement,9250 ---- ---- ---- ---- ---- ---- ---- ---- ---- ---- 100 .0025 .0025
raw/wayback/puts_20260817214230.pdf,1,missing option settlement,9300 ---- ---- ---- ---- ---- ---- ---- ---- ---- ---- 200 .0025 .0025
raw/wayback/puts_20260817214230.pdf,1,missing option settlement,9350 ---- ---- ---- ---- ---- ---- ---- ---- ---- ---- 950 .0025 .0025
raw/wayback/puts_20260817214230.pdf,1,missing option settlement,9400 ---- ---- ---- ---- ---- ---- ---- ---- ---- ---- 100 ---- ----
raw/wayback/puts_20260817214230.pdf,1,missing option settlement,9425 ---- ---- ---- ---- ---- ---- ---- ---- ---- ---- 100 .0125B .0025
raw/wayback/puts_20260817214230.pdf,1,missing option settlement,9468 ---- ---- ---- ---- ---- ---- ---- ---- ---- ---- 100 .0175B .0125
raw/wayback/puts_20260817214230.pdf,1,missing option settlement,9481 ---- ---- ---- ---- ---- ---- ---- ---- ---- ---- 250 .0450B .0075A
raw/wayback/puts_20260817214230.pdf,1,missing option settlement,9487 ---- ---- ---- ---- ---- ---- ---- ---- ---- ---- 12 .0475B .0075A
raw/wayback/puts_20260817214230.pdf,1,missing option settlement,9500 ---- ---- ---- ---- ---- ---- ---- ---- ---- ---- 1351 .0575B .0050A
raw/wayback/puts_20260817214230.pdf,1,missing option settlement,9506 ---- ---- ---- ---- ---- ---- ---- ---- ---- ---- 50 .0650B .0050A
raw/wayback/puts_20260817214230.pdf,1,missing option settlement,9512 ---- ---- ---- ---- ---- ---- ---- ---- ---- ---- 20 .0700B .0100A
raw/wayback/puts_20260817214230.pdf,1,missing option settlement,9525 ---- ---- ---- ---- ---- ---- ---- ---- ---- ---- 16159 .0850B .0125A
raw/wayback/puts_20260817214230.pdf,1,missing option settlement,9531 ---- ---- ---- ---- ---- ---- ---- ---- ---- ---- 10079 .0950B .0025
raw/wayback/puts_20260817214230.pdf,1,missing option settlement,9537 ---- ---- ---- ---- ---- ---- ---- ---- ---- ---- 2657 .1025B .0075A
raw/wayback/puts_20260817214230.pdf,1,missing option settlement,9543 ---- ---- ---- ---- ---- ---- ---- ---- ---- ---- 1750 .1125B .0025
raw/wayback/puts_20260817214230.pdf,1,missing option settlement,9550 ---- ---- ---- ---- ---- ---- ---- ---- ---- ---- 43162 .1250B .0025
raw/wayback/puts_20260817214230.pdf,1,missing option settlement,9556 ---- ---- ---- ---- ---- ---- ---- ---- ---- ---- 2102 .1375B .0050A
raw/wayback/puts_20260817214230.pdf,1,missing option settlement,9562 ---- ---- ---- ---- ---- ---- ---- ---- ---- ---- 20073 .1500B .0025
raw/wayback/puts_20260817214230.pdf,1,missing option settlement,9568 ---- ---- ---- ---- ---- ---- ---- ---- ---- ---- 54852 .1650B .0025
raw/wayback/puts_20260817214230.pdf,1,missing option settlement,9575 ---- ---- ---- ---- ---- ---- ---- ---- ---- ---- 98385 .1800B .0025
raw/wayback/puts_20260817214230.pdf,1,missing option settlement,9581 ---- ---- ---- ---- ---- ---- ---- ---- ---- ---- 155768 .1975B .0025
raw/wayback/puts_20260817214230.pdf,1,missing option settlement,9587 ---- ---- ---- ---- ---- ---- ---- ---- ---- ---- 143248 .2175B .0025
raw/wayback/puts_20260817214230.pdf,1,missing option settlement,9593 ---- ---- ---- ---- ---- ---- ---- ---- ---- ---- 104882 .2400B .0025
raw/wayback/puts_20260817214230.pdf,1,missing option settlement,9600 ---- ---- ---- ---- ---- ---- ---- ---- ---- ---- 119531 .2625B .0025
raw/wayback/puts_20260817214230.pdf,1,missing option settlement,9606 ---- ---- ---- ---- ---- ---- ---- ---- ---- ---- 99306 .2900B .0025
raw/wayback/puts_20260817214230.pdf,1,missing option settlement,9612 ---- ---- ---- ---- ---- ---- ---- ---- ---- ---- 102470 .3175B .0025
raw/wayback/puts_20260817214230.pdf,1,missing option settlement,9618 ---- ---- ---- ---- ---- ---- ---- ---- ---- ---- 45931 .3475B .0025
raw/wayback/calls_20260818213642.pdf,3,missing option settlement,9625 ---- ---- ---- ---- ---- ---- ---- ---- ---- ---- UNCH .5250B .0025
raw/wayback/calls_20260818213642.pdf,3,missing option settlement,9631 ---- ---- ---- ---- ---- ---- ---- ---- ---- ---- UNCH .4650B .0025A
raw/wayback/calls_20260818213642.pdf,3,missing option settlement,9637 ---- ---- ---- ---- ---- ---- ---- ---- ---- ---- UNCH .4050B .0025
raw/wayback/calls_20260818213642.pdf,3,missing option settlement,9643 ---- ---- ---- ---- ---- ---- ---- ---- ---- ---- UNCH .3525B .0200
raw/wayback/calls_20260914235815.pdf,3,missing option settlement,9606 .0075 #.0075 *.0050 .0050 ----- ---- ---- ---- 21435 ---- 75321 1.0650B .0025A
raw/wayback/calls_20260914235815.pdf,3,missing option settlement,9612 ---- ---- ---- .0175N ----- ---- ---- ---- 29418 ---- 189755 1.2700B .0025A
raw/wayback/calls_20260914235815.pdf,3,missing option settlement,9618 ---- ---- ---- .0050N ----- ---- ---- ---- 44492 ---- 321052 .9450B .0025A
raw/wayback/calls_20260914235815.pdf,3,missing option settlement,9625 ---- ---- ---- ---- ---- ---- ---- ---- 16480 ---- 418890 1.2000B .0025
raw/wayback/calls_20260914235815.pdf,3,missing option settlement,9631 ---- ---- ---- ---- ---- ---- ---- ---- 7500 ---- 407875 .8300B .0025
raw/wayback/calls_20260914235815.pdf,3,missing option settlement,9637 ---- ---- ---- ---- ---- ---- ---- ---- ---- ---- 454238 1.1100B .0025
raw/wayback/calls_20260914235815.pdf,3,missing option settlement,9643 ---- ---- ---- ---- ---- ---- ---- ---- ---- ---- 308089 .7225B .0025
raw/wayback/calls_20260914235815.pdf,3,missing option settlement,9650 ---- ---- ---- ---- ---- ---- ---- ---- ---- ---- 342100 .9950B .0025
raw/wayback/calls_20260914235815.pdf,3,missing option settlement,9656 ---- ---- ---- ---- ---- ---- ---- ---- ---- ---- 247818 .6250B .0025
raw/wayback/calls_20260914235815.pdf,3,missing option settlement,9662 ---- ---- ---- ---- ---- ---- ---- ---- ---- ---- 169931 .9150B .0025
raw/wayback/calls_20260914235815.pdf,3,missing option settlement,9668 ---- ---- ---- ---- ---- ---- ---- ---- ---- ---- 104334 .5375B .0050
raw/wayback/calls_20260914235815.pdf,3,missing option settlement,9675 ---- ---- ---- ---- ---- ---- ---- ---- ---- ---- 515007 .8400B .0025
raw/wayback/calls_20260914235815.pdf,3,missing option settlement,9681 ---- ---- ---- ---- ---- ---- ---- ---- ---- ---- 235463 .4625B .0075
raw/wayback/calls_20260914235815.pdf,3,missing option settlement,9687 ---- ---- ---- ---- ---- ---- ---- ---- ---- ---- 284227 .7700B .0075
raw/wayback/calls_20260914235815.pdf,3,missing option settlement,9693 ---- ---- ---- ---- ---- ---- ---- ---- ---- ---- 120128 .3950B .0075
raw/wayback/calls_20260914235815.pdf,3,missing option settlement,9700 ---- ---- ---- ---- ---- ---- ---- ---- ---- ---- 420562 .7000B .0025
raw/wayback/calls_20260914235815.pdf,3,missing option settlement,9706 ---- ---- ---- ---- ---- ---- ---- ---- ---- ---- 46043 .3375B .0025
raw/wayback/calls_20260914235815.pdf,3,missing option settlement,9712 ---- ---- ---- ---- ---- ---- ---- ---- ---- ---- 115032 .6400B .0025
raw/wayback/calls_20260914235815.pdf,3,missing option settlement,9718 ---- ---- ---- ---- ---- ---- ---- ---- ---- ---- 17836 .2875B .0025
raw/wayback/calls_20260914235815.pdf,3,missing option settlement,9725 ---- ---- ---- ---- ---- ---- ---- ---- ---- ---- 265606 .6000B .0050
raw/wayback/calls_20260914235815.pdf,3,missing option settlement,9731 ---- ---- ---- ---- ---- ---- ---- ---- ---- ---- 7884 .2425B .0275
raw/wayback/calls_20260914235815.pdf,3,missing option settlement,9737 ---- ---- ---- ---- ---- ---- ---- ---- ---- ---- 53510 .5250B .0025
raw/wayback/calls_20260914235815.pdf,3,missing option settlement,9743 ---- ---- ---- ---- ---- ---- ---- ---- ---- ---- 2285 .2050B .0175
raw/wayback/calls_20260914235815.pdf,3,missing option settlement,9750 ---- ---- ---- ---- ---- ---- ---- ---- ---- ---- 326157 .4900B .0025
raw/wayback/calls_20260914235815.pdf,3,missing option settlement,9756 ---- ---- ---- ---- ---- ---- ---- ---- ---- ---- 901 .1725B .0125
raw/wayback/calls_20260914235815.pdf,3,missing option settlement,9762 ---- ---- ---- ---- ---- ---- ---- ---- ---- ---- 20365 .4250B .0200
raw/wayback/calls_20260914235815.pdf,3,missing option settlement,9768 ---- ---- ---- ---- ---- ---- ---- ---- ---- ---- 3709 .1475B .0125
raw/wayback/calls_20260914235815.pdf,3,missing option settlement,9775 ---- ---- ---- ---- ---- ---- ---- ---- ---- ---- 40577 .3800B .0175
raw/wayback/calls_20260914235815.pdf,3,missing option settlement,9781 ---- ---- ---- ---- ---- ---- ---- ---- ---- ---- 7070 .1225B .0250A
raw/wayback/calls_20260914235815.pdf,3,missing option settlement,9787 ---- ---- ---- ---- ---- ---- ---- ---- ---- ---- 40172 .3400B .0125
raw/wayback/calls_20260914235815.pdf,3,missing option settlement,9793 ---- ---- ---- ---- ---- ---- ---- ---- ---- ---- 536 .1050B .0250A
raw/wayback/calls_20260914235815.pdf,3,missing option settlement,9800 ---- ---- ---- ---- ---- ---- ---- ---- ---- ---- 182584 .3000B .0025
raw/wayback/calls_20260914235815.pdf,3,missing option settlement,9806 ---- ---- ---- ---- ---- ---- ---- ---- ---- ---- 1471 .0875B .0200
raw/wayback/calls_20260914235815.pdf,3,missing option settlement,9812 ---- ---- ---- ---- ---- ---- ---- ---- ---- ---- 10180 .2700B .0200
raw/wayback/calls_20260914235815.pdf,3,missing option settlement,9818 ---- ---- ---- ---- ---- ---- ---- ---- ---- ---- 1774 .0725B .0175
raw/wayback/calls_20260914235815.pdf,3,missing option settlement,9825 ---- ---- ---- ---- ---- ---- ---- ---- ---- ---- 15581 .2400B .0175
raw/wayback/calls_20260914235815.pdf,3,missing option settlement,9831 ---- ---- ---- ---- ---- ---- ---- ---- ---- ---- 350 .0625B .0175A
raw/wayback/calls_20260914235815.pdf,3,missing option settlement,9837 ---- ---- ---- ---- ---- ---- ---- ---- ---- ---- 7744 .2100B .0100
raw/wayback/calls_20260914235815.pdf,3,missing option settlement,9843 ---- ---- ---- ---- ---- ---- ---- ---- ---- ---- 3309 .0525B .0175A
raw/wayback/calls_20260914235815.pdf,3,missing option settlement,9850 ---- ---- ---- ---- ---- ---- ---- ---- ---- ---- 42785 .1800B .0075
raw/wayback/calls_20260914235815.pdf,3,missing option settlement,9856 ---- ---- ---- ---- ---- ---- ---- ---- ---- ---- 179 .0450B .0125
raw/wayback/calls_20260914235815.pdf,3,missing option settlement,9862 ---- ---- ---- ---- ---- ---- ---- ---- ---- ---- 24654 .1650B .0125
raw/wayback/calls_20260914235815.pdf,3,missing option settlement,9875 ---- ---- ---- ---- ---- ---- ---- ---- ---- ---- 3245 .1300B .0100
raw/wayback/calls_20260914235815.pdf,3,missing option settlement,9887 ---- ---- ---- ---- ---- ---- ---- ---- ---- ---- 65 .1150B .0125A
raw/wayback/calls_20260914235815.pdf,3,missing option settlement,9900 ---- ---- ---- ---- ---- ---- ---- ---- ---- ---- 209733 .1000B .0025
raw/wayback/calls_20260914235815.pdf,3,missing option settlement,9925 ---- ---- ---- ---- ---- ---- ---- ---- ---- ---- 34000 .0550B .0075A
raw/wayback/calls_20260914235815.pdf,3,missing option settlement,9950 ---- ---- ---- ---- ---- ---- ---- ---- ---- ---- 9855 .0400B .0050
raw/wayback/calls_20260914235815.pdf,3,missing option settlement,9975 ---- ---- ---- ---- ---- ---- ---- ---- ---- ---- 36149 .0200B .0025
raw/wayback/calls_20260914235815.pdf,3,missing option settlement,10000 ---- ---- ---- ---- ---- ---- ---- ---- ---- ---- 132186 .0025 .0025A
raw/wayback/calls_20260914235815.pdf,3,missing option settlement,10050 ---- ---- ---- ---- ---- ---- ---- ---- ---- ---- 200 .0025 .0025
raw/wayback/calls_20260914235815.pdf,3,missing option settlement,10100 ---- ---- ---- ---- ---- ---- ---- ---- ---- ---- 24066 ---- .0050A
raw/wayback/puts_20260914235822.pdf,1,missing option settlement,9000 ---- ---- ---- ---- ---- ---- ---- ---- ---- ---- 150 .0200 .0050
raw/wayback/puts_20260914235822.pdf,1,missing option settlement,9100 ---- ---- ---- ---- ---- ---- ---- ---- ---- ---- 50 ---- ----
raw/wayback/puts_20260914235822.pdf,1,missing option settlement,9125 ---- ---- ---- ---- ---- ---- ---- ---- ---- ---- 224 .0050 .0025
raw/wayback/puts_20260914235822.pdf,1,missing option settlement,9250 ---- ---- ---- ---- ---- ---- ---- ---- ---- ---- 49 .0050 .0025
raw/wayback/puts_20260914235822.pdf,1,missing option settlement,9300 ---- ---- ---- ---- ---- ---- ---- ---- ---- ---- 540 .0750B .0025
raw/wayback/puts_20260914235822.pdf,1,missing option settlement,9325 ---- ---- ---- ---- ---- ---- ---- ---- ---- ---- 56 .1100B .0050
raw/wayback/puts_20260914235822.pdf,1,missing option settlement,9350 ---- ---- ---- ---- ---- ---- ---- ---- ---- ---- 97 .1600B .0250A
raw/wayback/puts_20260914235822.pdf,1,missing option settlement,9375 ---- ---- ---- ---- ---- ---- ---- ---- ---- ---- 445 .1600B .0025
raw/wayback/puts_20260914235822.pdf,1,missing option settlement,9400 ---- ---- ---- ---- ---- ---- ---- ---- ---- ---- 28384 .1950B .0025
raw/wayback/puts_20260914235822.pdf,1,missing option settlement,9412 ---- ---- ---- ---- ---- ---- ---- ---- ---- ---- 338 .2300B .0025
raw/wayback/puts_20260914235822.pdf,1,missing option settlement,9425 ---- ---- ---- ---- ---- ---- ---- ---- ---- ---- 1572 .2550B .0025
raw/wayback/puts_20260914235822.pdf,1,missing option settlement,9437 ---- ---- ---- ---- ---- ---- ---- ---- ---- ---- 160 .2800B .0025
raw/wayback/puts_20260914235822.pdf,1,missing option settlement,9450 ---- ---- ---- ---- ---- ---- ---- ---- ---- ---- 54000 .3050B .0025
raw/wayback/puts_20260914235822.pdf,1,missing option settlement,9462 ---- ---- ---- ---- ---- ---- ---- ---- ---- ---- 699 .3350B .0075A
raw/wayback/puts_20260914235822.pdf,1,missing option settlement,9468 ---- ---- ---- ---- ---- ---- ---- ---- ---- ---- 250 .0250B .0075A
raw/wayback/puts_20260914235822.pdf,1,missing option settlement,9475 ---- ---- ---- ---- ---- ---- ---- ---- ---- ---- 7601 .3650B .0025
raw/wayback/puts_20260914235822.pdf,1,missing option settlement,9487 ---- ---- ---- ---- ---- ---- ---- ---- ---- ---- 1432 .4000B .0050A
raw/wayback/puts_20260914235822.pdf,1,missing option settlement,9500 ---- ---- ---- ---- ---- ---- ---- ---- ---- ---- 69095 .4350B .0050
raw/wayback/puts_20260914235822.pdf,1,missing option settlement,9512 ---- ---- ---- ---- ---- ---- ---- ---- ---- ---- 1397 .4700B .0050
raw/wayback/puts_20260914235822.pdf,1,missing option settlement,9525 ---- ---- ---- ---- ---- ---- ---- ---- ---- ---- 29405 .5100B .0050
raw/wayback/puts_20260914235822.pdf,1,missing option settlement,9531 ---- ---- ---- ---- ---- ---- ---- ---- ---- ---- 6981 .1100B .0025
raw/wayback/puts_20260914235822.pdf,1,missing option settlement,9537 ---- ---- ---- ---- ---- ---- ---- ---- ---- ---- 14146 .5500B .0025
raw/wayback/puts_20260914235822.pdf,1,missing option settlement,9543 ---- ---- ---- ---- ---- ---- ---- ---- ---- ---- 19912 .1300B .0025
raw/wayback/puts_20260914235822.pdf,1,missing option settlement,9550 ---- ---- ---- ---- ---- ---- ---- ---- ---- ---- 63132 .5900B .0025
raw/wayback/puts_20260914235822.pdf,1,missing option settlement,9556 ---- ---- ---- ---- ---- ---- ---- ---- ---- ---- 26644 .1550B .0025
raw/wayback/puts_20260914235822.pdf,1,missing option settlement,9562 ---- ---- ---- ---- ---- ---- ---- ---- 190 ---- 57697 .6400B .0025
raw/wayback/puts_20260914235822.pdf,1,missing option settlement,9568 ---- ---- ---- ---- ---- ---- ---- ---- ---- ---- 44349 .1825B .0025
raw/wayback/puts_20260914235822.pdf,1,missing option settlement,9575 ---- ---- ---- ---- ---- ---- ---- ---- 2000 ---- 175845 .6900B .0025
raw/wayback/puts_20260914235822.pdf,1,missing option settlement,9581 ---- ---- ---- ---- ---- ---- ---- ---- ---- ---- 125730 .2175B .0025
raw/wayback/puts_20260914235822.pdf,1,missing option settlement,9587 ---- ---- ---- ---- ---- ---- ---- ---- 8880 ---- 212636 .7500B .0025
raw/wayback/puts_20260914235822.pdf,1,missing option settlement,9593 ---- ---- ---- ---- ---- ---- ---- ---- 6000 ---- 145632 .2600B .0025
raw/wayback/puts_20260914235822.pdf,1,missing option settlement,9600 ---- CAB CAB ---- ---- ---- ---- ---- 48480 ---- 400457 .8100B .0025
raw/wayback/calls_20260915234310.pdf,3,missing option settlement,9606 ---- ---- ---- ---- ---- ---- ---- ---- ---- ---- UNCH 1.0650B .0025A
raw/wayback/calls_20260915234310.pdf,3,missing option settlement,9612 ---- ---- ---- ---- ---- ---- ---- ---- ---- ---- UNCH 1.2700B .0025A
raw/wayback/calls_20260915234310.pdf,3,missing option settlement,9618 ---- ---- ---- ---- ---- ---- ---- ---- ---- ---- UNCH .9450B .0025A
raw/wayback/calls_20260915234310.pdf,3,missing option settlement,9625 ---- ---- ---- ---- ---- ---- ---- ---- ---- ---- UNCH 1.2000B .0025
raw/wayback/calls_20260915234310.pdf,3,missing option settlement,9631 ---- ---- ---- ---- ---- ---- ---- ---- ---- ---- UNCH .8300B .0025
raw/wayback/puts_20260915234338.pdf,1,missing option settlement,9562 ---- ---- ---- ---- ---- ---- ---- ---- ---- ---- UNCH .6400B .0025
raw/wayback/puts_20260915234338.pdf,1,missing option settlement,9575 ---- ---- ---- ---- ---- ---- ---- ---- ---- ---- UNCH .6900B .0025
raw/wayback/puts_20260915234338.pdf,1,missing option settlement,9587 ---- ---- ---- ---- ---- ---- ---- ---- ---- ---- UNCH .7500B .0025
raw/wayback/puts_20260915234338.pdf,1,missing option settlement,9593 ---- ---- ---- ---- ---- ---- ---- ---- ---- ---- UNCH .2600B .0025
raw/wayback/puts_20260915234338.pdf,1,missing option settlement,9600 ---- ---- ---- ---- ---- ---- ---- ---- ---- ---- UNCH .8100B .0025
