effectiveDate,type,percentRate,percentPercentile1,percentPercentile25,percentPercentile75,percentPercentile99,volumeInBillions,revisionIndicator
2026-03-02,SOFR,3.71,3.67,3.69,3.78,3.82,3404,
2026-03-03,SOFR,3.7,3.65,3.67,3.76,3.78,3310,
2026-03-04,SOFR,3.67,3.64,3.65,3.74,3.76,3292,
2026-03-05,SOFR,3.66,3.6,3.63,3.72,3.74,3294,
2026-03-06,SOFR,3.65,3.6,3.62,3.71,3.73,3198,
2026-03-09,SOFR,3.65,3.61,3.63,3.71,3.74,3173,
2026-03-10,SOFR,3.64,3.6,3.62,3.7,3.72,3200,
2026-03-11,SOFR,3.64,3.6,3.62,3.7,3.73,3175,
2026-03-12,SOFR,3.65,3.6,3.63,3.71,3.74,3112,
2026-03-13,SOFR,3.65,3.6,3.63,3.71,3.74,3164,
2026-03-16,SOFR,3.7,3.63,3.67,3.76,3.79,3178,
2026-03-17,SOFR,3.65,3.6,3.62,3.71,3.73,3146,
2026-03-18,SOFR,3.62,3.58,3.6,3.69,3.71,3092,
2026-03-19,SOFR,3.62,3.59,3.6,3.68,3.71,3121,
2026-03-20,SOFR,3.62,3.59,3.6,3.68,3.7,3102,
2026-03-23,SOFR,3.62,3.59,3.6,3.68,3.71,3013,
2026-03-24,SOFR,3.63,3.59,3.6,3.69,3.72,3014,
2026-03-25,SOFR,3.64,3.6,3.63,3.71,3.74,3063,
2026-03-26,SOFR,3.65,3.61,3.63,3.72,3.75,3113,
2026-03-27,SOFR,3.63,3.6,3.62,3.69,3.73,3037,
2026-03-30,SOFR,3.63,3.6,3.62,3.69,3.73,3082,
2026-03-31,SOFR,3.68,3.62,3.66,3.75,3.78,3280,
2026-04-01,SOFR,3.65,3.61,3.62,3.71,3.75,3265,
2026-04-02,SOFR,3.66,3.62,3.63,3.73,3.75,3251,
2026-04-06,SOFR,3.65,3.6,3.63,3.71,3.74,3217,
2026-04-07,SOFR,3.62,3.55,3.61,3.68,3.71,3260,
2026-04-08,SOFR,3.59,3.55,3.58,3.66,3.69,3169,
2026-04-09,SOFR,3.57,3.53,3.54,3.63,3.7,3147,
2026-04-10,SOFR,3.61,3.57,3.59,3.68,3.72,3063,
2026-04-13,SOFR,3.63,3.6,3.61,3.69,3.72,3135,
2026-04-14,SOFR,3.66,3.6,3.64,3.71,3.75,3116,
2026-04-15,SOFR,3.72,3.65,3.7,3.78,3.82,3117,
2026-04-16,SOFR,3.67,3.63,3.64,3.73,3.75,3107,
2026-04-17,SOFR,3.65,3.6,3.62,3.71,3.73,3042,
2026-04-20,SOFR,3.63,3.59,3.6,3.69,3.71,3010,
2026-04-21,SOFR,3.63,3.59,3.61,3.69,3.72,3021,
2026-04-22,SOFR,3.64,3.59,3.62,3.7,3.73,2960,
2026-04-23,SOFR,3.65,3.59,3.63,3.7,3.74,3011,
2026-04-24,SOFR,3.66,3.6,3.65,3.73,3.76,3047,
2026-04-27,SOFR,3.66,3.6,3.65,3.72,3.76,3058,
2026-04-28,SOFR,3.64,3.6,3.62,3.69,3.73,3021,
2026-04-29,SOFR,3.63,3.59,3.61,3.69,3.72,2964,
2026-04-30,SOFR,3.66,3.59,3.64,3.72,3.75,3275,
2026-05-01,SOFR,3.64,3.61,3.63,3.69,3.73,3150,
2026-05-04,SOFR,3.63,3.59,3.61,3.67,3.71,3113,
2026-05-05,SOFR,3.62,3.58,3.6,3.66,3.71,3148,
2026-05-06,SOFR,3.61,3.57,3.6,3.66,3.71,3129,
2026-05-07,SOFR,3.6,3.57,3.58,3.65,3.69,3106,
2026-05-08,SOFR,3.6,3.56,3.58,3.65,3.68,3087,
2026-05-11,SOFR,3.6,3.55,3.58,3.64,3.68,3090,
2026-05-12,SOFR,3.6,3.56,3.58,3.65,3.69,3097,
2026-05-13,SOFR,3.59,3.55,3.58,3.64,3.68,3119,
2026-05-14,SOFR,3.56,3.53,3.55,3.62,3.67,3115,
2026-05-15,SOFR,3.55,3.51,3.53,3.61,3.65,3157,
2026-05-18,SOFR,3.53,3.5,3.52,3.58,3.62,3159,
2026-05-19,SOFR,3.51,3.48,3.51,3.54,3.59,3111,
2026-05-20,SOFR,3.5,3.46,3.5,3.52,3.56,3082,
2026-05-21,SOFR,3.51,3.48,3.51,3.55,3.62,3077,
2026-05-22,SOFR,3.55,3.51,3.53,3.61,3.65,3078,
2026-05-26,SOFR,3.63,3.56,3.61,3.69,3.72,3127,
2026-05-27,SOFR,3.63,3.6,3.62,3.69,3.73,3176,
2026-05-28,SOFR,3.62,3.58,3.6,3.68,3.72,3139,
2026-05-29,SOFR,3.63,3.58,3.61,3.69,3.72,3201,
2026-06-01,SOFR,3.65,3.6,3.63,3.71,3.74,3224,
2026-06-02,SOFR,3.63,3.59,3.61,3.68,3.71,3148,
2026-06-03,SOFR,3.61,3.58,3.59,3.67,3.7,3098,
2026-06-04,SOFR,3.62,3.58,3.59,3.67,3.7,3147,
2026-06-05,SOFR,3.63,3.58,3.61,3.68,3.71,3131,
2026-06-08,SOFR,3.63,3.57,3.61,3.68,3.71,3115,
2026-06-09,SOFR,3.6,3.56,3.59,3.65,3.69,3063,
2026-06-10,SOFR,3.59,3.55,3.57,3.64,3.67,3023,
2026-06-11,SOFR,3.6,3.57,3.58,3.66,3.7,3061,
2026-06-12,SOFR,3.65,3.59,3.63,3.7,3.74,3059,
2026-06-15,SOFR,3.69,3.62,3.67,3.74,3.78,3147,
2026-06-16,SOFR,3.63,3.6,3.61,3.69,3.72,3137,
2026-06-17,SOFR,3.63,3.59,3.61,3.68,3.71,3114,
2026-06-18,SOFR,3.62,3.58,3.6,3.67,3.7,3148,
2026-06-22,SOFR,3.61,3.57,3.59,3.67,3.69,3073,
2026-06-23,SOFR,3.62,3.55,3.6,3.67,3.7,3105,
2026-06-24,SOFR,3.62,3.57,3.61,3.68,3.71,3116,
2026-06-25,SOFR,3.64,3.58,3.62,3.69,3.74,3145,
2026-06-26,SOFR,3.62,3.58,3.6,3.67,3.7,3171,
2026-06-29,SOFR,3.62,3.58,3.6,3.68,3.71,3126,
2026-06-30,SOFR,3.68,3.61,3.64,3.73,3.8,3418,
2026-07-01,SOFR,3.66,3.61,3.63,3.71,3.73,3321,
2026-07-02,SOFR,3.64,3.6,3.62,3.7,3.72,3208,
2026-07-06,SOFR,3.63,3.58,3.61,3.68,3.71,3212,
2026-07-07,SOFR,3.62,3.58,3.6,3.67,3.71,3154,
2026-07-08,SOFR,3.58,3.55,3.57,3.64,3.67,3158,
2026-07-09,SOFR,3.53,3.5,3.51,3.57,3.65,3126,
2026-07-10,SOFR,3.55,3.51,3.52,3.6,3.67,3056,
2026-07-13,SOFR,3.6,3.55,3.58,3.65,3.69,3096,
2026-07-14,SOFR,3.63,3.55,3.62,3.69,3.72,3092,
2026-07-15,SOFR,3.64,3.58,3.62,3.7,3.73,3104,
2026-07-16,SOFR,3.62,3.58,3.59,3.67,3.7,3038,
2026-07-17,SOFR,3.59,3.55,3.56,3.64,3.67,3030,
2026-07-20,SOFR,3.57,3.54,3.54,3.62,3.66,3012,
2026-07-21,SOFR,3.61,3.56,3.58,3.66,3.69,2975,
2026-07-22,SOFR,3.62,3.56,3.6,3.67,3.7,3026,
2026-07-23,SOFR,3.64,3.58,3.62,3.7,3.72,2971,
2026-07-24,SOFR,3.64,3.59,3.62,3.69,3.72,2979,
2026-07-27,SOFR,3.64,3.59,3.62,3.68,3.72,2953,
2026-07-28,SOFR,3.65,3.6,3.64,3.71,3.74,2977,
2026-07-29,SOFR,3.65,3.6,3.64,3.7,3.74,3032,
2026-07-30,SOFR,3.65,3.6,3.63,3.7,3.73,3011,
2026-07-31,SOFR,3.66,3.6,3.64,3.72,3.75,3205,
2026-08-03,SOFR,3.65,3.61,3.63,3.7,3.73,3055,
2026-08-04,SOFR,3.66,3.6,3.64,3.71,3.74,3036,
2026-08-05,SOFR,3.64,3.6,3.63,3.7,3.73,2989,
2026-08-06,SOFR,3.65,3.61,3.63,3.7,3.73,3055,
2026-08-07,SOFR,3.62,3.59,3.6,3.68,3.71,2977,
2026-08-10,SOFR,3.63,3.58,3.61,3.68,3.71,2964,
2026-08-11,SOFR,3.64,3.58,3.63,3.7,3.73,2961,
2026-08-12,SOFR,3.62,3.58,3.6,3.67,3.71,2943,
2026-08-13,SOFR,3.62,3.59,3.6,3.67,3.7,2932,
2026-08-14,SOFR,3.62,3.59,3.6,3.68,3.7,2957,
2026-08-17,SOFR,3.66,3.6,3.64,3.71,3.74,3068,
2026-08-18,SOFR,3.65,3.6,3.63,3.7,3.72,3010,
2026-08-19,SOFR,3.62,3.58,3.6,3.67,3.7,2923,
2026-08-20,SOFR,3.63,3.58,3.6,3.68,3.71,2922,
2026-08-21,SOFR,3.65,3.59,3.63,3.7,3.73,2952,
2026-08-24,SOFR,3.65,3.59,3.63,3.71,3.73,2919,
2026-08-25,SOFR,3.66,3.6,3.64,3.71,3.74,2916,
2026-08-26,SOFR,3.64,3.6,3.62,3.7,3.72,2859,
2026-08-27,SOFR,3.64,3.59,3.62,3.7,3.72,2836,
2026-08-28,SOFR,3.65,3.59,3.63,3.7,3.73,2808,
2026-08-31,SOFR,3.68,3.6,3.67,3.74,3.77,3056,
2026-09-01,SOFR,3.66,3.61,3.63,3.71,3.74,2912,
2026-09-02,SOFR,3.65,3.6,3.63,3.7,3.73,2882,
2026-09-03,SOFR,3.66,3.6,3.64,3.7,3.74,2949,
2026-09-04,SOFR,3.65,3.6,3.64,3.7,3.73,2888,
2026-09-08,SOFR,3.64,3.58,3.63,3.69,3.73,2904,
2026-09-09,SOFR,3.64,3.59,3.62,3.68,3.72,2859,
2026-09-10,SOFR,3.62,3.58,3.6,3.67,3.7,2921,
2026-09-11,SOFR,3.62,3.57,3.6,3.67,3.69,2867,
2026-09-14,SOFR,3.62,3.57,3.6,3.67,3.7,2861,
2026-09-15,SOFR,3.64,3.57,3.62,3.69,3.72,2952,
2026-09-16,SOFR,3.62,3.58,3.6,3.67,3.7,2931,
2026-09-17,SOFR,3.85,3.7,3.83,3.9,3.93,2992,
2026-09-18,SOFR,3.85,3.8,3.83,3.9,3.93,2955,
2026-09-21,SOFR,3.85,3.8,3.83,3.91,3.93,2912,
2026-09-22,SOFR,3.87,3.8,3.85,3.92,3.95,2940,
2026-09-23,SOFR,3.87,3.81,3.85,3.92,3.95,2946,
2026-09-24,SOFR,3.88,3.81,3.86,3.92,3.96,2990,
