trade_date,publication_status,bulletin_number,pages,bytes,sha256,kind,capture_timestamp,file,archive_url
2026-03-18,FINAL,52,6,138812,030f2af4f1e3a41bdf71683a07c38cf9150d85f9bcfdc09296a91f79a5c3d401,calls,20260319171405,raw/wayback/calls_20260319171405.pdf,https://web.archive.org/web/20260319171405id_/https://www.cmegroup.com/daily_bulletin/current/Section51_STIR_Call_Options.pdf
2026-03-23,PRELIMINARY,55,7,142423,1cc70c930fd31ef3424a6dd897f8cbb17c44723e3bbfeae2107261a5761c5c6f,calls,20260324085535,raw/wayback/calls_20260324085535.pdf,https://web.archive.org/web/20260324085535id_/https://www.cmegroup.com/daily_bulletin/current/Section51_STIR_Call_Options.pdf
2026-03-24,PRELIMINARY,56,7,142828,442b868891ee7f7da577a309af0acd49a390e779de1b76140d0edb90dbd1868e,calls,20260325115705,raw/wayback/calls_20260325115705.pdf,https://web.archive.org/web/20260325115705id_/https://www.cmegroup.com/daily_bulletin/current/Section51_STIR_Call_Options.pdf
2026-03-25,PRELIMINARY,57,7,143446,78138b4e171d9a62e9830537cc853d76b626afee4ebaea1cc1074c59d6bb4a46,calls,20260326120508,raw/wayback/calls_20260326120508.pdf,https://web.archive.org/web/20260326120508id_/https://www.cmegroup.com/daily_bulletin/current/Section51_STIR_Call_Options.pdf
2026-03-26,PRELIMINARY,58,7,144118,27c6c6104118df9978cabd33a616b180e90af65ad3db133152f65b0006896a5c,calls,20260327115607,raw/wayback/calls_20260327115607.pdf,https://web.archive.org/web/20260327115607id_/https://www.cmegroup.com/daily_bulletin/current/Section51_STIR_Call_Options.pdf
2026-03-27,PRELIMINARY,59,7,145206,447d6310911d79eb56f7e982aefa69a385991b5ee5cae1d351b2c1ad836f9752,calls,20260330120918,raw/wayback/calls_20260330120918.pdf,https://web.archive.org/web/20260330120918id_/https://www.cmegroup.com/daily_bulletin/current/Section51_STIR_Call_Options.pdf
2026-03-30,FINAL,60,7,143763,6179ec000857d630f148512483c946daf4f2f90096385ef9d9eb0d4dad9985a4,calls,20260331215032,raw/wayback/calls_20260331215032.pdf,https://web.archive.org/web/20260331215032id_/https://www.cmegroup.com/daily_bulletin/current/Section51_STIR_Call_Options.pdf
2026-03-31,FINAL,61,7,143530,73e420562c71d6464fc2fef627a31fe8184991b44955eef5fd7fd87cf87d2ac1,calls,20260401215243,raw/wayback/calls_20260401215243.pdf,https://web.archive.org/web/20260401215243id_/https://www.cmegroup.com/daily_bulletin/current/Section51_STIR_Call_Options.pdf
2026-04-01,FINAL,62,7,143208,46118ce8eca6ee40c3dbb73348e10c318fa580cb50bdd1cfd77cde0508773eed,calls,20260402214924,raw/wayback/calls_20260402214924.pdf,https://web.archive.org/web/20260402214924id_/https://www.cmegroup.com/daily_bulletin/current/Section51_STIR_Call_Options.pdf
2026-04-02,FINAL,63,7,143002,af3174a74e6e6402f4554f016d0ed990ca93734667112c598aaaed55434c8964,calls,20260403214415,raw/wayback/calls_20260403214415.pdf,https://web.archive.org/web/20260403214415id_/https://www.cmegroup.com/daily_bulletin/current/Section51_STIR_Call_Options.pdf
2026-04-03,FINAL,63,7,142158,bf379b808b039930de32da3c6688afcf609bb0378d03cdbe5486c60d586f72ce,calls,20260406214846,raw/wayback/calls_20260406214846.pdf,https://web.archive.org/web/20260406214846id_/https://www.cmegroup.com/daily_bulletin/current/Section51_STIR_Call_Options.pdf
2026-04-06,FINAL,64,7,142530,f31ab25559c18e459e99037c41eac6ff43e2fa70fe9996c38dfe34e13cb61ca4,calls,20260407215327,raw/wayback/calls_20260407215327.pdf,https://web.archive.org/web/20260407215327id_/https://www.cmegroup.com/daily_bulletin/current/Section51_STIR_Call_Options.pdf
2026-04-07,FINAL,65,7,143099,6d7d2d844fa96601e90f1d9bfab6499878b02b1993574c88f4956ba10ebbc646,calls,20260408215230,raw/wayback/calls_20260408215230.pdf,https://web.archive.org/web/20260408215230id_/https://www.cmegroup.com/daily_bulletin/current/Section51_STIR_Call_Options.pdf
2026-04-08,FINAL,66,7,143587,f01eeafcffb447a8c95f5ea9dd4c8ff9e0c03fb6bd49f93d510196b31d1ebb7f,calls,20260409215613,raw/wayback/calls_20260409215613.pdf,https://web.archive.org/web/20260409215613id_/https://www.cmegroup.com/daily_bulletin/current/Section51_STIR_Call_Options.pdf
2026-04-09,FINAL,67,7,143152,a005e052d61815ccf235ea9f18fece03bf8b2094e0544d50d4c062ce11c228db,calls,20260410215018,raw/wayback/calls_20260410215018.pdf,https://web.archive.org/web/20260410215018id_/https://www.cmegroup.com/daily_bulletin/current/Section51_STIR_Call_Options.pdf
2026-04-10,FINAL,68,7,143701,2032defb433228311f2cdcf05be810a28e56eafa23b6d48f2e16215702ca6488,calls,20260413215913,raw/wayback/calls_20260413215913.pdf,https://web.archive.org/web/20260413215913id_/https://www.cmegroup.com/daily_bulletin/current/Section51_STIR_Call_Options.pdf
2026-04-13,FINAL,69,7,140786,d8ebbb5c5c68d3e71e2d142587525f24c49e9c34210586c5b4075c0a3aaab123,calls,20260414220417,raw/wayback/calls_20260414220417.pdf,https://web.archive.org/web/20260414220417id_/https://www.cmegroup.com/daily_bulletin/current/Section51_STIR_Call_Options.pdf
2026-04-14,FINAL,70,6,137647,e63bcd4c1f56d6f12bb8bf3ecb49da0f525c81aa447e5d0708451061892332b4,calls,20260415220334,raw/wayback/calls_20260415220334.pdf,https://web.archive.org/web/20260415220334id_/https://www.cmegroup.com/daily_bulletin/current/Section51_STIR_Call_Options.pdf
2026-04-15,FINAL,71,6,137370,07bd5d6c9ef3669522c5100099b3373745ad82e60f2c604be8812be931002547,calls,20260416215416,raw/wayback/calls_20260416215416.pdf,https://web.archive.org/web/20260416215416id_/https://www.cmegroup.com/daily_bulletin/current/Section51_STIR_Call_Options.pdf
2026-04-16,FINAL,72,7,139507,8b10f791ffd479ffd5bd0115c54ea312d1219dfa3ccd424d009efdfaee60ab7f,calls,20260417215243,raw/wayback/calls_20260417215243.pdf,https://web.archive.org/web/20260417215243id_/https://www.cmegroup.com/daily_bulletin/current/Section51_STIR_Call_Options.pdf
2026-04-17,FINAL,73,7,140339,b1ca669089705567f60088fa33b3ad50f53900ea7743118cc00d61539b94970c,calls,20260420215807,raw/wayback/calls_20260420215807.pdf,https://web.archive.org/web/20260420215807id_/https://www.cmegroup.com/daily_bulletin/current/Section51_STIR_Call_Options.pdf
2026-04-21,FINAL,75,7,140585,d559e7b0145d33615f5d9bac6326359f0f53c0eef14df901f4ffe87d6d27d128,calls,20260422220530,raw/wayback/calls_20260422220530.pdf,https://web.archive.org/web/20260422220530id_/https://www.cmegroup.com/daily_bulletin/current/Section51_STIR_Call_Options.pdf
2026-04-22,FINAL,76,7,141017,3b6bb72422e60faa855a30b00395baf60b19c6e79295090217988ca91e6c96c1,calls,20260423215557,raw/wayback/calls_20260423215557.pdf,https://web.archive.org/web/20260423215557id_/https://www.cmegroup.com/daily_bulletin/current/Section51_STIR_Call_Options.pdf
2026-04-23,FINAL,77,7,141564,2076896a9c867ab7b5bc92ef76e8a5698598475b4652453e47ab2db2332613e4,calls,20260424220022,raw/wayback/calls_20260424220022.pdf,https://web.archive.org/web/20260424220022id_/https://www.cmegroup.com/daily_bulletin/current/Section51_STIR_Call_Options.pdf
2026-04-24,FINAL,78,7,141553,03e4024b2cb048cd70f675bc307c3cb1278e7f4e8781bdb13db78826971bfbd2,calls,20260427220644,raw/wayback/calls_20260427220644.pdf,https://web.archive.org/web/20260427220644id_/https://www.cmegroup.com/daily_bulletin/current/Section51_STIR_Call_Options.pdf
2026-04-27,FINAL,79,7,141198,39870c3ff9c2a67ff24e5453e89b2fc2219ade936f7ba543437c7f4d83c83c73,calls,20260428220958,raw/wayback/calls_20260428220958.pdf,https://web.archive.org/web/20260428220958id_/https://www.cmegroup.com/daily_bulletin/current/Section51_STIR_Call_Options.pdf
2026-04-28,FINAL,80,7,142007,3f58e2a6b5687b2c1fc6870b036795a7a370f66a970e066f1bb9961bc2b88fec,calls,20260429221242,raw/wayback/calls_20260429221242.pdf,https://web.archive.org/web/20260429221242id_/https://www.cmegroup.com/daily_bulletin/current/Section51_STIR_Call_Options.pdf
2026-04-29,FINAL,81,7,142516,10d5ef3c8c03387574be062025f69e355455f5652445b6a3af5629d2f1255fa9,calls,20260430220843,raw/wayback/calls_20260430220843.pdf,https://web.archive.org/web/20260430220843id_/https://www.cmegroup.com/daily_bulletin/current/Section51_STIR_Call_Options.pdf
2026-04-30,FINAL,82,7,142678,f6c274a27931615893dfb656c7a2fba8a2e874c8e8be45e658e32a67afa11aa5,calls,20260501220815,raw/wayback/calls_20260501220815.pdf,https://web.archive.org/web/20260501220815id_/https://www.cmegroup.com/daily_bulletin/current/Section51_STIR_Call_Options.pdf
2026-05-04,FINAL,84,7,143360,314bfb2e549c0851d7c455fa45f0eb3e65ca56ce27f4846dc795d5b1ae369a5d,calls,20260505221642,raw/wayback/calls_20260505221642.pdf,https://web.archive.org/web/20260505221642id_/https://www.cmegroup.com/daily_bulletin/current/Section51_STIR_Call_Options.pdf
2026-05-05,FINAL,85,7,142660,2dbec055d0368ca6b74be7190f246e8d074ceef0cb63f887d74a9cf52370162c,calls,20260506221012,raw/wayback/calls_20260506221012.pdf,https://web.archive.org/web/20260506221012id_/https://www.cmegroup.com/daily_bulletin/current/Section51_STIR_Call_Options.pdf
2026-05-06,FINAL,86,7,143393,a4c73be571804a6eebdee7adf22a44563b21d602009b65ee341a20ca0d6afc45,calls,20260507221149,raw/wayback/calls_20260507221149.pdf,https://web.archive.org/web/20260507221149id_/https://www.cmegroup.com/daily_bulletin/current/Section51_STIR_Call_Options.pdf
2026-05-08,FINAL,88,7,143899,ed9c2e501019c093c1875008a39654f493961cf3b08483f0c6ea75cafaec4cc5,calls,20260511221943,raw/wayback/calls_20260511221943.pdf,https://web.archive.org/web/20260511221943id_/https://www.cmegroup.com/daily_bulletin/current/Section51_STIR_Call_Options.pdf
2026-05-11,FINAL,89,7,143995,c1fe3ab1981864ef8ed86e6a0317ff0a166a7942e9c86f2edfddee03fdbe39e8,calls,20260512222410,raw/wayback/calls_20260512222410.pdf,https://web.archive.org/web/20260512222410id_/https://www.cmegroup.com/daily_bulletin/current/Section51_STIR_Call_Options.pdf
2026-05-12,FINAL,90,7,145031,2e6306bf41c4e36be71287687e5c5ff9e52fc58ac9b7c27bad07508fe20fec78,calls,20260513222142,raw/wayback/calls_20260513222142.pdf,https://web.archive.org/web/20260513222142id_/https://www.cmegroup.com/daily_bulletin/current/Section51_STIR_Call_Options.pdf
2026-05-13,FINAL,91,7,143587,a8676088b793e44a2c039fe0b570d9ef7fbbf1f79b9683090996f75e2ef140ac,calls,20260514222251,raw/wayback/calls_20260514222251.pdf,https://web.archive.org/web/20260514222251id_/https://www.cmegroup.com/daily_bulletin/current/Section51_STIR_Call_Options.pdf
2026-05-14,FINAL,92,7,143286,278c6a009ecf749eb40998301d99b982ed4d1eb2a92e8dc6714d354191cea6ce,calls,20260515221443,raw/wayback/calls_20260515221443.pdf,https://web.archive.org/web/20260515221443id_/https://www.cmegroup.com/daily_bulletin/current/Section51_STIR_Call_Options.pdf
2026-05-18,FINAL,94,7,139715,6fae362c790f3862da3843ed0009e1dc1621b2b5baf9bb0e3a090ed9db38dcd8,calls,20260519223139,raw/wayback/calls_20260519223139.pdf,https://web.archive.org/web/20260519223139id_/https://www.cmegroup.com/daily_bulletin/current/Section51_STIR_Call_Options.pdf
2026-05-19,FINAL,95,7,140467,651846382f2d277a1bdda2442b1c62142b1c2512b39c6423d5108f6121f3f0ec,calls,20260520223747,raw/wayback/calls_20260520223747.pdf,https://web.archive.org/web/20260520223747id_/https://www.cmegroup.com/daily_bulletin/current/Section51_STIR_Call_Options.pdf
2026-05-21,FINAL,97,7,141035,6086e9743a99519e1b641b9cb3788a8dadad34a2f8fa49484049f4baecbadb55,calls,20260522222823,raw/wayback/calls_20260522222823.pdf,https://web.archive.org/web/20260522222823id_/https://www.cmegroup.com/daily_bulletin/current/Section51_STIR_Call_Options.pdf
2026-05-22,PRELIMINARY,98,7,142301,ad1c96bdad00b0ac2981103582058691c18c0804715c62e5bb0a7810ad4a6065,calls,20260525222010,raw/wayback/calls_20260525222010.pdf,https://web.archive.org/web/20260525222010id_/https://www.cmegroup.com/daily_bulletin/current/Section51_STIR_Call_Options.pdf
2026-05-22,FINAL,98,7,141079,0c8bf607486ee8954acb5f3cb60a09752b385a5727e50f978d1496ee569cfbf5,calls,20260526224449,raw/wayback/calls_20260526224449.pdf,https://web.archive.org/web/20260526224449id_/https://www.cmegroup.com/daily_bulletin/current/Section51_STIR_Call_Options.pdf
2026-05-26,FINAL,99,7,141936,fa3bfe55c765535e87440ed0a61caddd5636f4dc875089802a0717f9fd077049,calls,20260527224225,raw/wayback/calls_20260527224225.pdf,https://web.archive.org/web/20260527224225id_/https://www.cmegroup.com/daily_bulletin/current/Section51_STIR_Call_Options.pdf
2026-05-27,FINAL,100,7,141229,8b5fbdd924470012c34dd7de345ebb165523af09ac506347e213d5ecc515688d,calls,20260528225415,raw/wayback/calls_20260528225415.pdf,https://web.archive.org/web/20260528225415id_/https://www.cmegroup.com/daily_bulletin/current/Section51_STIR_Call_Options.pdf
2026-05-28,FINAL,101,7,142051,0f8b1cb50bfc9062b86d9d32ddeea2cad67061161318f85fbe478ed8d5d1c65e,calls,20260529224211,raw/wayback/calls_20260529224211.pdf,https://web.archive.org/web/20260529224211id_/https://www.cmegroup.com/daily_bulletin/current/Section51_STIR_Call_Options.pdf
2026-05-29,FINAL,102,7,142603,6a89a06243619f271e59045c9f325a346a640ec1bfe2f24cff16cd912c340e09,calls,20260601231426,raw/wayback/calls_20260601231426.pdf,https://web.archive.org/web/20260601231426id_/https://www.cmegroup.com/daily_bulletin/current/Section51_STIR_Call_Options.pdf
2026-06-01,FINAL,103,7,142647,5fbb7d135eea9c7d8c0a582e2d3df809f3730ca97c4bc10dc6a4cbc747fae532,calls,20260602231341,raw/wayback/calls_20260602231341.pdf,https://web.archive.org/web/20260602231341id_/https://www.cmegroup.com/daily_bulletin/current/Section51_STIR_Call_Options.pdf
2026-06-03,FINAL,105,7,143732,92b3a4c58e03f7a1ac63ed98f414b59ecde94bd85dc4fcfa6b77c1c082a53dc1,calls,20260604223244,raw/wayback/calls_20260604223244.pdf,https://web.archive.org/web/20260604223244id_/https://www.cmegroup.com/daily_bulletin/current/Section51_STIR_Call_Options.pdf
2026-06-04,FINAL,106,7,143202,6fee5af93255fc85e01e7345af833dedbece6d1938a25c4112f8ef6e9f5a9659,calls,20260605222642,raw/wayback/calls_20260605222642.pdf,https://web.archive.org/web/20260605222642id_/https://www.cmegroup.com/daily_bulletin/current/Section51_STIR_Call_Options.pdf
2026-06-08,FINAL,108,7,144586,5e01162d50c3b75979f047ce3de8ac6c470751ad7efb855543f260ec0f834c12,calls,20260609223629,raw/wayback/calls_20260609223629.pdf,https://web.archive.org/web/20260609223629id_/https://www.cmegroup.com/daily_bulletin/current/Section51_STIR_Call_Options.pdf
2026-06-09,FINAL,109,7,143868,7ccb6962e2b70d4b3befbbf89808adc05f160aee82435c3e209c7adb9aeb2857,calls,20260610230510,raw/wayback/calls_20260610230510.pdf,https://web.archive.org/web/20260610230510id_/https://www.cmegroup.com/daily_bulletin/current/Section51_STIR_Call_Options.pdf
2026-06-10,FINAL,110,7,144716,99dabc58ea61ca2d751c7a01e6317b759fd85266af27122d0d2b84bf213110f6,calls,20260612001406,raw/wayback/calls_20260612001406.pdf,https://web.archive.org/web/20260612001406id_/https://www.cmegroup.com/daily_bulletin/current/Section51_STIR_Call_Options.pdf
2026-06-12,FINAL,112,7,145754,546b257ef51e4bb19813f7862e44af64296dda069e97141e493e24a09892b99b,calls,20260615231713,raw/wayback/calls_20260615231713.pdf,https://web.archive.org/web/20260615231713id_/https://www.cmegroup.com/daily_bulletin/current/Section51_STIR_Call_Options.pdf
2026-06-15,FINAL,113,6,138117,d75525f73a4a783bae7b129370d10128803f31e37a2e5cf790eac02ace4f3247,calls,20260616230542,raw/wayback/calls_20260616230542.pdf,https://web.archive.org/web/20260616230542id_/https://www.cmegroup.com/daily_bulletin/current/Section51_STIR_Call_Options.pdf
2026-06-16,FINAL,114,6,137183,163282547dcb2c2e259323f9c10e9f49beffd805c3f7bd123714d157c3142eca,calls,20260617225813,raw/wayback/calls_20260617225813.pdf,https://web.archive.org/web/20260617225813id_/https://www.cmegroup.com/daily_bulletin/current/Section51_STIR_Call_Options.pdf
2026-06-17,FINAL,115,6,138431,f070686673a327fd52be598e345935484ce1ca02ee0a6188387e973d0e89e6f4,calls,20260618230842,raw/wayback/calls_20260618230842.pdf,https://web.archive.org/web/20260618230842id_/https://www.cmegroup.com/daily_bulletin/current/Section51_STIR_Call_Options.pdf
2026-06-18,PRELIMINARY,116,6,139818,5f1f945aeebb30fa9c5562317734cfb3830daa574b253642035920aa35ec77bb,calls,20260619222023,raw/wayback/calls_20260619222023.pdf,https://web.archive.org/web/20260619222023id_/https://www.cmegroup.com/daily_bulletin/current/Section51_STIR_Call_Options.pdf
2026-06-18,FINAL,116,6,138396,6e77ec3ad6f634f8c80edb2f953bff040816310239aa08671b71122dc45e8107,calls,20260622230013,raw/wayback/calls_20260622230013.pdf,https://web.archive.org/web/20260622230013id_/https://www.cmegroup.com/daily_bulletin/current/Section51_STIR_Call_Options.pdf
2026-06-22,FINAL,118,7,140945,9211ad07df9d0e50e1195871f54fc96da20a085bd1a5ededf26a46ee35145133,calls,20260623222531,raw/wayback/calls_20260623222531.pdf,https://web.archive.org/web/20260623222531id_/https://www.cmegroup.com/daily_bulletin/current/Section51_STIR_Call_Options.pdf
2026-06-24,FINAL,120,7,141978,da8c1aa1d5c705903485e0a2a2ec8628d641de5ace23fc229bbe1a58808be244,calls,20260625223528,raw/wayback/calls_20260625223528.pdf,https://web.archive.org/web/20260625223528id_/https://www.cmegroup.com/daily_bulletin/current/Section51_STIR_Call_Options.pdf
2026-06-25,FINAL,121,7,142127,ff183ac7a904446d4ddc91d87787aaf206048340dae7030a562a75666f368502,calls,20260626223040,raw/wayback/calls_20260626223040.pdf,https://web.archive.org/web/20260626223040id_/https://www.cmegroup.com/daily_bulletin/current/Section51_STIR_Call_Options.pdf
2026-06-26,FINAL,122,7,142079,252585956a2f3eb1df8658639425603b741b805b8c03e38962cf2b7166308155,calls,20260629222340,raw/wayback/calls_20260629222340.pdf,https://web.archive.org/web/20260629222340id_/https://www.cmegroup.com/daily_bulletin/current/Section51_STIR_Call_Options.pdf
2026-06-29,FINAL,123,7,141598,9f09ab719cca06cc1fa8271c5f85ad241686f157812bc2dc0952a7bf8bf9a564,calls,20260630223026,raw/wayback/calls_20260630223026.pdf,https://web.archive.org/web/20260630223026id_/https://www.cmegroup.com/daily_bulletin/current/Section51_STIR_Call_Options.pdf
2026-07-01,FINAL,125,7,142657,6577f14648a997e1a6d5e5dcf38d9a52db5f05b4306db6fa433c62a2a10277c5,calls,20260702222426,raw/wayback/calls_20260702222426.pdf,https://web.archive.org/web/20260702222426id_/https://www.cmegroup.com/daily_bulletin/current/Section51_STIR_Call_Options.pdf
2026-07-02,PRELIMINARY,126,7,144179,0956f0404cf88ad0392c023c3e2db87786da59fd32c0eb36d70ee5a271a3752d,calls,20260703222059,raw/wayback/calls_20260703222059.pdf,https://web.archive.org/web/20260703222059id_/https://www.cmegroup.com/daily_bulletin/current/Section51_STIR_Call_Options.pdf
2026-07-02,FINAL,126,7,142931,9cadf0ffa49015f17ad33ddbeb2503d81f73a0061355dc1d3b7f787de8342bc1,calls,20260706223128,raw/wayback/calls_20260706223128.pdf,https://web.archive.org/web/20260706223128id_/https://www.cmegroup.com/daily_bulletin/current/Section51_STIR_Call_Options.pdf
2026-07-07,FINAL,128,7,142076,145f4a2b856ba7e9a604a04bc6a44c3e95882605272dae6cea6c9f2da1515b18,calls,20260708222027,raw/wayback/calls_20260708222027.pdf,https://web.archive.org/web/20260708222027id_/https://www.cmegroup.com/daily_bulletin/current/Section51_STIR_Call_Options.pdf
2026-07-08,FINAL,129,7,142645,49e7dce48f59c010be09f259958cc740e1573a4a382e4696bf24020e42a7165e,calls,20260709224804,raw/wayback/calls_20260709224804.pdf,https://web.archive.org/web/20260709224804id_/https://www.cmegroup.com/daily_bulletin/current/Section51_STIR_Call_Options.pdf
2026-07-09,FINAL,130,7,142675,af3625b75d83842d80845f97fd3c1952680b24b979cc275104536c639e4ce130,calls,20260710222344,raw/wayback/calls_20260710222344.pdf,https://web.archive.org/web/20260710222344id_/https://www.cmegroup.com/daily_bulletin/current/Section51_STIR_Call_Options.pdf
2026-07-13,FINAL,132,6,137215,ff50309c5b1ff1b1cfc69de57ad1d89df9e41771d2ec260eb559587e10b17e42,calls,20260714221251,raw/wayback/calls_20260714221251.pdf,https://web.archive.org/web/20260714221251id_/https://www.cmegroup.com/daily_bulletin/current/Section51_STIR_Call_Options.pdf
2026-07-14,FINAL,133,6,137581,62b9e431b82fc542830199a036771d092a5206a89d191092474a6f26872e0d5a,calls,20260715222043,raw/wayback/calls_20260715222043.pdf,https://web.archive.org/web/20260715222043id_/https://www.cmegroup.com/daily_bulletin/current/Section51_STIR_Call_Options.pdf
2026-07-16,FINAL,135,6,137452,781543f23914d5e74cb28dff1eb1e2474691823f5046e8eeaa256e1d466c138e,calls,20260717221410,raw/wayback/calls_20260717221410.pdf,https://web.archive.org/web/20260717221410id_/https://www.cmegroup.com/daily_bulletin/current/Section51_STIR_Call_Options.pdf
2026-07-17,FINAL,136,6,137260,f75ae0e784344161da1b602538a354b69fb5346e477bb7ab9465cf99bef43b7f,calls,20260720221733,raw/wayback/calls_20260720221733.pdf,https://web.archive.org/web/20260720221733id_/https://www.cmegroup.com/daily_bulletin/current/Section51_STIR_Call_Options.pdf
2026-07-20,FINAL,137,6,137101,faf23806f573a0a8a6c094fb0c5f1f9f3e1aadbd5bc75a6a549ebcfe5203aa8f,calls,20260721222044,raw/wayback/calls_20260721222044.pdf,https://web.archive.org/web/20260721222044id_/https://www.cmegroup.com/daily_bulletin/current/Section51_STIR_Call_Options.pdf
2026-07-21,FINAL,138,6,137900,b230afdd16ac8e2867a83a62118c85cc1f834e4d4ebb891c4396ef15c6888119,calls,20260722222228,raw/wayback/calls_20260722222228.pdf,https://web.archive.org/web/20260722222228id_/https://www.cmegroup.com/daily_bulletin/current/Section51_STIR_Call_Options.pdf
2026-07-22,FINAL,139,7,140714,e04cfe1f3795892d39bb56cd7fb11a15b659d239aadb80ea5aacfba8e830c775,calls,20260723221543,raw/wayback/calls_20260723221543.pdf,https://web.archive.org/web/20260723221543id_/https://www.cmegroup.com/daily_bulletin/current/Section51_STIR_Call_Options.pdf
2026-07-23,FINAL,140,7,140910,5d0579370822d69f6b11dc1c576bd1e1b57251fac076e7099c441bba7dd8adb2,calls,20260724222511,raw/wayback/calls_20260724222511.pdf,https://web.archive.org/web/20260724222511id_/https://www.cmegroup.com/daily_bulletin/current/Section51_STIR_Call_Options.pdf
2026-07-24,FINAL,141,7,140935,fd9ca10da2c1a6c47872d54f3215515bef0a411c9cd8379262eb993bb6260777,calls,20260727222329,raw/wayback/calls_20260727222329.pdf,https://web.archive.org/web/20260727222329id_/https://www.cmegroup.com/daily_bulletin/current/Section51_STIR_Call_Options.pdf
2026-07-29,FINAL,144,7,141538,51c6403f6df828829b0b90161805ce8ffe6a8ecf66d04a2b0a5822f79634eba2,calls,20260730223124,raw/wayback/calls_20260730223124.pdf,https://web.archive.org/web/20260730223124id_/https://www.cmegroup.com/daily_bulletin/current/Section51_STIR_Call_Options.pdf
2026-07-30,FINAL,145,7,141817,79a4d5b17bdbc6b53e08e62e87d7c519e10518ff573bd09161f46d42ac5c5ff8,calls,20260731223312,raw/wayback/calls_20260731223312.pdf,https://web.archive.org/web/20260731223312id_/https://www.cmegroup.com/daily_bulletin/current/Section51_STIR_Call_Options.pdf
2026-07-31,FINAL,146,7,141677,f646bec6f4a837de2158011d429dc3d28090f6c2d9c2bea2bbf3e3e88d397d96,calls,20260803222012,raw/wayback/calls_20260803222012.pdf,https://web.archive.org/web/20260803222012id_/https://www.cmegroup.com/daily_bulletin/current/Section51_STIR_Call_Options.pdf
2026-08-03,FINAL,147,7,142078,12aa7ee2326f2abdeaa427f8d8ea9dcb5c7279323e58de154db129d4bc3a11a8,calls,20260804222227,raw/wayback/calls_20260804222227.pdf,https://web.archive.org/web/20260804222227id_/https://www.cmegroup.com/daily_bulletin/current/Section51_STIR_Call_Options.pdf
2026-08-04,FINAL,148,7,142506,9c405f790f522f4f32c6b6a75b6d914c5e121ea033591a33eb7b66caf130afba,calls,20260805222342,raw/wayback/calls_20260805222342.pdf,https://web.archive.org/web/20260805222342id_/https://www.cmegroup.com/daily_bulletin/current/Section51_STIR_Call_Options.pdf
2026-08-12,FINAL,154,7,144172,7013c3f4e670aaa26bb24ec16988e44b07dcf07b148baeebdb286f859c4fbe12,calls,20260813215410,raw/wayback/calls_20260813215410.pdf,https://web.archive.org/web/20260813215410id_/https://www.cmegroup.com/daily_bulletin/current/Section51_STIR_Call_Options.pdf
2026-08-13,FINAL,155,7,144335,6b6416f35841b45f9eeeeebdea20d3025e07f397a0c657a552dd6b624eb442ca,calls,20260814213900,raw/wayback/calls_20260814213900.pdf,https://web.archive.org/web/20260814213900id_/https://www.cmegroup.com/daily_bulletin/current/Section51_STIR_Call_Options.pdf
2026-08-14,FINAL,156,7,144568,ea0bd78c5cab53ab14de68c012b8603ea18212b1b67310c030efaf88fa15f269,calls,20260817214213,raw/wayback/calls_20260817214213.pdf,https://web.archive.org/web/20260817214213id_/https://www.cmegroup.com/daily_bulletin/current/Section51_STIR_Call_Options.pdf
2026-08-17,FINAL,157,7,140987,4ad3ca6644ea1e78d47e49f02eb41870e09532b26ca2cb9103b784b6ddd380fa,calls,20260818213642,raw/wayback/calls_20260818213642.pdf,https://web.archive.org/web/20260818213642id_/https://www.cmegroup.com/daily_bulletin/current/Section51_STIR_Call_Options.pdf
2026-08-18,FINAL,158,7,139913,4cc128555283598fd2736847e22b46319952b1bf088ade6d48477ea57b5ffa9a,calls,20260819213711,raw/wayback/calls_20260819213711.pdf,https://web.archive.org/web/20260819213711id_/https://www.cmegroup.com/daily_bulletin/current/Section51_STIR_Call_Options.pdf
2026-08-20,FINAL,160,7,139736,8fe5a3791c979f83388c73a6cc567a9f6487f6d70055d627cce825b6e50090ea,calls,20260821213714,raw/wayback/calls_20260821213714.pdf,https://web.archive.org/web/20260821213714id_/https://www.cmegroup.com/daily_bulletin/current/Section51_STIR_Call_Options.pdf
2026-08-24,FINAL,162,7,140140,395fa18a71566c270539c5109fde010d5b955fadd225ef9ab50e30ed4cf1d2d4,calls,20260825230157,raw/wayback/calls_20260825230157.pdf,https://web.archive.org/web/20260825230157id_/https://www.cmegroup.com/daily_bulletin/current/Section51_STIR_Call_Options.pdf
2026-08-25,FINAL,163,7,140951,8822cfef786a9e12e44ff0e828226cd0e25fb78db9a82f16800f3abb2ae35295,calls,20260827020702,raw/wayback/calls_20260827020702.pdf,https://web.archive.org/web/20260827020702id_/https://www.cmegroup.com/daily_bulletin/current/Section51_STIR_Call_Options.pdf
2026-08-27,PRELIMINARY,165,7,142061,b4e0ca335383e2bb1db419ab631508c190eab1fd16daf0cb904835b69fb1ae11,calls,20260828072045,raw/wayback/calls_20260828072045.pdf,https://web.archive.org/web/20260828072045id_/https://www.cmegroup.com/daily_bulletin/current/Section51_STIR_Call_Options.pdf
2026-08-27,FINAL,165,7,140835,9c282ad6ee6de085689134c44dd68b55f63bb9daa1f1764ee4548859018693b3,calls,20260829031841,raw/wayback/calls_20260829031841.pdf,https://web.archive.org/web/20260829031841id_/https://www.cmegroup.com/daily_bulletin/current/Section51_STIR_Call_Options.pdf
2026-08-28,FINAL,166,7,142043,47bb22e55bb6d5a70bc9bda58bfcb20e0a7638deeda2fbce25c773b0de7ae746,calls,20260901004348,raw/wayback/calls_20260901004348.pdf,https://web.archive.org/web/20260901004348id_/https://www.cmegroup.com/daily_bulletin/current/Section51_STIR_Call_Options.pdf
2026-08-31,FINAL,167,7,141012,f7c9dc26331711f727966e33de953bf5bf06679832457dfced1bc10f36800941,calls,20260901231444,raw/wayback/calls_20260901231444.pdf,https://web.archive.org/web/20260901231444id_/https://www.cmegroup.com/daily_bulletin/current/Section51_STIR_Call_Options.pdf
2026-09-01,FINAL,168,7,141773,ea58e591ebb6c0c495a2cca4e6eb16035eb0d598553d2b924ee8c001c384e73c,calls,20260902231421,raw/wayback/calls_20260902231421.pdf,https://web.archive.org/web/20260902231421id_/https://www.cmegroup.com/daily_bulletin/current/Section51_STIR_Call_Options.pdf
2026-09-02,FINAL,169,7,141627,45e7f1ae8ece90f8360c8d4cd217693bb91feae0bdb90f216ace48175d1f1d6f,calls,20260903231512,raw/wayback/calls_20260903231512.pdf,https://web.archive.org/web/20260903231512id_/https://www.cmegroup.com/daily_bulletin/current/Section51_STIR_Call_Options.pdf
2026-09-03,FINAL,170,7,142515,25406b6f4368082798db0218b2c615c331c56a1e506f1e48c4337e83ae33019e,calls,20260904230326,raw/wayback/calls_20260904230326.pdf,https://web.archive.org/web/20260904230326id_/https://www.cmegroup.com/daily_bulletin/current/Section51_STIR_Call_Options.pdf
2026-09-04,PRELIMINARY,171,7,143446,afde44f366b320c99e8ee021f853d46926b764a409b66ed718c7cc760fc9da70,calls,20260907233353,raw/wayback/calls_20260907233353.pdf,https://web.archive.org/web/20260907233353id_/https://www.cmegroup.com/daily_bulletin/current/Section51_STIR_Call_Options.pdf
2026-09-04,FINAL,171,7,142214,9666e1ed31560f3f7be27c4463e43fef96399da2b4638d9392b1f1cdfec1c176,calls,20260908233221,raw/wayback/calls_20260908233221.pdf,https://web.archive.org/web/20260908233221id_/https://www.cmegroup.com/daily_bulletin/current/Section51_STIR_Call_Options.pdf
2026-09-08,FINAL,172,7,141966,2ff9a8e31ef856296fb98ef70b9ab34c1c8bf4ef4af3e354a70c9b92d5b35694,calls,20260909231610,raw/wayback/calls_20260909231610.pdf,https://web.archive.org/web/20260909231610id_/https://www.cmegroup.com/daily_bulletin/current/Section51_STIR_Call_Options.pdf
2026-09-11,FINAL,175,7,144574,acec77c3d3ec553bd63a9a4de88af003530ce5dbd280c6b8d68cd1fbb3e09777,calls,20260914235815,raw/wayback/calls_20260914235815.pdf,https://web.archive.org/web/20260914235815id_/https://www.cmegroup.com/daily_bulletin/current/Section51_STIR_Call_Options.pdf
2026-09-14,FINAL,176,6,137898,b4dabbf083e7b69aea8086c8f0e5821e41cbf7112f94e27e6240193d2ab7ca25,calls,20260915234310,raw/wayback/calls_20260915234310.pdf,https://web.archive.org/web/20260915234310id_/https://www.cmegroup.com/daily_bulletin/current/Section51_STIR_Call_Options.pdf
2026-09-15,FINAL,177,7,140907,414c5c9755afdef7e3188a4f9d8854205b0450a9a215fbc4024a8658e143b0ef,calls,20260917000443,raw/wayback/calls_20260917000443.pdf,https://web.archive.org/web/20260917000443id_/https://www.cmegroup.com/daily_bulletin/current/Section51_STIR_Call_Options.pdf
2026-09-24,FINAL,184,7,144915,e6bf2b0d162aba8487894408be421534d656866c7a2077905411758999f22535,calls,20260926000441,raw/wayback/calls_20260926000441.pdf,https://web.archive.org/web/20260926000441id_/https://www.cmegroup.com/daily_bulletin/current/Section51_STIR_Call_Options.pdf
2026-03-23,FINAL,55,5,134383,3ca307eb55398920bc8f60fa3e00efe0066cc62aee3e3a37aa6eb4470dbc55f6,puts,20260324085556,raw/wayback/puts_20260324085556.pdf,https://web.archive.org/web/20260324085556id_/https://www.cmegroup.com/daily_bulletin/current/Section52_STIR_Put_Options.pdf
2026-03-24,FINAL,56,5,134965,a945d557c97bc12ae37ded3119182fa8f86736998054fadda99be0f8afd0ffa5,puts,20260325115719,raw/wayback/puts_20260325115719.pdf,https://web.archive.org/web/20260325115719id_/https://www.cmegroup.com/daily_bulletin/current/Section52_STIR_Put_Options.pdf
2026-03-25,FINAL,57,5,135136,74cbfd1ee12386d8e5043803ab3a2f0505561f1ccf40c64c2f9d5f979f459d7a,puts,20260326120528,raw/wayback/puts_20260326120528.pdf,https://web.archive.org/web/20260326120528id_/https://www.cmegroup.com/daily_bulletin/current/Section52_STIR_Put_Options.pdf
2026-03-26,FINAL,58,5,136065,0dc687035a28e75e7cde0c39d9ec27591cc6820d0afd40609e31968bc21c158e,puts,20260327115622,raw/wayback/puts_20260327115622.pdf,https://web.archive.org/web/20260327115622id_/https://www.cmegroup.com/daily_bulletin/current/Section52_STIR_Put_Options.pdf
2026-03-27,FINAL,59,5,136866,fa619ac6a5a970377221cb706f3e8e031a694c6710bed4bf606021e704dfaec9,puts,20260330120932,raw/wayback/puts_20260330120932.pdf,https://web.archive.org/web/20260330120932id_/https://www.cmegroup.com/daily_bulletin/current/Section52_STIR_Put_Options.pdf
2026-03-30,FINAL,60,5,136610,9e4a8d040410f1cab601fbe22ccf7df72f9d1a779ca01349431d58c4b82267e5,puts,20260331215039,raw/wayback/puts_20260331215039.pdf,https://web.archive.org/web/20260331215039id_/https://www.cmegroup.com/daily_bulletin/current/Section52_STIR_Put_Options.pdf
2026-03-31,FINAL,61,5,136642,6b2f144d78994e2898acbe390ffe5f65d58a59dd61a07f125faf7287d83395d0,puts,20260401215259,raw/wayback/puts_20260401215259.pdf,https://web.archive.org/web/20260401215259id_/https://www.cmegroup.com/daily_bulletin/current/Section52_STIR_Put_Options.pdf
2026-04-01,FINAL,62,5,136390,b6821e40859c155fa3c68ef15db13641241d56ef2f8c1a04f70d0472c638a516,puts,20260402214940,raw/wayback/puts_20260402214940.pdf,https://web.archive.org/web/20260402214940id_/https://www.cmegroup.com/daily_bulletin/current/Section52_STIR_Put_Options.pdf
2026-04-02,FINAL,63,5,136090,44b7b09812ae6f5773bdbf3d2e5a6be1ded251dc7303079e1cd8d0412d33db4d,puts,20260403214431,raw/wayback/puts_20260403214431.pdf,https://web.archive.org/web/20260403214431id_/https://www.cmegroup.com/daily_bulletin/current/Section52_STIR_Put_Options.pdf
2026-04-03,FINAL,63,5,135927,72bd281ecc1380f96896514646e8e0b89bf408bea8201b6bb66e04aebf9abd74,puts,20260406214901,raw/wayback/puts_20260406214901.pdf,https://web.archive.org/web/20260406214901id_/https://www.cmegroup.com/daily_bulletin/current/Section52_STIR_Put_Options.pdf
2026-04-06,FINAL,64,5,135882,144cb2d8773665f493bbef520b9062807ba3d4b5a5b6f19b816018f5f1b4f4a0,puts,20260407215342,raw/wayback/puts_20260407215342.pdf,https://web.archive.org/web/20260407215342id_/https://www.cmegroup.com/daily_bulletin/current/Section52_STIR_Put_Options.pdf
2026-04-07,FINAL,65,5,136216,20c1eef998f1aded2bfbfc55921491e0b3cc244b30463a89b76805c7ed3b40d0,puts,20260408215246,raw/wayback/puts_20260408215246.pdf,https://web.archive.org/web/20260408215246id_/https://www.cmegroup.com/daily_bulletin/current/Section52_STIR_Put_Options.pdf
2026-04-08,FINAL,66,5,136396,fa2d0e918dfac88e1fbc9bcd40dd3582114a671faa1f78f763406394bdbc0432,puts,20260409215626,raw/wayback/puts_20260409215626.pdf,https://web.archive.org/web/20260409215626id_/https://www.cmegroup.com/daily_bulletin/current/Section52_STIR_Put_Options.pdf
2026-04-09,FINAL,67,5,135837,84367c6aeb93c8b279956357a9a056a378b41aa553e7e46abbef785f0cd9f713,puts,20260410215034,raw/wayback/puts_20260410215034.pdf,https://web.archive.org/web/20260410215034id_/https://www.cmegroup.com/daily_bulletin/current/Section52_STIR_Put_Options.pdf
2026-04-10,FINAL,68,5,136143,1099c33691c2c241e6acc835b8a7f89de5254fafbb3a1ef08ac73a34044175c7,puts,20260413215928,raw/wayback/puts_20260413215928.pdf,https://web.archive.org/web/20260413215928id_/https://www.cmegroup.com/daily_bulletin/current/Section52_STIR_Put_Options.pdf
2026-04-13,FINAL,69,5,135005,1884f7f74db09071cf707959a83143c94f2f3ad0d3f2ea2a61bebdf1dcf7f486,puts,20260414220423,raw/wayback/puts_20260414220423.pdf,https://web.archive.org/web/20260414220423id_/https://www.cmegroup.com/daily_bulletin/current/Section52_STIR_Put_Options.pdf
2026-04-14,FINAL,70,5,134136,9a1c3fc7c2fbfd4ad3e6ebcb2911ffa4b40c53527b2eac9497d24b7dd9da200f,puts,20260415220345,raw/wayback/puts_20260415220345.pdf,https://web.archive.org/web/20260415220345id_/https://www.cmegroup.com/daily_bulletin/current/Section52_STIR_Put_Options.pdf
2026-04-15,FINAL,71,5,133905,8bf24274a11e152dae35bdb5112ca9ccbefc1d709755c3da9e0af084548ba9d6,puts,20260416215432,raw/wayback/puts_20260416215432.pdf,https://web.archive.org/web/20260416215432id_/https://www.cmegroup.com/daily_bulletin/current/Section52_STIR_Put_Options.pdf
2026-04-16,FINAL,72,5,134076,cdb51d6a33fecfbecfab35ca745e01511f6e52c7a5aab04405576bd54a522839,puts,20260417215302,raw/wayback/puts_20260417215302.pdf,https://web.archive.org/web/20260417215302id_/https://www.cmegroup.com/daily_bulletin/current/Section52_STIR_Put_Options.pdf
2026-04-17,FINAL,73,5,134734,f0ebb817efe881f9327e84b5a86b7bf0938b41455d9b5178689886120de957df,puts,20260420215833,raw/wayback/puts_20260420215833.pdf,https://web.archive.org/web/20260420215833id_/https://www.cmegroup.com/daily_bulletin/current/Section52_STIR_Put_Options.pdf
2026-04-21,FINAL,75,5,134369,c937c23ba100fd7d46cff0cde6e6f90c6b0e43ae9646492b39682bfc9a002833,puts,20260422220545,raw/wayback/puts_20260422220545.pdf,https://web.archive.org/web/20260422220545id_/https://www.cmegroup.com/daily_bulletin/current/Section52_STIR_Put_Options.pdf
2026-04-22,FINAL,76,5,134156,7a4836813543716f847f3cb5d3ff6155a2b6c3404e3768f0f6b0cb3784589841,puts,20260423215612,raw/wayback/puts_20260423215612.pdf,https://web.archive.org/web/20260423215612id_/https://www.cmegroup.com/daily_bulletin/current/Section52_STIR_Put_Options.pdf
2026-04-23,FINAL,77,5,134394,601810cb31712f60e459abbc41ae64cb50720382e4268d5cca2a6de50ea1a03f,puts,20260424220036,raw/wayback/puts_20260424220036.pdf,https://web.archive.org/web/20260424220036id_/https://www.cmegroup.com/daily_bulletin/current/Section52_STIR_Put_Options.pdf
2026-04-24,FINAL,78,5,134792,35c96cebdbcd329cf45191335bc9e6d50f015f87f7a5e6340339b150811ea81b,puts,20260427220659,raw/wayback/puts_20260427220659.pdf,https://web.archive.org/web/20260427220659id_/https://www.cmegroup.com/daily_bulletin/current/Section52_STIR_Put_Options.pdf
2026-04-27,FINAL,79,5,134705,0386ff0fa5a31c38a620608105fee1f53fb41896ebb64fa92cd59ab1e9258d3e,puts,20260428221013,raw/wayback/puts_20260428221013.pdf,https://web.archive.org/web/20260428221013id_/https://www.cmegroup.com/daily_bulletin/current/Section52_STIR_Put_Options.pdf
2026-04-28,FINAL,80,5,135348,7d1e1261bc60169c9ac59298dee3fddf64bf688b5a150d4f01edd92cfd0ce8b7,puts,20260429221249,raw/wayback/puts_20260429221249.pdf,https://web.archive.org/web/20260429221249id_/https://www.cmegroup.com/daily_bulletin/current/Section52_STIR_Put_Options.pdf
2026-04-29,FINAL,81,5,136259,8329ad5bbcb1acecac1f6fafa70511b6ed32fd57f59aa757c31a69f12049fa34,puts,20260430220910,raw/wayback/puts_20260430220910.pdf,https://web.archive.org/web/20260430220910id_/https://www.cmegroup.com/daily_bulletin/current/Section52_STIR_Put_Options.pdf
2026-04-30,FINAL,82,5,136259,3f0bc51cbd48c8a52558e4e863383bbb3564f43aa736c3c9dd5cbce226569d19,puts,20260501220832,raw/wayback/puts_20260501220832.pdf,https://web.archive.org/web/20260501220832id_/https://www.cmegroup.com/daily_bulletin/current/Section52_STIR_Put_Options.pdf
2026-05-01,FINAL,83,5,136512,a2770655c105c049e4ad75343989d268c1d012b0b472d9ad759f78687ca2caa3,puts,20260504221512,raw/wayback/puts_20260504221512.pdf,https://web.archive.org/web/20260504221512id_/https://www.cmegroup.com/daily_bulletin/current/Section52_STIR_Put_Options.pdf
2026-05-05,FINAL,85,5,137524,9a69ccc6799b797e01d93a76b2fa8f0e8c20fb7f6a53fa6668ab40e03891b224,puts,20260506221025,raw/wayback/puts_20260506221025.pdf,https://web.archive.org/web/20260506221025id_/https://www.cmegroup.com/daily_bulletin/current/Section52_STIR_Put_Options.pdf
2026-05-06,FINAL,86,5,137700,d5e6de3f7378d02aa554b9a87fcaa425bcf4bee99dc9811269897685e73ff0d6,puts,20260507221205,raw/wayback/puts_20260507221205.pdf,https://web.archive.org/web/20260507221205id_/https://www.cmegroup.com/daily_bulletin/current/Section52_STIR_Put_Options.pdf
2026-05-07,FINAL,87,5,138015,f489a4d2513d20d7bde788aa1d4390a102adeee1a3f0fa86b73f0d2aaa1b7f0c,puts,20260508221210,raw/wayback/puts_20260508221210.pdf,https://web.archive.org/web/20260508221210id_/https://www.cmegroup.com/daily_bulletin/current/Section52_STIR_Put_Options.pdf
2026-05-08,FINAL,88,5,137566,065be8439e496a50c973db7b216d763a2724087adfdaf315b5428aa8ded804e9,puts,20260511222010,raw/wayback/puts_20260511222010.pdf,https://web.archive.org/web/20260511222010id_/https://www.cmegroup.com/daily_bulletin/current/Section52_STIR_Put_Options.pdf
2026-05-11,FINAL,89,5,137544,0d259571c1265a653b01d7aa8da7cf110ee0b951a6ec0a8ed485a9f6f8aab7cf,puts,20260512222424,raw/wayback/puts_20260512222424.pdf,https://web.archive.org/web/20260512222424id_/https://www.cmegroup.com/daily_bulletin/current/Section52_STIR_Put_Options.pdf
2026-05-13,FINAL,91,5,138448,897e32bafa246c6cb613ffe7a2b7e692b5708cf49e7159d8094fcb51bfb775b3,puts,20260514222311,raw/wayback/puts_20260514222311.pdf,https://web.archive.org/web/20260514222311id_/https://www.cmegroup.com/daily_bulletin/current/Section52_STIR_Put_Options.pdf
2026-05-15,FINAL,93,5,139269,85a5a91755a8cfd32df68f360a19e1b2f21bff641a6546713f2a5f0cd2c6a7fd,puts,20260518221625,raw/wayback/puts_20260518221625.pdf,https://web.archive.org/web/20260518221625id_/https://www.cmegroup.com/daily_bulletin/current/Section52_STIR_Put_Options.pdf
2026-05-19,FINAL,95,5,137116,b8bae6aab3438b8249b4fe59d04e3e413ea6ca41571644a09c2eef20cf9c03fb,puts,20260520223813,raw/wayback/puts_20260520223813.pdf,https://web.archive.org/web/20260520223813id_/https://www.cmegroup.com/daily_bulletin/current/Section52_STIR_Put_Options.pdf
2026-05-20,FINAL,96,5,137524,744edd8e132e1aed32ed077cd5063cf9fdbb7f37acad42504a90e7d09c8dcb1a,puts,20260521223212,raw/wayback/puts_20260521223212.pdf,https://web.archive.org/web/20260521223212id_/https://www.cmegroup.com/daily_bulletin/current/Section52_STIR_Put_Options.pdf
2026-05-21,FINAL,97,5,137416,5bce89cbfb0e161db60c9e7ce7f0be93d36a13ee123d1709151dd21aab98b4ff,puts,20260522222839,raw/wayback/puts_20260522222839.pdf,https://web.archive.org/web/20260522222839id_/https://www.cmegroup.com/daily_bulletin/current/Section52_STIR_Put_Options.pdf
2026-05-22,FINAL,98,5,137472,e0876e44231cf3e28b97d6553fdd18f5e2104c756d583e08e1066a300ae68555,puts,20260525222025,raw/wayback/puts_20260525222025.pdf,https://web.archive.org/web/20260525222025id_/https://www.cmegroup.com/daily_bulletin/current/Section52_STIR_Put_Options.pdf
2026-05-22,FINAL,98,5,137463,ac0d4a0cd3e04b7a950cb562421563879c9b34f9bc104533188569c52b2757f4,puts,20260526224532,raw/wayback/puts_20260526224532.pdf,https://web.archive.org/web/20260526224532id_/https://www.cmegroup.com/daily_bulletin/current/Section52_STIR_Put_Options.pdf
2026-05-26,FINAL,99,5,137662,c81c2281a280472aef1b708164ed02f1b1801ca1da015a1291f5bb2aa6a0b2aa,puts,20260527224240,raw/wayback/puts_20260527224240.pdf,https://web.archive.org/web/20260527224240id_/https://www.cmegroup.com/daily_bulletin/current/Section52_STIR_Put_Options.pdf
2026-05-27,FINAL,100,5,137772,663d639b0ca860214c62e01343e067cdbc21107bd5161b304145110076837eff,puts,20260528225450,raw/wayback/puts_20260528225450.pdf,https://web.archive.org/web/20260528225450id_/https://www.cmegroup.com/daily_bulletin/current/Section52_STIR_Put_Options.pdf
2026-05-28,FINAL,101,5,139220,f16bfe554438aca409727c1469722b09efbb0205f33b62c2efdca99d7fc110b1,puts,20260529224226,raw/wayback/puts_20260529224226.pdf,https://web.archive.org/web/20260529224226id_/https://www.cmegroup.com/daily_bulletin/current/Section52_STIR_Put_Options.pdf
2026-05-29,FINAL,102,5,139217,0f59e5a6ee645632f7c687e0b3017db4d9f2e4d78f3bc77bab6485a510678955,puts,20260601231442,raw/wayback/puts_20260601231442.pdf,https://web.archive.org/web/20260601231442id_/https://www.cmegroup.com/daily_bulletin/current/Section52_STIR_Put_Options.pdf
2026-06-02,FINAL,104,5,138949,23c997fb153ea497fc84a43c01b94cb87a973e5337b05d314ae49ac2bd75e72f,puts,20260603231811,raw/wayback/puts_20260603231811.pdf,https://web.archive.org/web/20260603231811id_/https://www.cmegroup.com/daily_bulletin/current/Section52_STIR_Put_Options.pdf
2026-06-03,FINAL,105,5,139710,94fc19b2239f72111c952aaa7f80d803a48be1d8fa6e845c7a16926f08507e1f,puts,20260604223259,raw/wayback/puts_20260604223259.pdf,https://web.archive.org/web/20260604223259id_/https://www.cmegroup.com/daily_bulletin/current/Section52_STIR_Put_Options.pdf
2026-06-05,FINAL,107,5,140268,085cb1f715628987ac33235c9a7536f9b19d774cd47d9d9c953762950fa4c49f,puts,20260608224305,raw/wayback/puts_20260608224305.pdf,https://web.archive.org/web/20260608224305id_/https://www.cmegroup.com/daily_bulletin/current/Section52_STIR_Put_Options.pdf
2026-06-09,FINAL,109,5,139479,fdcb224d2fe66ad5b5a0b0e69c2f57ad145c7c56fbf3f1612dbf32a5f35df8cb,puts,20260610230523,raw/wayback/puts_20260610230523.pdf,https://web.archive.org/web/20260610230523id_/https://www.cmegroup.com/daily_bulletin/current/Section52_STIR_Put_Options.pdf
2026-06-10,FINAL,110,5,139505,47e8edc603e78b3b734679a82692b10d8c8cce0c0c5cb0bfc3a05b3c82e09464,puts,20260612001443,raw/wayback/puts_20260612001443.pdf,https://web.archive.org/web/20260612001443id_/https://www.cmegroup.com/daily_bulletin/current/Section52_STIR_Put_Options.pdf
2026-06-12,FINAL,112,5,140626,b1524f6a67fad9a48cb3e1d6b0786b8093814a255cafcff6dee37fd92324ff90,puts,20260615231726,raw/wayback/puts_20260615231726.pdf,https://web.archive.org/web/20260615231726id_/https://www.cmegroup.com/daily_bulletin/current/Section52_STIR_Put_Options.pdf
2026-06-16,FINAL,114,5,134629,6b77283fe860e0feb96624e3d99b1c38826dd0754fc2b383249bf5315ac18e7f,puts,20260617225818,raw/wayback/puts_20260617225818.pdf,https://web.archive.org/web/20260617225818id_/https://www.cmegroup.com/daily_bulletin/current/Section52_STIR_Put_Options.pdf
2026-06-18,FINAL,116,5,135693,c6cf2c53ba72d18a80d01debc9e6e183b2424a70fdde1e14d7d378f378d83081,puts,20260619222042,raw/wayback/puts_20260619222042.pdf,https://web.archive.org/web/20260619222042id_/https://www.cmegroup.com/daily_bulletin/current/Section52_STIR_Put_Options.pdf
2026-06-18,FINAL,116,5,135421,272f49a9eb576576f39ba1f3157fb4e051a83cc478cadabe7009b66ed85d42c5,puts,20260622230026,raw/wayback/puts_20260622230026.pdf,https://web.archive.org/web/20260622230026id_/https://www.cmegroup.com/daily_bulletin/current/Section52_STIR_Put_Options.pdf
2026-06-22,FINAL,118,5,135572,5507645e99df449193820b010ee37b87c5146fcd59f649b38e8da325d7a50610,puts,20260623222546,raw/wayback/puts_20260623222546.pdf,https://web.archive.org/web/20260623222546id_/https://www.cmegroup.com/daily_bulletin/current/Section52_STIR_Put_Options.pdf
2026-06-23,FINAL,119,5,136167,4d71a80ae3720112b73ed608eb7958f86409e16f2b44357442bee104bfdf4653,puts,20260624222814,raw/wayback/puts_20260624222814.pdf,https://web.archive.org/web/20260624222814id_/https://www.cmegroup.com/daily_bulletin/current/Section52_STIR_Put_Options.pdf
2026-06-24,FINAL,120,5,136156,6b38b4ba270e122dea2f69f8f747a72281f0e77d42be0e6f812a30d12b117167,puts,20260625223602,raw/wayback/puts_20260625223602.pdf,https://web.archive.org/web/20260625223602id_/https://www.cmegroup.com/daily_bulletin/current/Section52_STIR_Put_Options.pdf
2026-06-25,FINAL,121,5,136164,284ec05868f896716f9bbaac7f27ee683b92d4101d9ac175cb0b25388218c6ab,puts,20260626223103,raw/wayback/puts_20260626223103.pdf,https://web.archive.org/web/20260626223103id_/https://www.cmegroup.com/daily_bulletin/current/Section52_STIR_Put_Options.pdf
2026-06-29,FINAL,123,5,136304,6248b5d5763455809917cc0cf8c38ab71cf5970fab750fa6f6e099fc92504923,puts,20260630223041,raw/wayback/puts_20260630223041.pdf,https://web.archive.org/web/20260630223041id_/https://www.cmegroup.com/daily_bulletin/current/Section52_STIR_Put_Options.pdf
2026-06-30,FINAL,124,5,136796,e752eb03fff98261f025309c2acada9590d5b79379bba00ceedd7582b80b5e02,puts,20260701223113,raw/wayback/puts_20260701223113.pdf,https://web.archive.org/web/20260701223113id_/https://www.cmegroup.com/daily_bulletin/current/Section52_STIR_Put_Options.pdf
2026-07-01,FINAL,125,5,137243,ce311a0c5706989a629fb14ea8d07f5c36228f23ea7a8cc3aaa01fbfa90e4dde,puts,20260702222552,raw/wayback/puts_20260702222552.pdf,https://web.archive.org/web/20260702222552id_/https://www.cmegroup.com/daily_bulletin/current/Section52_STIR_Put_Options.pdf
2026-07-02,FINAL,126,5,137217,0d36c75ea59bdcabe3fc1820bf821231160ae800bbda5096c620b4506dc3b564,puts,20260703222115,raw/wayback/puts_20260703222115.pdf,https://web.archive.org/web/20260703222115id_/https://www.cmegroup.com/daily_bulletin/current/Section52_STIR_Put_Options.pdf
2026-07-02,FINAL,126,5,137206,54e526b893f01f29f687f355c86d20830bc45600a1f36c24fb37bb498696fc6a,puts,20260706223143,raw/wayback/puts_20260706223143.pdf,https://web.archive.org/web/20260706223143id_/https://www.cmegroup.com/daily_bulletin/current/Section52_STIR_Put_Options.pdf
2026-07-06,FINAL,127,5,137234,0013437c5e2e8f760f5f1c41933ec272b30fe5fe6ee6f8b1a622b060f2fb833c,puts,20260707222911,raw/wayback/puts_20260707222911.pdf,https://web.archive.org/web/20260707222911id_/https://www.cmegroup.com/daily_bulletin/current/Section52_STIR_Put_Options.pdf
2026-07-07,FINAL,128,5,137938,9545ae76450b7c2b85a47ea6947c6970f9e63c0829552aee83acb6128af9611b,puts,20260708222122,raw/wayback/puts_20260708222122.pdf,https://web.archive.org/web/20260708222122id_/https://www.cmegroup.com/daily_bulletin/current/Section52_STIR_Put_Options.pdf
2026-07-08,FINAL,129,5,138126,25bcc1c56c316cca9670152a6e0fb2f5364cf1fe6897add61786c10c26f77430,puts,20260709224819,raw/wayback/puts_20260709224819.pdf,https://web.archive.org/web/20260709224819id_/https://www.cmegroup.com/daily_bulletin/current/Section52_STIR_Put_Options.pdf
2026-07-09,FINAL,130,5,137722,5527795fad97c2393b8130a832c88abda7dfec32d32a7b018728b851feeaef28,puts,20260710222412,raw/wayback/puts_20260710222412.pdf,https://web.archive.org/web/20260710222412id_/https://www.cmegroup.com/daily_bulletin/current/Section52_STIR_Put_Options.pdf
2026-07-10,FINAL,131,5,137676,320f57b56bd631ac891446488372c1d08a5d5df331f15e91c1d104fb73df6bc7,puts,20260713221313,raw/wayback/puts_20260713221313.pdf,https://web.archive.org/web/20260713221313id_/https://www.cmegroup.com/daily_bulletin/current/Section52_STIR_Put_Options.pdf
2026-07-13,FINAL,132,5,135374,edc40162823edab88144bf1f2180079e3c705e3eecebf464ed780fd3b2721868,puts,20260714221311,raw/wayback/puts_20260714221311.pdf,https://web.archive.org/web/20260714221311id_/https://www.cmegroup.com/daily_bulletin/current/Section52_STIR_Put_Options.pdf
2026-07-14,FINAL,133,5,133839,5cf3c12d9254c5abe92ca87b6dc1cab7f21c7406ffbd5530f484ce9fdfed7133,puts,20260715222102,raw/wayback/puts_20260715222102.pdf,https://web.archive.org/web/20260715222102id_/https://www.cmegroup.com/daily_bulletin/current/Section52_STIR_Put_Options.pdf
2026-07-15,FINAL,134,5,133693,0bd6911032d991fc025b8c7c2e5a477bd07d05f1557e9ba0ec666a709c9b9579,puts,20260716221913,raw/wayback/puts_20260716221913.pdf,https://web.archive.org/web/20260716221913id_/https://www.cmegroup.com/daily_bulletin/current/Section52_STIR_Put_Options.pdf
2026-07-16,FINAL,135,5,133187,b25579bd69541fe7cf75166ca3e8d9fa9ba14e4bd7f4ecbddf04dcbd0eb8b9c4,puts,20260717221425,raw/wayback/puts_20260717221425.pdf,https://web.archive.org/web/20260717221425id_/https://www.cmegroup.com/daily_bulletin/current/Section52_STIR_Put_Options.pdf
2026-07-17,FINAL,136,5,133309,07e48912b98ecd65a224867f5ebf28f9e23f2e65c56ea9f84cd9f3bcc7b936c9,puts,20260720221744,raw/wayback/puts_20260720221744.pdf,https://web.archive.org/web/20260720221744id_/https://www.cmegroup.com/daily_bulletin/current/Section52_STIR_Put_Options.pdf
2026-07-21,FINAL,138,5,133510,712f2b0f1f61fbb4543a5d4f7c9657e284e5ea9ead9b5fe517793b07848d724d,puts,20260722222243,raw/wayback/puts_20260722222243.pdf,https://web.archive.org/web/20260722222243id_/https://www.cmegroup.com/daily_bulletin/current/Section52_STIR_Put_Options.pdf
2026-07-22,FINAL,139,5,135048,c5a2d1dd9cf67d09656c2a69fdbe8d68a50ae9b6fe3260b372cf246c4e6179f5,puts,20260723221610,raw/wayback/puts_20260723221610.pdf,https://web.archive.org/web/20260723221610id_/https://www.cmegroup.com/daily_bulletin/current/Section52_STIR_Put_Options.pdf
2026-07-23,FINAL,140,5,135040,8b0f75b3d5c0885c35c122156898c34a5f0ec363d84d9f4c1b6c0e225bba06dc,puts,20260724222527,raw/wayback/puts_20260724222527.pdf,https://web.archive.org/web/20260724222527id_/https://www.cmegroup.com/daily_bulletin/current/Section52_STIR_Put_Options.pdf
2026-07-24,FINAL,141,5,135320,b886f07609b4ca4c99eb9adac090a9a42d3eacf19c1522253d8f011cd859a3fd,puts,20260727222427,raw/wayback/puts_20260727222427.pdf,https://web.archive.org/web/20260727222427id_/https://www.cmegroup.com/daily_bulletin/current/Section52_STIR_Put_Options.pdf
2026-07-29,FINAL,144,5,135604,635f627bb151951da903f4c2a61d570474b0af5743481049f66016ebea29e8b3,puts,20260730223139,raw/wayback/puts_20260730223139.pdf,https://web.archive.org/web/20260730223139id_/https://www.cmegroup.com/daily_bulletin/current/Section52_STIR_Put_Options.pdf
2026-07-30,FINAL,145,5,135834,341da5e50643fd780243cd54dbd0d15fb145aaa199d70d5ea971183065d32623,puts,20260731223338,raw/wayback/puts_20260731223338.pdf,https://web.archive.org/web/20260731223338id_/https://www.cmegroup.com/daily_bulletin/current/Section52_STIR_Put_Options.pdf
2026-07-31,FINAL,146,5,136125,a39819a53fa07dd6d9e65a575ec2c4ae39da3c9e6697e46ff387faa9a6f27434,puts,20260803222027,raw/wayback/puts_20260803222027.pdf,https://web.archive.org/web/20260803222027id_/https://www.cmegroup.com/daily_bulletin/current/Section52_STIR_Put_Options.pdf
2026-08-03,FINAL,147,5,135769,f2ad12d3877b458d87e0bee859249b44ddfc345dcfb93ba2243f7be4b0e906dd,puts,20260804222243,raw/wayback/puts_20260804222243.pdf,https://web.archive.org/web/20260804222243id_/https://www.cmegroup.com/daily_bulletin/current/Section52_STIR_Put_Options.pdf
2026-08-05,FINAL,149,5,135505,9cb85c07507b7ca2eb5f0a02f7a88bef1d94ad8b6da2e4456d99d2f9ae5954f9,puts,20260807011612,raw/wayback/puts_20260807011612.pdf,https://web.archive.org/web/20260807011612id_/https://www.cmegroup.com/daily_bulletin/current/Section52_STIR_Put_Options.pdf
2026-08-12,FINAL,154,5,137811,b1742f4ec8b2e35b152d24384a7ec56637229aa1c1a1827313f431d27863aa46,puts,20260813215426,raw/wayback/puts_20260813215426.pdf,https://web.archive.org/web/20260813215426id_/https://www.cmegroup.com/daily_bulletin/current/Section52_STIR_Put_Options.pdf
2026-08-13,FINAL,155,5,138094,18c2434eab9a2de96e1693f2829366109b11b07c4efd532d73017fa1ac30e30a,puts,20260814213916,raw/wayback/puts_20260814213916.pdf,https://web.archive.org/web/20260814213916id_/https://www.cmegroup.com/daily_bulletin/current/Section52_STIR_Put_Options.pdf
2026-08-14,FINAL,156,5,137851,f8bfa57fd93e14234ac3558630e33fa2f60b920f832026d0f21661b1c6968d6a,puts,20260817214230,raw/wayback/puts_20260817214230.pdf,https://web.archive.org/web/20260817214230id_/https://www.cmegroup.com/daily_bulletin/current/Section52_STIR_Put_Options.pdf
2026-08-18,FINAL,158,5,134363,37adef7f6a6efc9235b278b166804368a22ee87c58d69f73186e6ff77c25dc5e,puts,20260819213735,raw/wayback/puts_20260819213735.pdf,https://web.archive.org/web/20260819213735id_/https://www.cmegroup.com/daily_bulletin/current/Section52_STIR_Put_Options.pdf
2026-08-20,FINAL,160,5,134832,364f7f18df15c1ffd62789f86128c1d36be8eb4476121658f83e113337c44a1b,puts,20260821213727,raw/wayback/puts_20260821213727.pdf,https://web.archive.org/web/20260821213727id_/https://www.cmegroup.com/daily_bulletin/current/Section52_STIR_Put_Options.pdf
2026-08-24,FINAL,162,5,133570,eb0af3dd196583aee11776fb9e11c1dff002b2b1cdf25037c264a27ce56a442e,puts,20260825230253,raw/wayback/puts_20260825230253.pdf,https://web.archive.org/web/20260825230253id_/https://www.cmegroup.com/daily_bulletin/current/Section52_STIR_Put_Options.pdf
2026-08-25,FINAL,163,5,134004,57aeda38a49ba4154aa83cde0f04b0f0073866eb55b4854990d750524195ca55,puts,20260827020721,raw/wayback/puts_20260827020721.pdf,https://web.archive.org/web/20260827020721id_/https://www.cmegroup.com/daily_bulletin/current/Section52_STIR_Put_Options.pdf
2026-08-27,FINAL,165,5,134638,b65af9aca30bd43af2f34c9b3bdede356f16fe1f954263289157ee5189c02071,puts,20260828072300,raw/wayback/puts_20260828072300.pdf,https://web.archive.org/web/20260828072300id_/https://www.cmegroup.com/daily_bulletin/current/Section52_STIR_Put_Options.pdf
2026-08-28,FINAL,166,5,135564,3e28262f982f30d7d9ac95b4c22a56ad0ee9b38b2fcba69d406e49e10db75d9e,puts,20260901004413,raw/wayback/puts_20260901004413.pdf,https://web.archive.org/web/20260901004413id_/https://www.cmegroup.com/daily_bulletin/current/Section52_STIR_Put_Options.pdf
2026-09-01,FINAL,168,5,135140,b9aaf2a92191e38317dab289a14cefa9b4cb1d7c364318e0268dea7a612cbc9c,puts,20260902231438,raw/wayback/puts_20260902231438.pdf,https://web.archive.org/web/20260902231438id_/https://www.cmegroup.com/daily_bulletin/current/Section52_STIR_Put_Options.pdf
2026-09-02,FINAL,169,5,135193,2c99e63fa06d6c2a6643cbbee628ac19195eeba93c62d9316f6130e1198b2840,puts,20260903231529,raw/wayback/puts_20260903231529.pdf,https://web.archive.org/web/20260903231529id_/https://www.cmegroup.com/daily_bulletin/current/Section52_STIR_Put_Options.pdf
2026-09-03,FINAL,170,5,135290,53d063c50d2a35b266ae9fa5cf01b5756ae545509d2401e3473bf466d5335e36,puts,20260904230341,raw/wayback/puts_20260904230341.pdf,https://web.archive.org/web/20260904230341id_/https://www.cmegroup.com/daily_bulletin/current/Section52_STIR_Put_Options.pdf
2026-09-04,FINAL,171,5,134924,c7aef98e99f6c62b780e43c4545c439f46522b1e51c1b34e38c3c23f87a13382,puts,20260907233411,raw/wayback/puts_20260907233411.pdf,https://web.archive.org/web/20260907233411id_/https://www.cmegroup.com/daily_bulletin/current/Section52_STIR_Put_Options.pdf
2026-09-04,FINAL,171,5,134910,78241f66559e4ea38ade87214e3bd6398a9ce41623c3ba0ad2dda24e49272003,puts,20260908233315,raw/wayback/puts_20260908233315.pdf,https://web.archive.org/web/20260908233315id_/https://www.cmegroup.com/daily_bulletin/current/Section52_STIR_Put_Options.pdf
2026-09-08,FINAL,172,5,134404,9ee1bab845a0a86e052d1a798a6d47b7fbd472f4ed47a55aa2641ea56a91a9b6,puts,20260909231625,raw/wayback/puts_20260909231625.pdf,https://web.archive.org/web/20260909231625id_/https://www.cmegroup.com/daily_bulletin/current/Section52_STIR_Put_Options.pdf
2026-09-09,FINAL,173,5,134977,be97ff5c0e80eb9bc2ab0f4f6a721d0972a55a46d6c724ea815194ab4f721c69,puts,20260910231713,raw/wayback/puts_20260910231713.pdf,https://web.archive.org/web/20260910231713id_/https://www.cmegroup.com/daily_bulletin/current/Section52_STIR_Put_Options.pdf
2026-09-10,FINAL,174,5,136116,5875793aca61c131e0503558d32860313a35b8b97d9020394e02bc0c9fc273c9,puts,20260911231411,raw/wayback/puts_20260911231411.pdf,https://web.archive.org/web/20260911231411id_/https://www.cmegroup.com/daily_bulletin/current/Section52_STIR_Put_Options.pdf
2026-09-11,FINAL,175,5,136657,3a72760966fe98b630ef5cb7a94caf0c5b0206470bcdc630258b85893d4a86f8,puts,20260914235822,raw/wayback/puts_20260914235822.pdf,https://web.archive.org/web/20260914235822id_/https://www.cmegroup.com/daily_bulletin/current/Section52_STIR_Put_Options.pdf
2026-09-14,FINAL,176,5,132973,70c8a85d660e547621d98d852b270462baacb510a14b7615caa5b6dbef5c9e76,puts,20260915234338,raw/wayback/puts_20260915234338.pdf,https://web.archive.org/web/20260915234338id_/https://www.cmegroup.com/daily_bulletin/current/Section52_STIR_Put_Options.pdf
2026-09-16,FINAL,178,5,132453,8cc1acccb3f646df3dc72e4e46b04de2ea63649c98d0fe00cdbba3d1e3cb5974,puts,20260917234305,raw/wayback/puts_20260917234305.pdf,https://web.archive.org/web/20260917234305id_/https://www.cmegroup.com/daily_bulletin/current/Section52_STIR_Put_Options.pdf
2026-09-17,FINAL,179,5,132436,759103805dfaba8a35d5c03276a298be30dafabb010ae383d7ebaba49a9b802b,puts,20260918232017,raw/wayback/puts_20260918232017.pdf,https://web.archive.org/web/20260918232017id_/https://www.cmegroup.com/daily_bulletin/current/Section52_STIR_Put_Options.pdf
2026-09-18,FINAL,180,5,132667,6223377ebe9629bc24bd15bbf520ce522877bd1db2c6d15b174e2fd39a78f2c3,puts,20260922000910,raw/wayback/puts_20260922000910.pdf,https://web.archive.org/web/20260922000910id_/https://www.cmegroup.com/daily_bulletin/current/Section52_STIR_Put_Options.pdf
2026-09-23,FINAL,183,5,132853,18394f766eb59e078ec482630e430dca23e77a45f7b9c52bb540d73bf21cbbae,puts,20260925000611,raw/wayback/puts_20260925000611.pdf,https://web.archive.org/web/20260925000611id_/https://www.cmegroup.com/daily_bulletin/current/Section52_STIR_Put_Options.pdf
