trade_date,expiries,strikes,min_tolerance_bp
2026-03-30,6,43,1.9085121154785156
2026-03-31,7,47,2.04923677444458
2026-04-01,7,42,1.935410499572754
2026-04-02,6,35,1.7585563659667969
2026-04-03,5,28,1.6438503265380857
2026-04-06,5,29,1.5740489959716797
2026-04-07,5,32,1.9312639236450195
2026-04-08,7,46,1.713557243347168
2026-04-09,6,39,1.632094383239746
2026-04-10,6,37,1.5960845947265625
2026-04-13,5,29,1.50457763671875
2026-04-14,6,38,2.0594987869262695
2026-04-15,5,28,1.756948471069336
2026-04-16,6,33,1.7978296279907222
2026-04-17,7,44,1.791908740997315
2026-04-21,5,33,1.5275382995605469
2026-04-22,7,38,1.6303796768188474
2026-04-23,6,37,1.3993325233459473
2026-04-24,6,41,1.861673355102539
2026-04-27,6,36,1.8194236755371094
2026-04-28,8,43,1.6672210693359375
2026-04-29,6,42,2.078125
2026-04-30,7,42,1.922830581665039
2026-05-05,8,49,1.975865364074707
2026-05-06,7,44,1.984130859375
2026-05-08,7,44,1.833648681640625
2026-05-11,5,36,1.716440200805664
2026-05-13,7,44,1.5352153778076172
2026-05-19,7,43,1.9380583763122559
2026-05-21,6,41,2.088346481323242
2026-05-22,7,43,2.3368663787841797
2026-05-26,6,38,2.0726394653320312
2026-05-27,7,40,1.9525136947631836
2026-05-28,7,49,1.7702293395996094
2026-05-29,7,39,1.4203495979309082
2026-06-03,6,34,1.7947063446044922
2026-06-09,5,33,1.3009905815124512
2026-06-10,6,40,1.2547969818115234
2026-06-12,7,43,1.2621402740478516
2026-06-16,7,48,1.3230667114257812
2026-06-18,7,41,0.6858134269714355
2026-06-22,6,35,0.5023012161254883
2026-06-24,7,44,0.6228246688842773
2026-06-25,8,47,0.8792123794555664
2026-06-29,6,38,0.8896083831787112
2026-07-01,7,43,0.8068170547485352
2026-07-02,8,51,0.8981938362121582
2026-07-07,6,33,1.0689964294433594
2026-07-08,5,33,1.0571718215942385
2026-07-09,6,37,1.019144058227539
2026-07-13,6,36,0.6584205627441406
2026-07-14,6,41,0.8199119567871094
2026-07-16,5,32,0.870819091796875
2026-07-17,4,27,0.7784042358398438
2026-07-21,6,35,0.7497525215148926
2026-07-22,5,29,0.6548023223876953
2026-07-23,5,28,0.498809814453125
2026-07-24,6,33,0.6393938064575195
2026-07-29,6,39,0.584932804107666
2026-07-30,6,35,0.45239925384521473
2026-07-31,6,36,0.47623252868652344
2026-08-03,6,39,0.45795440673828125
2026-08-12,5,34,0.8475065231323242
2026-08-13,6,38,1.541428565979004
2026-08-14,6,34,1.4882469177246094
2026-08-18,4,26,1.4757919311523438
2026-08-20,3,24,1.3753051757812498
2026-08-24,5,29,0.9474935531616211
2026-08-25,5,28,0.8616542816162109
2026-08-27,4,29,0.9190521240234375
2026-08-28,6,39,0.474700927734375
2026-09-01,5,31,0.3827214241027832
2026-09-02,6,32,0.39623308181762695
2026-09-03,6,35,0.5339384078979492
2026-09-04,4,23,0.5207862854003906
2026-09-08,3,19,0.488525390625
2026-09-11,5,27,0.64105224609375
2026-09-14,6,31,2.566417694091797
