trade_date,expiry,contract,strikes,nearest_Q,nearest_sd,max_held_strike_error,mean_abs_held_strike_error,smile_min_tolerance,discount_effect_near_bp
2026-03-30,2026-04-10,APR26,8,93.97333072463721,9.693984254404233,1.2200869271399917,0.7593457228449372,0.9052810668945315,0.003908862579948936
2026-03-30,2026-08-14,AUG26,7,2747.9242800034926,52.42064745883527,2.573633758927077,1.2526922332560628,1.354055404663086,0.2880504620068213
2026-03-30,2026-12-11,DEC26,8,7695.4288846479885,87.72359366013221,1.2136574399619526,0.4705486882302762,0.6149139404296875,0.8786139640355598
2026-03-30,2026-07-10,JUL26,7,2224.9915875520473,47.16981648842878,2.6172148179899732,1.1399040887821068,1.392313003540039,0.19329845462401096
2026-03-30,2026-06-12,JUN26,8,473.6392204307883,21.7632539026403,3.0591544979979934,2.114092179680944,1.9085426330566406,0.06243722539261104
2026-03-30,2027-03-12,MAR27,8,13030.759648563053,114.15235279468861,0.7527970369462906,0.28080927724433835,0.5349903106689453,1.5471894045251768
2026-03-30,2026-05-15,MAY26,7,321.24771929988106,17.923384705458986,2.525093521685543,1.6315252540151048,1.7058334350585938,0.03165517235348303
2026-03-30,2026-09-11,SEP26,8,3108.687212452648,55.75560252075703,2.9258456326127007,1.5348208043703795,1.5302925109863281,0.36849081429617747
2026-03-31,2026-04-10,APR26,8,77.56371241330294,8.807026309334095,1.1458424313416846,0.7148467670264245,0.91461181640625,0.0025365792889381344
2026-03-31,2026-08-14,AUG26,7,1941.4625684310097,44.06203091586916,2.871050015072493,1.5069531426577292,1.522507667541504,0.2261203186980132
2026-03-31,2026-12-11,DEC26,8,6048.728654097153,77.77357298013993,0.7805288077393655,0.4525087674495489,0.5190906524658203,0.7797312919311514
2026-03-31,2026-07-10,JUL26,7,1558.4578364483098,39.47730786728383,2.6514544642544227,1.5090779725653194,1.4254188537597654,0.14974012798649858
2026-03-31,2026-06-12,JUN26,8,317.91157643861357,17.830075054205846,3.152123237693805,2.057006285265188,2.04931640625,0.044731681172363924
2026-03-31,2027-03-12,MAR27,8,10638.76530266141,103.14439055354106,0.3277221777471304,0.17374202500901145,0.20430231094360352,1.40059226486869
2026-03-31,2026-05-15,MAY26,7,213.39583242765252,14.608074220363632,2.376548651271913,1.6870329917303915,1.6980743408203125,0.02176980770489856
2026-03-31,2026-09-11,SEP26,8,2183.8041581798807,46.73119042117246,3.170651349393948,2.060598773548399,1.6578540802001953,0.28965267768165515
2026-04-01,2026-04-10,APR26,8,68.5811259616928,8.281372226973788,0.9390868111645873,0.6256294955715431,0.788421630859375,0.0022818379599193195
2026-04-01,2026-08-14,AUG26,7,1941.0898644339006,44.05780140263357,2.8716495829088515,1.50731708906464,1.5228796005249023,0.22443518573814408
2026-04-01,2026-12-11,DEC26,9,5757.230330203494,75.87641484811664,1.594986375491981,0.7567027367333576,0.8438892364501953,0.770309968192778
2026-04-01,2026-07-10,JUL26,7,1558.1452208202588,39.47334823422329,2.402041539997854,1.426110538183746,1.2920589447021482,0.1481630268130308
2026-04-01,2026-06-12,JUN26,8,320.02662983043024,17.889288130901974,2.9408928686622064,2.132910193940423,1.9353866577148438,0.04591402604940259
2026-04-01,2027-03-12,MAR27,8,9965.263524210026,99.82616653067484,0.4831023174493403,0.2778006157928508,0.2441883087158203,1.3328709918026649
2026-04-01,2026-05-15,MAY26,7,215.45432186963149,14.678362370156675,2.1473153648942462,1.489666395823308,1.5587615966796875,0.022387876435315812
2026-04-01,2026-09-11,SEP26,8,2183.405769391119,46.72692766907663,3.1712113495498695,1.989551881765324,1.6581830978393555,0.28795405583568806
2026-04-02,2026-04-10,APR26,8,74.96096179540905,8.657999872684744,0.8639753781398961,0.644257446142955,0.687469482421875,0.0018240477588150616
2026-04-02,2026-08-14,AUG26,7,2112.392988537379,45.960776631138195,2.961531272546095,1.625764589343756,1.5633354187011719,0.23266405215795327
2026-04-02,2026-12-11,DEC26,8,6049.289233837691,77.77717681838092,1.4586468529439713,0.6957634254963833,0.7574844360351562,0.7792454430926044
2026-04-02,2026-07-10,JUL26,7,1659.516979924778,40.7371695129249,2.4763161210788374,1.5386343415755601,1.3263130187988281,0.15156173163104691
2026-04-02,2026-06-12,JUN26,8,338.1927797088031,18.390018480382317,2.7463062136154712,2.013058655946773,1.7585983276367188,0.043431614974161814
2026-04-02,2027-03-12,MAR27,8,10224.107052360188,101.11432664247035,0.49430833381789085,0.17104290525756483,0.3243446350097656,1.3466707097869182
2026-04-02,2026-05-15,MAY26,7,229.71532727864246,15.156362600526634,2.024504539920769,1.4204867181753993,1.4186859130859375,0.02077089349809319
2026-04-02,2026-09-11,SEP26,8,2303.677907032047,47.996644747649256,3.276547772634112,2.0503613721386182,1.721684455871582,0.2939264976136015
2026-04-03,2026-04-10,APR26,8,41.770524076532865,6.463011997245005,0.8931069228531009,0.5557124182048235,0.7445068359375,0.0014431902873623947
2026-04-03,2026-08-14,AUG26,7,1886.1438943122268,43.42975816548173,3.230016605234198,1.361323222095409,1.7193841934204102,0.21503079677853754
2026-04-03,2026-12-11,DEC26,8,5606.043349985503,74.87351567801196,2.1164864139041164,1.0523185412619824,1.086128234863281,0.7453775928605849
2026-04-03,2026-07-10,JUL26,7,1460.4959803731747,38.21643599778994,2.7018917062495005,1.413970795410114,1.464008331298828,0.13713408818158748
2026-04-03,2026-06-12,JUN26,8,277.6500859674154,16.662835472014223,2.6762361017775684,2.0255141591891186,1.83837890625,0.04120553330279142
2026-04-03,2027-03-12,MAR27,8,9776.056487870374,98.87394241088181,0.7817095202498052,0.2856033614643191,0.3948211669921875,1.3231482482120223
2026-04-03,2026-05-15,MAY26,7,181.31344520770222,13.465268107531399,1.8890560004239911,1.4074408568612036,1.3818893432617188,0.019994644193453204
2026-04-03,2026-09-11,SEP26,8,2125.1180603689572,46.09900281317327,3.587678131777185,1.9241911361957034,1.8963918685913086,0.279091203018307
2026-04-06,2026-08-14,AUG26,7,1771.7413080717245,42.09205754143796,3.394408157844447,1.5966201508599236,1.8023338317871094,0.2031268070432336
2026-04-06,2026-12-11,DEC26,8,5504.4719729573735,74.19212878033204,2.0056765800395375,0.9362396453003764,1.0275950431823728,0.7275778433215749
2026-04-06,2026-07-10,JUL26,7,1313.70920517952,36.245126640412224,2.8307184726297816,1.4126200903318338,1.5336284637451172,0.12631292337079691
2026-04-06,2026-06-12,JUN26,8,238.82449188186433,15.453947453057562,2.439638595738806,1.865024205890647,1.574066162109375,0.04103973650753723
2026-04-06,2027-03-12,MAR27,8,9528.215686733205,97.61257955168077,0.8077483936697334,0.43347148118690015,0.5387625694274902,1.3179345443516552
2026-04-06,2026-05-15,MAY26,7,150.41827933367108,12.264513008418682,1.8988006068233323,1.4290274725044583,1.3656539916992188,0.018849258004685343
2026-04-06,2026-09-11,SEP26,8,2003.0485028873165,44.75542987043379,3.7499613663115117,1.9355270466119308,1.9773950576782227,0.26352807089156133
2026-04-07,2026-08-14,AUG26,7,1675.5805529265956,40.933855827744786,3.851180148000039,1.8284622272784403,2.074793815612793,0.20798678169562468
2026-04-07,2026-12-11,DEC26,8,5403.8688316410025,73.51101163527137,1.794488645898575,0.7694449648588864,0.9140295982360842,0.7099602764666033
2026-04-07,2026-07-10,JUL26,8,1276.585593734396,35.729337997427216,3.5087996935306602,1.9616972475105616,1.9312858581542973,0.1320838095369373
2026-04-07,2026-06-12,JUN26,8,258.0359352148482,16.063496979638284,2.6301064899262396,1.8768434840158819,1.685211181640625,0.04039178478814742
2026-04-07,2027-03-12,MAR27,8,9432.773092894065,97.12246440908542,1.239209987987671,0.5154394242462469,0.6273198127746582,1.2647402548001212
2026-04-07,2026-05-15,MAY26,7,149.827820293189,12.240417488516844,1.6411203332052806,1.3811449061574406,1.3447952270507812,0.01738375876295084
2026-04-07,2026-09-11,SEP26,8,2013.2324351571667,44.86905877280207,3.8042759593365485,2.0734934360602777,2.0264196395874023,0.27766523376726554
2026-04-08,2026-08-14,AUG26,7,1283.6026579294391,35.82740093740319,2.622041536449064,1.244788148245465,1.4481868743896484,0.17676345817742434
2026-04-08,2026-12-11,DEC26,8,4044.7364791884847,63.59824273663923,1.6396815809101266,0.714476527791648,0.8672161102294922,0.6228120891754214
2026-04-08,2026-07-10,JUL26,8,1058.8720032978506,32.54031350952001,2.1910688290610763,1.2938921549056122,1.189840316772461,0.11628377669901913
2026-04-08,2026-06-12,JUN26,8,166.49980988081393,12.903480533593017,2.1338314628379242,1.6101333020378814,1.5048141479492188,0.0314370253038162
2026-04-08,2027-03-12,MAR27,8,7639.524402272889,87.40437290131936,0.581882339600746,0.30735995156846585,0.29519081115722656,1.1335623968819468
2026-04-08,2026-05-15,MAY26,7,107.0801138380582,10.347952156734113,1.328863776995308,1.0289933289713866,1.087188720703125,0.014073855025052429
2026-04-08,2026-09-11,SEP26,8,1431.5885087164863,37.836338468679635,2.996650524206834,1.9473679319413943,1.6305656433105467,0.22775181750572296
2026-04-09,2026-08-14,AUG26,7,1186.1949377631397,34.44118084159049,2.932380823151874,1.5753977561049435,1.6005516052246094,0.15881929525398425
2026-04-09,2026-12-11,DEC26,8,3717.2648384275117,60.96937623452869,1.4955388124802411,0.6767593451366274,0.8377227783203125,0.5806228559860531
2026-04-09,2026-07-10,JUL26,8,970.7403410474037,31.156706197019666,2.264974783028248,1.202591541781329,1.2523880004882812,0.103112571097151
2026-04-09,2026-06-12,JUN26,8,132.7488366448713,11.521668136379875,2.145317279815475,1.6610075576397176,1.5523338317871094,0.024398996465249678
2026-04-09,2027-03-12,MAR27,8,6925.573215368831,83.22002893155488,0.8495758309142971,0.4103702447331215,0.6326436996459961,1.0823283915346662
2026-04-09,2026-05-15,MAY26,7,91.80000070365281,9.581231690323161,1.3729043528890328,1.142993173015484,1.104583740234375,0.010939779382191706
2026-04-09,2026-09-11,SEP26,8,1282.1388280477156,35.80696619441133,3.0588154431343515,2.0607460805723545,1.650437355041504,0.2020207403352921
2026-04-10,2026-08-14,AUG26,7,1148.1727028743192,33.884697178436156,2.3570525848489625,1.261310485119901,1.3036727905273438,0.1610625648978764
2026-04-10,2026-12-11,DEC26,8,3415.799471052176,58.444841269800506,1.9863488677161634,0.9045472379803277,1.056060791015625,0.5669714939516307
2026-04-10,2026-07-10,JUL26,8,898.2677161829768,29.971114697037493,2.6409214792458364,1.3865417586020634,1.4564895629882812,0.10212135839541037
2026-04-10,2026-06-12,JUN26,8,150.53400730285398,12.269230102286532,1.9594583408424073,1.6036424571723014,1.5325927734375,0.028856822333592214
2026-04-10,2027-03-12,MAR27,8,6440.022233474545,80.2497491178293,1.2475899611767431,0.5143361235863578,0.6343936920166016,1.0305518425285922
2026-04-10,2026-05-15,MAY26,7,94.38937043182273,9.715419210297759,1.3791083860785813,1.146985487444807,1.1231231689453127,0.012434674358110189
2026-04-10,2026-09-11,SEP26,8,1242.5667039300981,35.25005963016372,2.9691298425881687,1.8522033532051414,1.596038818359375,0.20506552483450458
2026-04-13,2026-08-14,AUG26,7,1076.6124518178287,32.81177306726701,2.388441532113921,1.3769851338182406,1.3190536499023438,0.14467878470724538
2026-04-13,2026-12-11,DEC26,8,3407.850557486988,58.37679810924018,1.4240023546975493,0.7146494100819878,0.7398681640625,0.5466606955688982
2026-04-13,2026-07-10,JUL26,8,834.9698743097226,28.89584527764714,2.566714790058856,1.3696182636899288,1.5045928955078125,0.08984663554825634
2026-04-13,2026-06-12,JUN26,8,134.2614811790902,11.587125665111698,1.8360099122755857,1.48298967688391,1.38018798828125,0.024466552100210315
2026-04-13,2027-03-12,MAR27,8,6391.517574175523,79.9469672606505,0.8566301849879281,0.2730351380336223,0.49770355224609375,1.0268661949768987
2026-04-13,2026-05-15,MAY26,7,70.38161988631032,8.389375416937206,1.322818632649906,0.8572256095767313,0.9716644287109375,0.008958978160080733
2026-04-13,2026-09-11,SEP26,8,1302.4191799718294,36.089045151843926,2.848516129581798,1.5147401570063306,1.7190399169921875,0.19716208718755796
2026-04-14,2026-08-14,AUG26,7,809.4097251129526,28.45012697885464,2.4309709992427533,1.4969979701867822,1.4588451385498047,0.12799201713075492
2026-04-14,2026-12-11,DEC26,8,3068.3572392863143,55.392754393388984,1.074593726287194,0.5916089050801665,0.750615119934082,0.5007389760232721
2026-04-14,2026-07-10,JUL26,8,634.4094881724247,25.187486737910646,2.5525459525132916,1.42963108409517,1.5029296875,0.08001457865811124
2026-04-14,2026-06-12,JUN26,8,93.73443575983924,9.681654598251233,1.6816105673124455,1.2913013430532894,1.380615234375,0.019568908316890232
2026-04-14,2027-03-12,MAR27,7,5791.850061600084,76.10420528196903,0.6090735478989941,0.31409138937607634,0.32313919067382807,0.987659518812044
2026-04-14,2026-05-15,MAY26,7,50.62119608524313,7.114857418476011,1.17799046864118,0.8246186470258287,0.9374771118164062,0.007111141669513543
2026-04-14,2026-09-11,SEP26,8,1046.5448597486377,32.35034558932312,2.781705280351053,1.5385412477597786,1.8690166473388672,0.18057665367076997
2026-04-15,2026-08-14,AUG26,7,845.8235267583798,29.083045348766003,2.4882522477519773,1.4856145013002788,1.3834762573242188,0.12988032355605816
2026-04-15,2026-12-11,DEC26,8,3105.5814749678257,55.727744212087266,1.3629927807493107,0.8095760584266313,0.7962455749511719,0.5045207726851052
2026-04-15,2026-07-10,JUL26,8,666.6169892886239,25.81892695850515,2.3859893671412946,1.3236972089385939,1.494924545288086,0.08114924248773259
2026-04-15,2026-06-12,JUN26,8,93.71631755531939,9.680718855297854,1.681646753724553,1.327098742607785,1.3807144165039062,0.01919869966881571
2026-04-15,2027-03-12,MAR27,8,5794.380884862741,76.12083082089121,1.3089944189869023,0.494580506792856,0.6999406814575195,0.9929816119695647
2026-04-15,2026-05-15,MAY26,7,41.924632512955895,6.474923359620243,0.9608869444737101,0.6895508561607914,0.80743408203125,0.006107245372318548
2026-04-15,2026-09-11,SEP26,8,1046.3231039358327,32.34691799748212,2.7822401185540553,1.5388939842197493,1.7569599151611328,0.17921185333839174
2026-04-16,2026-08-14,AUG26,7,845.641259842201,29.079911620261175,2.4887389752267683,1.2305272678107724,1.4845733642578125,0.12863309970312387
2026-04-16,2026-12-11,DEC26,8,2967.196961724989,54.47198327328452,1.650096843595767,0.875209291468318,0.9417257308959961,0.4958231933089261
2026-04-16,2026-07-10,JUL26,8,602.6109756806866,24.548135890138106,2.4668520067487694,1.5325541455822245,1.463785171508789,0.0757742020589347
2026-04-16,2026-06-12,JUN26,8,92.11540399123737,9.597677010153935,1.7104671497249748,1.3990233564504406,1.41009521484375,0.017392169950862346
2026-04-16,2027-03-12,MAR27,8,5780.533567092689,76.02982024898316,1.01581729336624,0.4666839579691486,0.6216001510620116,0.9645442608848834
2026-04-16,2026-05-15,MAY26,7,49.0535556366774,7.00382435792599,0.8110733472333576,0.6582773922237122,0.73748779296875,0.005891670075644395
2026-04-16,2026-09-11,SEP26,8,1005.2640558264386,31.705899385231742,2.682952178591554,1.6210599093064046,1.7978401184082031,0.17398063848612488
2026-04-17,2026-08-14,AUG26,8,902.9709413400872,30.049474892917633,2.1286810487617736,1.0785871812797967,1.6250076293945312,0.13332944773539723
2026-04-17,2026-12-11,DEC26,8,2965.4383040663242,54.4558381081985,1.396518451992252,0.5567763993896254,0.9688396453857422,0.4893865456192377
2026-04-17,2026-07-10,JUL26,8,651.1574394360516,25.51778672683138,1.9765462843198427,0.9490984194837989,1.4591445922851562,0.07905404407903438
2026-04-17,2026-06-12,JUN26,8,136.65819595763173,11.690089647116986,1.4515265075248396,1.02881246735622,1.2302017211914065,0.019911853973581754
2026-04-17,2027-03-12,MAR27,7,5528.733993363654,74.35545705167614,1.0593925079995614,0.29912843410519524,0.5420451164245607,0.9242656288283884
2026-04-17,2026-05-15,MAY26,7,70.91009956194898,8.420813473884158,0.8743694645436753,0.61625378628337,0.7522201538085938,0.006389812640279158
2026-04-17,2026-09-11,SEP26,8,1109.7780608600767,33.31333157851488,1.850905423550218,1.1386939790172819,1.791910171508789,0.1834296663510262
2026-04-21,2026-08-14,AUG26,7,1001.286568120325,31.64311249103547,2.3090275352934135,1.2083490497545302,1.3799114227294922,0.1379563001305389
2026-04-21,2026-12-11,DEC26,8,3250.5196445118654,57.01332865665594,1.48465109878423,0.8745682303315024,0.8483171463012695,0.5090206148992227
2026-04-21,2026-07-10,JUL26,8,700.9969158088181,26.47634634553677,2.301897341738589,1.3509332703998023,1.3582992553710938,0.07948081466743745
2026-04-21,2026-06-12,JUN26,8,104.7274665746661,10.233643856157302,1.414303609609598,1.1495857932113276,1.160430908203125,0.017181514029321554
2026-04-21,2027-03-12,MAR27,8,5873.441808675065,76.63838339027686,1.3100457299867614,0.5395935983082693,0.6697154045104979,0.957262035031924
2026-04-21,2026-05-15,MAY26,7,58.48533336318883,7.6475704222444945,1.1572896749678454,0.7834347430101739,0.9076080322265625,0.005471449708647491
2026-04-21,2026-09-11,SEP26,8,1263.5575838389802,35.54655516135115,2.1562216063952206,1.3234732718046551,1.5274620056152344,0.19364788242416592
2026-04-22,2026-08-14,AUG26,7,959.1147832901386,30.96957835183002,1.8994950848781533,1.0504056329439548,1.146697998046875,0.13082875504491775
2026-04-22,2026-12-11,DEC26,8,3258.750609076368,57.08546758218214,1.4536358995715268,0.8375364190917308,0.8058319091796875,0.524680173006518
2026-04-22,2026-07-10,JUL26,8,665.7444936386748,25.80202499104818,2.638601849953892,1.3969913269599148,1.6399497985839844,0.07442654617806471
2026-04-22,2026-06-12,JUN26,8,89.93224261895261,9.483261180572462,1.3435551697735026,1.185709081457776,1.095703125,0.014261860432868312
2026-04-22,2027-03-12,MAR27,8,6115.458386561882,78.20139632104969,0.9809219182538484,0.4044375477509326,0.5799026489257811,0.9637841231650351
2026-04-22,2026-05-15,MAY26,7,56.40581374434646,7.51038039944359,0.9532292023327376,0.6588152258455212,0.64141845703125,0.004668519989263764
2026-04-22,2026-10-16,OCT26,4,2603.6306604865813,51.0257842711563,0.3483886647848937,0.21345229995743806,0.19957637786865234,0.3573200341932904
2026-04-22,2026-09-11,SEP26,8,1172.0633535995592,34.23541081394466,2.1940616047182706,1.3620978538699522,1.5333175659179688,0.18125206168232155
2026-04-23,2026-08-14,AUG26,7,958.9466600238209,30.96686390359574,1.8999135151618143,1.0923335745384126,1.2601661682128906,0.12974810286198651
2026-04-23,2026-12-11,DEC26,8,3476.0458445329723,58.95800068296899,1.9509567308196178,0.9007093141689663,1.1219892501831055,0.528451198932113
2026-04-23,2026-07-10,JUL26,8,665.6284444015553,25.799776053321768,2.3889495692352765,1.2925418727005114,1.3993701934814453,0.07353204134008717
2026-04-23,2026-06-12,JUN26,8,78.02927953081803,8.833418337813399,1.4654901605726145,1.2130483991743135,1.1321258544921875,0.012728410352186303
2026-04-23,2027-03-12,MAR27,8,6433.478705761807,80.20896898577993,1.3321094655696548,0.5926816112612424,0.6800203323364258,1.0043443424809182
2026-04-23,2026-05-15,MAY26,7,46.924644651799326,6.85015654213824,0.7980046642405838,0.7008805124736223,0.7368392944335939,0.003921889348215691
2026-04-23,2026-10-16,OCT26,5,2730.5962085184437,52.25510700896558,1.1673751034960702,0.507043713538414,0.7059383392333984,0.35535978990010975
2026-04-23,2026-09-11,SEP26,8,1171.8570141116172,34.232397142350656,2.194528790221832,1.326686952506283,1.53350830078125,0.18005183065832875
2026-04-24,2026-08-14,AUG26,8,962.6686189194158,31.026901535915826,2.1372987028074153,1.1686930518442982,1.4155006408691406,0.13437126996407683
2026-04-24,2026-12-11,DEC26,8,3503.0477590102864,59.18655049088675,1.1893170597104241,0.6751068180255041,0.9117536544799805,0.512500055403415
2026-04-24,2026-07-10,JUL26,8,669.031980820833,25.865652530350612,2.3015628225789158,1.3248470770450123,1.4701766967773438,0.07661325960770038
2026-04-24,2026-06-12,JUN26,8,75.39030849787218,8.68275926752966,1.4335177514224484,1.214225763690774,1.1265029907226562,0.011217072783303028
2026-04-24,2027-03-12,MAR27,8,6478.852087973015,80.49131684829746,0.6273081617281093,0.3188775186287017,0.4228057861328125,0.9939785916522527
2026-04-24,2026-05-15,MAY26,7,44.27906985048071,6.654252012847177,0.7894447868786936,0.6608259043998831,0.7365188598632814,0.0031874774167875985
2026-04-24,2026-10-16,OCT26,5,2755.0800732358903,52.48885665773155,0.39906977441431835,0.2928519197779398,0.34763145446777344,0.34375704140551533
2026-04-24,2026-09-11,SEP26,8,1219.8597301962607,34.92649037902693,2.222147962339619,1.1940837247457423,1.5414628982543945,0.18936449856974547
2026-04-27,2026-08-14,AUG26,7,923.1573918542438,30.383505259502957,2.081323436218139,1.0971491356866536,1.3950347900390625,0.12782939507712965
2026-04-27,2026-12-11,DEC26,8,3328.8320539460647,57.69603152683956,1.9796398055347009,1.098310359391297,1.1971054077148438,0.5182507011731938
2026-04-27,2026-07-10,JUL26,8,636.351820725715,25.22601476106987,2.2136821349810654,1.26679806275035,1.4592971801757812,0.07163017729656063
2026-04-27,2026-06-12,JUN26,8,64.25899685833724,8.016170959899574,1.3171186487319653,1.054593080831879,0.955810546875,0.009347630902772686
2026-04-27,2027-03-12,MAR27,8,6426.964030957402,80.16834806179682,0.851062246881483,0.45240583513953175,0.43221044540405273,0.9881417734054818
2026-04-27,2026-05-15,MAY26,7,35.55056166761619,5.962429175060798,0.8727640215712112,0.6516775763153123,0.690399169921875,0.0022747345861878765
2026-04-27,2026-10-16,OCT26,5,2600.9046969093633,50.99906564741518,0.8508073427801612,0.4761003588835706,0.48029422760009766,0.3466613575110166
2026-04-27,2026-09-11,SEP26,8,1175.1375768086589,34.28027970726988,2.0730253961436107,1.271743846815687,1.48614501953125,0.1816713772077887
2026-04-28,2026-08-14,AUG26,7,916.4397314768064,30.27275559767902,2.2358249012324585,1.1423801856753182,1.433065414428711,0.11824082966861221
2026-04-28,2026-12-11,DEC26,8,3460.638957130197,58.82719572723314,1.978787956792388,1.035981872378283,1.207275390625,0.4991661833838257
2026-04-28,2026-07-10,JUL26,8,630.2477414052507,25.104735437866115,2.2300140070760603,1.371426825431987,1.3861465454101562,0.0649591462438931
2026-04-28,2026-06-12,JUN26,8,64.24997121348156,8.015607975286812,1.5671797231866758,1.1260508936493587,0.9796371459960938,0.009135868325074625
2026-04-28,2027-03-12,MAR27,8,6575.885119621769,81.0918313988639,1.5457995623391447,0.6278077616524033,0.785433292388916,0.9884121695732959
2026-04-28,2026-05-15,MAY26,7,35.54647218590412,5.962086227647511,0.7400427217581804,0.5266895686062253,0.6754302978515625,0.0021517240668497695
2026-04-28,2026-10-16,OCT26,5,2651.4339345141016,51.49207642457334,1.0191766598623158,0.5172232193514157,0.5855798721313477,0.32722093112538403
2026-04-28,2026-09-11,SEP26,8,1167.8477894215118,34.17378804612552,2.0855595786732932,1.302981231939359,1.4519023895263672,0.16983369152738514
2026-04-29,2026-08-14,AUG26,7,983.0566299928153,31.353733908305326,3.4514624883397995,1.565460385817847,1.9563064575195312,0.13372772475127742
2026-04-29,2026-12-11,DEC26,8,4192.192121599766,64.74713987196473,2.3052379448229985,1.062053743483841,1.8044471740722656,0.5811418190279805
2026-04-29,2026-07-10,JUL26,8,686.0918005620085,26.193354129664428,3.0965063673143827,1.6176152697519457,1.8378868103027344,0.07511238261231662
2026-04-29,2026-06-12,JUN26,8,81.60887638031204,9.033763135056843,1.4994049686548643,1.176548776482118,1.244110107421875,0.013396101298704055
2026-04-29,2027-03-12,MAR27,7,7682.195104606977,87.64813235093476,1.7020216589317094,0.9452421388636599,1.3786096572875977,1.0951016973460068
2026-04-29,2026-05-15,MAY26,7,41.82972850376359,6.467590625863977,0.7111364604855275,0.4612387516242074,0.6087646484375,0.003235976319414746
2026-04-29,2026-10-16,OCT26,5,3218.333059321485,56.730353950257395,0.7832196825861928,0.44913038473615785,0.5062255859375,0.3830157990041836
2026-04-29,2026-09-11,SEP26,8,1198.459267364651,34.61877044848143,3.7431795437473774,1.9845726068166323,2.078115463256836,0.18625134684674527
2026-04-30,2026-08-14,AUG26,7,916.0829130667005,30.266861632265417,1.986723494308734,1.2262803354403047,1.183572769165039,0.11589748352482948
2026-04-30,2026-12-11,DEC26,8,3669.066042620593,60.572816036738736,3.2800028228546214,1.6007080962657192,1.7038898468017578,0.5402631772523858
2026-04-30,2026-07-10,JUL26,8,662.2539300211013,25.734294822689456,2.3109538079084686,1.3743014481675857,1.5306015014648438,0.06490506956380626
2026-04-30,2026-06-12,JUN26,8,105.00478653859568,10.247184322466133,1.1920813653258007,0.8894036607420072,1.161163330078125,0.011987916797964071
2026-04-30,2027-03-12,MAR27,8,7509.3280252742825,86.65637902240252,1.46610134070772,0.6369703255835957,1.0900382995605469,1.0731952963026554
2026-04-30,2026-05-15,MAY26,7,29.89191266289913,5.467349692757829,0.746840622834748,0.3951795713018038,0.7041015625,0.0015164758004282408
2026-04-30,2026-10-16,OCT26,5,2832.4860534647432,53.221105338622415,1.1503361001207093,0.639879842884941,0.5930290222167969,0.3573833770091201
2026-04-30,2026-09-11,SEP26,8,1167.378603437876,34.166922650977455,2.58659889096987,1.4465204127361824,1.6116256713867188,0.16710211571294364
2026-05-05,2026-08-14,AUG26,7,866.3278833122984,29.43344837616378,2.493078554563507,1.5884209447747424,1.4408340454101562,0.11767057662083957
2026-05-05,2026-12-11,DEC26,8,4260.312162054204,65.27106680646644,2.4658640405310077,1.1051902483824154,1.5743350982666016,0.5516114488013553
2026-05-05,2026-07-10,JUL26,8,620.751348144295,24.91488206161721,2.0737305180093784,1.3248117909177457,1.1708450317382812,0.0651002429041731
2026-05-05,2026-06-12,JUN26,8,73.35607990603262,8.564816396516193,0.9879814632109529,0.6729185553160715,0.7592010498046875,0.009604761964970843
2026-05-05,2027-03-12,MAR27,7,8362.341655567903,91.44584001236963,1.5341718684023142,0.9110333367542763,1.2015066146850586,1.1132919861749695
2026-05-05,2026-05-15,MAY26,7,21.03605864909582,4.586508328684886,0.43438559192641324,0.267347258485277,0.3697509765625,0.0010104360039386862
2026-05-05,2026-10-16,OCT26,5,3352.506940308298,57.90083712959855,2.3219279565411686,0.8259501847861266,1.5102968215942383,0.36287082207402066
2026-05-05,2026-09-11,SEP26,8,1153.279865162296,33.95997445762137,2.7141534499551447,1.642242529252498,1.4527063369750977,0.17343675789650853
2026-05-06,2026-08-14,AUG26,7,732.8998427075642,27.07212298116947,2.4419784221821184,1.3526782793228127,1.6839103698730469,0.09623264236856843
2026-05-06,2026-12-11,DEC26,8,3430.4968895937936,58.57044382274898,2.1558808207694202,1.0786139649110251,1.120121955871582,0.49654756782076703
2026-05-06,2026-07-10,JUL26,8,480.2326983153614,21.91421224491908,2.3290021017136953,1.2621469776665373,1.4724540710449219,0.04933396296757486
2026-05-06,2026-06-12,JUN26,8,54.60104024331645,7.389251670048629,0.9415880787134203,0.537501525129448,0.86846923828125,0.008415422669456107
2026-05-06,2027-03-12,MAR27,8,7273.3711410296855,85.28406147123673,1.1652008382727992,0.49035092012025877,0.7941198348999023,1.028680361137337
2026-05-06,2026-05-15,MAY26,7,16.963787379687574,4.118711859269543,0.49964217703506025,0.2835005162348209,0.49169921875,0.0009082160386617577
2026-05-06,2026-10-16,OCT26,5,2625.491070800158,51.239545965983716,0.7157030498006574,0.38498638856988077,0.43471527099609375,0.32270369071072047
2026-05-06,2026-09-11,SEP26,8,919.6811402989063,30.326245074174718,2.477679693457187,1.3345125261182795,1.6787033081054688,0.13950752989440962
2026-05-08,2026-08-14,AUG26,7,467.64557557870353,21.625114463944545,2.811996530026453,1.6857861178623426,1.7056846618652344,0.07183550347287097
2026-05-08,2026-12-11,DEC26,8,2784.1948704540127,52.76547043715249,2.061093473422723,1.2289562392575952,1.0778179168701172,0.43695331665495485
2026-05-08,2026-07-10,JUL26,8,314.6587517025307,17.73862316253803,2.116351969896395,1.3404130972785409,1.3874015808105469,0.03655731255309874
2026-05-08,2026-06-12,JUN26,8,45.49241252923707,6.744806337415262,0.9535157671439763,0.5113300787292229,0.81292724609375,0.007057095297215543
2026-05-08,2027-03-12,MAR27,9,6221.304420610535,78.87524593058671,1.346658412424219,0.59417715159202,0.7214756011962891,0.9666704787720828
2026-05-08,2026-05-15,MAY26,4,11.828442480126569,3.4392502787855626,0.24935948214203205,0.20119732591853234,0.245361328125,0.0005289410408977346
2026-05-08,2026-10-16,OCT26,5,2067.401621288229,45.46868836120335,1.4535961714397505,0.7720273001507079,0.7619857788085938,0.2778157512264958
2026-05-08,2026-09-11,SEP26,8,587.3022969243764,24.234320640867498,2.9255510838360963,1.7922905579435204,1.7168617248535156,0.10527488529517476
2026-05-11,2026-08-14,AUG26,7,421.89109179221373,20.539987628823287,2.3852053448880848,1.4788750024173831,1.4179439544677734,0.07473153517613479
2026-05-11,2026-12-11,DEC26,9,2757.7461814631906,52.51424741404175,1.7013099902456439,0.8736428501722482,1.1730194091796875,0.4501536169228607
2026-05-11,2026-07-10,JUL26,8,278.3804132629605,16.68473593626703,1.7583365288643793,1.2807401481976104,1.2115478515625,0.0379703303584375
2026-05-11,2026-06-12,JUN26,8,27.64841547987112,5.258176060182002,0.6848059637427779,0.39908770434566987,0.52838134765625,0.003230786431082544
2026-05-11,2027-03-12,MAR27,8,6164.735269139572,78.5158281440091,1.1571008105361713,0.5156793806940024,0.8351325988769531,0.949712559789222
2026-05-11,2026-10-16,OCT26,6,2101.9068087994856,45.84655721861223,1.439967005250642,0.6954324099801052,0.92779541015625,0.29013008534793494
2026-05-11,2026-09-11,SEP26,8,565.0149684824835,23.77004351031953,2.527835839942093,1.566814645357811,1.4464187622070312,0.11259530449059496
2026-05-13,2026-08-14,AUG26,7,413.72657017896586,20.340269668295104,2.3505103420463636,1.3845585961564508,1.4613170623779295,0.06364405222835862
2026-05-13,2026-12-11,DEC26,8,2988.9327145424795,54.67113236930876,1.2463705676038046,0.7261313644542631,1.2240066528320312,0.4467989936548816
2026-05-13,2026-07-10,JUL26,8,270.7439578801534,16.454299069852638,1.8342046078646612,1.2670147377209038,1.2464065551757812,0.03078098797304668
2026-05-13,2026-06-12,JUN26,8,35.600673292030706,5.9666299778041125,0.8289715753669578,0.4942560372275782,0.7465362548828125,0.0037816268000581688
2026-05-13,2027-03-12,MAR27,7,6418.338169532797,80.11453157531908,1.1364000823440108,0.7290619703546598,1.0050163269042969,0.9635637123321036
2026-05-13,2026-10-16,OCT26,8,2303.904896792844,47.99900933136895,1.2787464636255148,0.7767070272572614,1.1591262817382812,0.2865597670441402
2026-05-13,2026-09-11,SEP26,8,556.3072737472619,23.58616699990191,2.590153842091825,1.6437439715286395,1.5352554321289062,0.09840389469144917
2026-05-19,2026-08-14,AUG26,7,728.0769877234932,26.982901766183215,2.6206169921104108,1.2214858198667011,1.7816162109375,0.08108442418489303
2026-05-19,2026-12-11,DEC26,7,3801.9112730690567,61.65964055254504,1.8188439759916193,1.1533815743413156,1.8154754638671875,0.49001316208593293
2026-05-19,2026-07-10,JUL26,8,504.32946020982286,22.45728078396454,2.315332121385966,1.156404240788159,1.5889835357666016,0.03898037156336631
2026-05-19,2026-06-12,JUN26,8,43.60055497454573,6.603071631789688,0.9984916850330462,0.6425363377721798,0.9766845703125002,0.004164418175779506
2026-05-19,2027-03-12,MAR27,6,7583.9377336898815,87.08580672928214,1.6615465925764887,0.8820837708468389,1.2987642288208008,1.0128229024440263
2026-05-19,2026-10-16,OCT26,6,2949.5966814029525,54.31018948045526,1.4816708037177246,0.921449217363756,1.0507993698120117,0.31022179445411874
2026-05-19,2026-09-11,SEP26,8,914.3164361194861,30.23766585104555,2.6753067135032795,1.3320390938296047,1.8791770935058594,0.12240570886800917
2026-05-21,2026-08-14,AUG26,7,854.4703090907458,29.231324107722966,2.1024449369398397,1.3977453359980434,1.9967918395996094,0.08817868736853107
2026-05-21,2026-12-11,DEC26,8,3681.356805147524,60.674185657061145,2.2014989845132984,1.1858862715404668,1.8462181091308594,0.47604244580189414
2026-05-21,2026-07-10,JUL26,8,579.5254329327774,24.07333447889547,1.8138254103240592,1.0824372928360348,1.6719417572021484,0.04146561476823135
2026-05-21,2026-06-12,JUN26,8,46.68375131047628,6.832550864097265,0.9961853770042833,0.5579088449977558,0.964599609375,0.004935662135271468
2026-05-21,2027-03-12,MAR27,6,7494.84941468599,86.57279835309697,0.9450342299427561,0.607313274450128,0.8166508674621582,1.0381256155230087
2026-05-21,2026-10-16,OCT26,6,2844.2389292891366,53.33140659394928,1.3840768468874973,0.8789262958206763,1.246354103088379,0.2995250526418153
2026-05-21,2026-09-11,SEP26,8,1014.5358934745834,31.85178006759722,2.3072068580384277,1.3513692810110016,2.088346481323242,0.12935238397182552
2026-05-22,2026-08-14,AUG26,7,863.4077037270911,29.383800021901372,2.0678589548665167,1.2913156483496853,1.7411613464355469,0.09786446461527265
2026-05-22,2026-12-11,DEC26,7,3807.518149776518,61.70509014478885,1.9986726756356212,1.0275256759789888,1.5313224792480469,0.49682022220864563
2026-05-22,2026-07-10,JUL26,7,557.5566128507155,23.612636719576987,2.092342033560569,1.1747473289742594,1.6403732299804688,0.04560711199363088
2026-05-22,2026-06-12,JUN26,8,56.51611227829312,7.517719885596504,1.3722867960031078,0.6595242983952384,1.1625900268554688,0.005767236102220352
2026-05-22,2027-03-12,MAR27,7,8118.1106895019475,90.10055876353901,1.542356391672449,0.9782462631833321,1.39113187789917,1.07338149871185
2026-05-22,2026-10-16,OCT26,5,3023.4886723715263,54.98625894140759,1.422763565506898,0.9530745781493737,1.1034965515136719,0.3170114986232959
2026-05-22,2026-09-11,SEP26,8,1024.1743462191496,32.00272404373024,2.7646661884743895,1.6422545522221346,2.336883544921875,0.14262926599142023
2026-05-26,2026-08-14,AUG26,8,573.3057223406975,23.943803422612238,2.4503138456039824,1.3161881568775187,1.8132591247558594,0.07093372061307723
2026-05-26,2026-12-11,DEC26,8,3309.3430537885333,57.52688983239519,1.6267540505461593,1.084799968781504,1.6148529052734375,0.4533759685871903
2026-05-26,2026-07-10,JUL26,8,378.2272557272315,19.448065603736314,2.1823014502586737,1.1865584898930102,1.7494659423828127,0.03172157071401061
2026-05-26,2026-06-12,JUN26,7,41.83567899159857,6.4680506330422745,0.9611208323490168,0.5442998250009036,0.8455810546875,0.0034160971634213944
2026-05-26,2027-03-12,MAR27,7,6881.856972261896,82.95695855238363,1.3672817016363155,0.8462981182845611,1.200871467590332,0.9713907497773739
2026-05-26,2026-10-16,OCT26,7,2584.618254368438,50.83914096804192,1.6981980937116141,1.2051009625178415,1.4587955474853516,0.2858062791089683
2026-05-26,2026-09-11,SEP26,8,704.6950819056112,26.54609353380665,2.790920562272686,1.4553543615838396,2.072633743286133,0.10726141464258249
2026-05-27,2026-08-14,AUG26,9,517.109118116284,22.740033379841023,2.200077427223574,1.2062693568058935,1.748199462890625,0.07196077295848102
2026-05-27,2026-12-11,DEC26,8,3149.103191925048,56.116870831551616,1.8299090039041914,1.1922481344279305,1.7083072662353516,0.41937589867765146
2026-05-27,2026-07-10,JUL26,9,356.5638399890702,18.882898082367287,1.6867565245776182,0.9623361618362841,1.4022445678710938,0.033186421567446
2026-05-27,2026-06-12,JUN26,8,32.403257780580816,5.6923859479642465,0.7940654923710097,0.45145451448957896,0.743499755859375,0.0024114817085136853
2026-05-27,2027-03-12,MAR27,8,6870.010709199887,82.88552774278443,1.3140107831939396,0.8999554884253682,1.222074031829834,0.9489113454447667
2026-05-27,2026-10-16,OCT26,7,2444.7139620869266,49.444048803540824,1.6587115421140926,1.1132452500087044,1.3290023803710938,0.2616189677224279
2026-05-27,2026-09-11,SEP26,9,642.07442674854,25.339187570807,2.607810724705107,1.3468828372445643,1.9525146484375,0.1088732730173847
2026-05-28,2026-08-14,AUG26,8,516.5311137529832,22.72732086615101,2.134171393996338,1.1453132497617065,1.6238021850585938,0.06908330315819805
2026-05-28,2026-12-11,DEC26,8,2904.166181159392,53.8903162094953,2.0620865985951013,1.1360907251394479,1.633453369140625,0.4021116187699185
2026-05-28,2026-07-10,JUL26,8,332.77661118713854,18.242165748264064,1.7459001902305178,1.001886823861156,1.3863601684570315,0.03030468680672427
2026-05-28,2026-06-12,JUN26,6,27.768550701959384,5.2695873369704564,0.4952942679907576,0.28847324902059907,0.473785400390625,0.00188257781456036
2026-05-28,2027-03-12,MAR27,8,6485.576672083536,80.53307812373457,1.5861617194550348,0.8108104143111247,1.1729049682617188,0.9003392182286969
2026-05-28,2026-10-16,OCT26,7,2230.6446500710636,47.2297009314167,1.50651728648244,0.9673854523070196,1.2625789642333984,0.2488552296831561
2026-05-28,2026-09-11,SEP26,8,641.3455728180095,25.324801535609502,2.27984074171659,1.2697857898913951,1.7702522277832031,0.10510313973283764
2026-05-29,2026-08-14,AUG26,8,458.18191428762316,21.405184285299278,1.7909288248704798,0.9685905704179901,1.40203857421875,0.06039180850462866
2026-05-29,2026-12-11,DEC26,8,2774.12384059165,52.66995197066018,1.8238346714307774,1.055506754539787,1.4784021377563477,0.39886795174903966
2026-05-29,2026-07-10,JUL26,8,286.18024371734987,16.916862703153615,1.2991471809139719,0.7595032486570539,1.063201904296875,0.025364752324851914
2026-05-29,2026-06-12,JUN26,5,16.81210780008155,4.100257040733124,0.24983811416229387,0.2051062042297997,0.249114990234375,0.0010497665520905475
2026-05-29,2027-03-12,MAR27,8,6385.48206295184,79.9092113773615,1.2543923095013767,0.7323517736427461,0.9885306358337402,0.8947631277433689
2026-05-29,2026-10-16,OCT26,7,2176.554625365551,46.653559621593196,1.3255160317360275,0.8184688990801131,1.1269950866699219,0.25016990040372
2026-05-29,2026-09-11,SEP26,8,576.004056245996,24.000084504976144,1.8590480635830797,1.0126118591506565,1.4160537719726562,0.09334271085659346
2026-06-03,2026-08-14,AUG26,8,432.5036751674686,20.79672270256707,1.743685850458769,1.1111360008483084,1.422201156616211,0.05628160213213329
2026-06-03,2026-12-11,DEC26,8,2875.0540520502072,53.61953050941613,1.8123576469333322,1.1370231978146315,1.7947711944580078,0.3994675018435614
2026-06-03,2026-07-10,JUL26,8,266.28423545375404,16.31821790067022,1.2408468528266765,0.759045338430904,1.102935791015625,0.02224706852834979
2026-06-03,2026-06-12,JUN26,3,9.00691960849349,3.0011530464962113,0.24936893413763284,0.14328591359419166,0.24078369140625,0.0002254688627444379
2026-06-03,2027-03-12,MAR27,8,6503.1506884733135,80.64211485615512,1.0269151919025177,0.6506432903734739,0.9981956481933594,0.9221675790222998
2026-06-03,2026-10-16,OCT26,6,2146.1341555522486,46.326387249085684,1.2073430126513465,0.8443126315807522,1.195821762084961,0.24124172614970685
2026-06-03,2026-09-11,SEP26,8,577.0076916278961,24.02098440172459,2.015478349813624,1.172042096611913,1.644927978515625,0.09128913249609982
2026-06-09,2026-08-14,AUG26,8,497.80431731799376,22.311528798313972,1.099766623606492,0.6571615514943556,1.0615234375,0.05337773358660591
2026-06-09,2026-12-11,DEC26,8,3122.5473724187777,55.8797581635674,1.0917823329759688,0.5282745836134646,0.8980636596679688,0.4180212527639385
2026-06-09,2026-07-10,JUL26,8,253.6572038426923,15.926619347579457,0.7571732358482444,0.4364618437384638,0.6243896484375,0.017119232064383705
2026-06-09,2027-03-12,MAR27,8,7061.62810902833,84.03349397132271,0.8148734255158985,0.4235009812345406,0.6050467491149902,0.9174632946002126
2026-06-09,2026-10-16,OCT26,6,2358.8638742859384,48.56813640943966,1.1145492976855262,0.6718583674096955,0.6555747985839844,0.25113978328438336
2026-06-09,2026-09-11,SEP26,8,652.3563117869114,25.54126683989875,1.399921269411709,0.7916270323144773,1.3009929656982422,0.0883992722521329
2026-06-10,2026-08-14,AUG26,8,440.65779178100024,20.99185060400822,1.0137451533287747,0.6504238177913325,0.9882240295410154,0.047596208516436526
2026-06-10,2026-12-11,DEC26,7,2980.726106918035,54.59602647554156,0.7388009792321153,0.3994604046420778,0.660252571105957,0.40589165157781437
2026-06-10,2026-07-10,JUL26,8,212.8415906383009,14.589091494616822,1.0113047923266347,0.547951586369915,0.8748245239257812,0.014286209888080714
2026-06-10,2027-03-12,MAR27,8,6957.546357587795,83.41190776854222,0.6011834750188925,0.3575853290917423,0.5376935005187988,0.9136424204586115
2026-06-10,2026-10-16,OCT26,5,2236.6489430992197,47.293223014499866,0.9790665219128325,0.5653919253766833,0.59844970703125,0.2425298458959414
2026-06-10,2026-09-11,SEP26,8,586.7654118724342,24.223241151266983,1.3406770492704476,0.8021750536835194,1.2547798156738281,0.08033328846279575
2026-06-12,2026-08-14,AUG26,8,333.18912696697157,18.253468902292834,1.44989673927607,0.8714259946113906,1.1201934814453125,0.04300562515250822
2026-06-12,2026-12-11,DEC26,8,2471.2671415672357,49.71184105992491,1.2039808623214672,0.6854940767470524,1.1134834289550781,0.34820326218181674
2026-06-12,2026-07-10,JUL26,8,156.8756277652758,12.52500011039025,1.0590615283071083,0.5921916076711862,0.7738494873046875,0.012669490946189965
2026-06-12,2027-06-11,JUN27,4,10052.077860652691,100.26005117020782,0.9045780768708092,0.49038898123301894,0.6096210479736328,1.4984708303727567
2026-06-12,2027-03-12,MAR27,8,6277.838964317272,79.23281494631674,0.6442911130320077,0.38872045167143554,0.5078315734863281,0.8649841549392678
2026-06-12,2026-10-16,OCT26,6,1801.7971805170866,42.44758156264131,0.9555845300190224,0.7347050008638398,0.9445409774780273,0.202928447500553
2026-06-12,2026-09-11,SEP26,8,460.89617050385255,21.468492506551375,1.3413085379396867,0.9320155345091303,1.26214599609375,0.07397902135581802
2026-06-16,2026-08-14,AUG26,8,227.67642023831263,15.088950269595053,1.143557186640925,0.7514418881613638,0.9932327270507812,0.03283507597319446
2026-06-16,2026-12-11,DEC26,8,1936.1432706944217,44.001628045953275,1.4978630347897877,0.7861331450565109,1.2655277252197266,0.3086429061913846
2026-06-16,2026-07-10,JUL26,8,112.97156710065042,10.62880835750887,1.291451901460905,0.7918727304660668,0.9737777709960938,0.00903424050216095
2026-06-16,2027-06-11,JUN27,5,7891.192742988907,88.83238566530174,0.7983155685585146,0.26808602382614843,0.4437675476074219,1.3141348530780532
2026-06-16,2027-03-12,MAR27,8,4798.353212030048,69.27014661475785,0.9645694279306802,0.4770633726741461,0.8035898208618164,0.7599702297830047
2026-06-16,2026-11-13,NOV26,3,1655.9773778570918,40.69370194338544,0.9619955882486195,0.8764011697683554,0.8771018981933594,0.23933977394701267
2026-06-16,2026-10-16,OCT26,7,1399.1865211606244,37.40570171993335,1.4933904313955395,0.9259320841192724,1.3230543136596677,0.17804826655786718
2026-06-16,2026-09-11,SEP26,8,311.9587330554252,17.662353553686586,1.3050987082972552,0.9287885650538292,1.1972274780273438,0.05755016453826323
2026-06-18,2026-08-14,AUG26,6,588.715615903581,24.263462570366602,0.5146916035171394,0.3277095329011687,0.4242210388183594,0.05523489933939696
2026-06-18,2026-12-11,DEC26,8,2791.346515110664,52.83319520065641,0.6598964753205774,0.26431735805348716,0.35857295989990234,0.36136564713386155
2026-06-18,2026-07-10,JUL26,5,217.74914594833194,14.756325624908524,0.6404962817396558,0.33733975878771,0.4629058837890625,0.01276702931460566
2026-06-18,2027-06-11,JUN27,5,9288.036956857748,96.37446216118536,0.624335520008362,0.2676863863373642,0.4439568519592285,1.4525045528042477
2026-06-18,2027-03-12,MAR27,7,5975.74390351759,77.30293593077556,0.3946572100422223,0.18135039116793195,0.30012893676757807,0.8497304960934143
2026-06-18,2026-10-16,OCT26,6,2191.222264093538,46.81049309816697,0.82994441417652,0.3618945226934578,0.4415626525878906,0.2130229778949395
2026-06-18,2026-09-11,SEP26,7,827.0649543416387,28.758737008805493,0.7708869973178389,0.5004673092605523,0.6857872009277344,0.09850962220227077
2026-06-22,2026-08-14,AUG26,7,675.1233585212628,25.983136040925906,0.32136728493046185,0.21140032407036458,0.25927734375,0.04877431675863031
2026-06-22,2026-12-11,DEC26,9,2873.988749241582,53.609595682504285,0.28082022543979335,0.12942616902991988,0.2500190734863281,0.38713435297706233
2026-06-22,2026-07-10,JUL26,5,228.78120440960424,15.125515013036887,0.22201111084133407,0.09101412645441598,0.17460250854492188,0.008665805598540355
2026-06-22,2027-06-11,JUN27,6,9477.843081682226,97.35421450395573,0.7328793151929354,0.29145709515688195,0.5098013877868652,1.466913736712501
2026-06-22,2027-03-12,MAR27,6,6137.186902817675,78.3401997879612,0.2747276212418335,0.09861691925403307,0.17689990997314453,0.8783770889339215
2026-06-22,2026-10-16,OCT26,6,2323.6851883175195,48.20461791485873,0.6494983612573506,0.28215105076807345,0.3469581604003906,0.23086019683349868
2026-06-22,2026-09-11,SEP26,7,929.9014675217029,30.49428581753806,0.7454826075587837,0.39731893581278327,0.5023479461669922,0.08989472570078544
2026-06-24,2026-08-14,AUG26,8,582.3679323290951,24.132300601664465,0.5802660357696334,0.3705578621407227,0.4482421875,0.044210016959807086
2026-06-24,2026-12-11,DEC26,8,2623.746012435885,51.222514702383414,0.25875561807702674,0.1654788504444917,0.1844644546508789,0.3392697016163626
2026-06-24,2026-07-10,JUL26,6,160.35952032041973,12.663313954902158,0.3539391608752567,0.18035490027095427,0.26824951171875,0.006466163908915412
2026-06-24,2027-06-11,JUN27,6,8975.28599472066,94.73798601786223,0.6420611412459287,0.2804755455244255,0.33617115020751953,1.3376166094661603
2026-06-24,2027-03-12,MAR27,8,5629.293485160108,75.02861777455391,0.2466169343262905,0.10670400739916985,0.12638568878173825,0.8112418379518771
2026-06-24,2026-11-13,NOV26,4,2417.1753977636617,49.16477802007919,0.7069149501566763,0.2974668346301286,0.3777923583984375,0.26958320634918964
2026-06-24,2026-10-16,OCT26,7,2102.227528399306,45.85005483529225,0.9198369520294261,0.38344123214364095,0.4944286346435547,0.1994163079136269
2026-06-24,2026-09-11,SEP26,8,819.8910921569261,28.633740449981836,0.7284595253175512,0.452575985499345,0.6227951049804688,0.0834584547265142
2026-06-25,2026-08-14,AUG26,8,568.225418442212,23.837479280373,0.6967635347976708,0.39355418250833907,0.5352058410644531,0.04323057289127852
2026-06-25,2026-12-11,DEC26,8,2661.0177915043223,51.585053954651656,0.396545797394678,0.23876626521616906,0.23256206512451172,0.34492448130417014
2026-06-25,2026-07-10,JUL26,6,153.4424583105199,12.387189282097852,0.25972704068957253,0.13559623851691527,0.2264404296875,0.0060460518728113755
2026-06-25,2027-06-11,JUN27,6,9016.37524741124,94.95459571506395,0.4828239595611876,0.2068064875729135,0.30541276931762695,1.38612942637188
2026-06-25,2027-03-12,MAR27,8,5724.068088146485,75.65757125461063,0.15113180405822746,0.07805349024046596,0.12623310089111325,0.8121234425332123
2026-06-25,2026-11-13,NOV26,7,2328.355974448301,48.25304109015618,0.7229517182921352,0.33986820549739843,0.5651779174804688,0.2667113073545533
2026-06-25,2026-10-16,OCT26,7,2019.7873776297213,44.94204465341693,0.8223955737492545,0.3517488562216764,0.5858001708984375,0.1970324834276071
2026-06-25,2026-09-11,SEP26,8,839.1585734892876,28.968233869003605,1.243874855087019,0.5019679269909916,0.8791923522949219,0.08418577456931331
2026-06-29,2026-08-14,AUG26,8,484.30820914414676,22.0070036384817,0.6472268843512863,0.49796246190932464,0.6320686340332031,0.038586641565245716
2026-06-29,2026-12-11,DEC26,8,2407.2322849239717,49.063553529315136,0.2601752470022447,0.12446767001621291,0.13439655303955078,0.32759135535945366
2026-06-29,2026-07-10,JUL26,6,112.71071808237525,10.61653041640136,0.37012099448734737,0.20984374052304172,0.3083610534667969,0.00415770659638659
2026-06-29,2027-06-11,JUN27,7,8536.107265275736,92.39105619742496,0.24746616104789254,0.1211334046852907,0.1609487533569336,1.3586986480976369
2026-06-29,2027-03-12,MAR27,8,5327.217175048325,72.98778784871017,0.17771696579663399,0.08672963632456339,0.14885711669921878,0.756748931744603
2026-06-29,2026-11-13,NOV26,7,2150.6394909447345,46.37498777298744,0.6330868342208973,0.36120160386502764,0.5377597808837891,0.25524447469854505
2026-06-29,2026-10-16,OCT26,7,1800.8090286557442,42.435940294233426,0.34240400022495265,0.2443308995438036,0.29897212982177734,0.1841910980855785
2026-06-29,2026-09-11,SEP26,8,735.6627097414741,27.123102878200978,1.1659859984833614,0.5404506216715117,0.889617919921875,0.07790596994962856
2026-07-01,2026-08-14,AUG26,8,475.6042352189809,21.808352418717487,0.796059450643519,0.5059364219737388,0.66375732421875,0.032463210000526425
2026-07-01,2026-12-11,DEC26,8,2438.879407704513,49.38501197432793,0.2970535711938016,0.18678339641248698,0.27947998046875,0.3290412463496011
2026-07-01,2026-07-10,JUL26,5,79.28715028932515,8.904333231035615,0.3485150958419815,0.1509769525111525,0.2154693603515625,0.0020435352289894237
2026-07-01,2027-06-11,JUN27,7,8459.340968580298,91.97467569162882,0.24764987876458022,0.13000536536823346,0.12489509582519531,1.3242284914780929
2026-07-01,2027-03-12,MAR27,8,5286.476589115846,72.70816040250122,0.49773046102331975,0.24504589988135247,0.35462856292724615,0.7625318564089835
2026-07-01,2026-11-13,NOV26,7,2180.3468278109976,46.69418408978786,0.3414780566204776,0.17580547368983712,0.17887115478515625,0.2556871533366474
2026-07-01,2026-10-16,OCT26,7,1827.8807321379393,42.75372185129547,0.26985783896788273,0.1570098903103676,0.14590072631835938,0.18389161548938393
2026-07-01,2026-09-11,SEP26,8,692.5195394979503,26.31576598729268,0.9960814591879279,0.5815472143052391,0.8068084716796875,0.06661709870384547
2026-07-02,2026-08-14,AUG26,8,376.25563635280855,19.39731002878514,1.0796163952845004,0.5080506338263195,0.7460060119628906,0.029504467589897443
2026-07-02,2026-12-11,DEC26,9,2224.4327050707598,47.163891962716136,0.2495046418368556,0.11623885185522642,0.14064979553222656,0.3156706122127778
2026-07-02,2026-07-10,JUL26,5,35.234005666302664,5.935823924806283,0.27762043341613574,0.18665861433112713,0.223846435546875,0.0012122526233114828
2026-07-02,2027-06-11,JUN27,7,7850.587118764197,88.60353897426556,0.3459642267182126,0.13643642004958778,0.17440414428710938,1.239721808392746
2026-07-02,2027-03-12,MAR27,8,4874.937520357946,69.8207527914011,0.31988619262726914,0.148151232983009,0.24745464324951172,0.7310573306096966
2026-07-02,2026-11-13,NOV26,8,1922.333980890756,43.844429302828836,0.6531429098173938,0.2529733910272454,0.35362815856933594,0.24139660896993698
2026-07-02,2026-10-16,OCT26,8,1643.9939366788528,40.54619509496363,0.5842541355844162,0.24876533257989664,0.32037353515625,0.17559153278617856
2026-07-02,2026-09-11,SEP26,8,570.4570511317336,23.884242737246947,1.3804774175842507,0.6783240511730682,0.8982353210449219,0.06182107275335158
2026-07-07,2026-08-14,AUG26,8,330.29935355926295,18.174139692410833,0.8398260577267396,0.6618868032809064,0.8179550170898438,0.025113706953475035
2026-07-07,2026-12-11,DEC26,8,2089.3720109635815,45.70964899190959,0.16476380236908383,0.07149137867128605,0.08566474914550781,0.2747723774747879
2026-07-07,2027-06-11,JUN27,7,7641.288113090726,87.41446169307872,0.35378214148343545,0.22083586503576078,0.17877912521362305,1.2496082492917875
2026-07-07,2027-03-12,MAR27,8,4589.799803328155,67.74806125143475,0.35872837203736196,0.21032016185023444,0.18415451049804688,0.6748293188024168
2026-07-07,2026-11-13,NOV26,7,1851.9979214125503,43.0348454326555,0.5777157546898035,0.3557225351791728,0.5201473236083984,0.21011845682208263
2026-07-07,2026-10-16,OCT26,7,1529.3206373146566,39.10652934376377,0.7552548108496691,0.3844382934206519,0.5691986083984376,0.1471319023315623
2026-07-07,2026-09-11,SEP26,8,542.0726758699354,23.28245424928256,1.2041219202689488,0.7748455431456339,1.0689849853515625,0.057625477259635516
2026-07-08,2026-08-14,AUG26,8,409.7918133612118,20.243315275942617,1.3545375896489098,0.7732656244448298,0.9546775817871094,0.025318421207977393
2026-07-08,2026-12-11,DEC26,8,2374.467041423227,48.72850337762516,0.3854506923744445,0.2609390818107484,0.1997528076171875,0.31511610250503796
2026-07-08,2027-06-11,JUN27,7,8038.059988909959,89.65522845272304,0.3583968230324217,0.1352968642714695,0.19987821578979492,1.272267127365852
2026-07-08,2027-03-12,MAR27,9,5011.718358589789,70.7934909337701,0.47423473696471063,0.1575960266413876,0.2875423431396485,0.7425167106963894
2026-07-08,2026-11-13,NOV26,7,2061.5710731375693,45.40452701149489,0.5040217770154349,0.2710428353185357,0.3684825897216797,0.23906012078218258
2026-07-08,2026-10-16,OCT26,7,1719.6880196750647,41.469121279273146,0.7084315939234873,0.40608511757340054,0.45623779296875,0.1690864405199241
2026-07-08,2026-09-11,SEP26,8,612.1810010561328,24.742291750283215,1.221748757089299,0.7593554230400655,1.0571823120117188,0.05665211014043092
2026-07-09,2026-08-14,AUG26,9,288.3640789453468,16.981286139316623,0.8484851950783365,0.59375,0.8448314666748047,0.02455301656821618
2026-07-09,2026-12-11,DEC26,8,2213.528467719386,47.04815052389824,0.2768119471459851,0.13317972968676273,0.16796112060546875,0.28645279852744454
2026-07-09,2027-06-11,JUN27,7,7750.792450123481,88.03858500750384,0.36105266923522095,0.17922466357528974,0.23424339294433594,1.2485883282847068
2026-07-09,2027-03-12,MAR27,8,4768.041726310194,69.05100814839848,0.30466131784933737,0.13719369522012517,0.1587371826171875,0.6869896607612311
2026-07-09,2026-11-13,NOV26,7,1912.7222425952561,43.73468009023567,0.6323695664020246,0.4002689581052031,0.5913734436035156,0.21585357891353157
2026-07-09,2026-10-16,OCT26,7,1584.6845807616776,39.80809692464182,0.7887853426702414,0.46043648832711853,0.6228170394897461,0.15117202374749872
2026-07-09,2026-09-11,SEP26,9,544.656251890058,23.33787162296635,1.3365679079986839,0.78125,1.0191287994384766,0.0604637249820813
2026-07-13,2026-08-14,AUG26,7,438.12714579991575,20.931486946701032,0.7274381123944431,0.5356769386297754,0.6584472656249999,0.023652924409886807
2026-07-13,2026-12-11,DEC26,9,2660.936528756688,51.584266290766294,0.21739432383978752,0.11210870116627913,0.2050924301147461,0.32914482687306373
2026-07-13,2027-06-11,JUN27,7,8584.700840250502,92.65366069535786,0.5381405124455227,0.2084439585786312,0.40931224822998047,1.338597239541344
2026-07-13,2027-03-12,MAR27,7,5329.711979820384,73.0048764112397,0.2933342467901845,0.18455815681254725,0.21111297607421878,0.7512687805133523
2026-07-13,2026-11-13,NOV26,6,2328.0382577872115,48.24974878470572,0.21487029772628574,0.13671038360278692,0.1092987060546875,0.24886480896675578
2026-07-13,2026-10-16,OCT26,6,1907.2160531039592,43.67168479809268,0.3754570331594387,0.2174873013376562,0.20326709747314453,0.17248152232368164
2026-07-13,2026-09-11,SEP26,7,712.1451048135452,26.686047006133098,0.7621583545976738,0.40283191763893494,0.6431808471679688,0.05901089447565411
2026-07-14,2026-08-14,AUG26,8,286.95053670430457,16.939614420178064,1.0001837431421774,0.5048402648829794,0.7771492004394531,0.01970041127852401
2026-07-14,2026-12-11,DEC26,8,2337.7789228692363,48.35058348013224,0.38757965753055856,0.20403370649741653,0.2612571716308594,0.2932174019627769
2026-07-14,2027-06-11,JUN27,7,8128.069083369965,90.15580449072574,0.3127800212653291,0.14122751059643454,0.157440185546875,1.2307895725664753
2026-07-14,2027-03-12,MAR27,8,5028.436108772037,70.91146669454834,0.42636332721891534,0.1779959747979716,0.22755861282348633,0.6858525762345291
2026-07-14,2026-11-13,NOV26,7,2028.0524556763633,45.03390340261838,0.6679832621887911,0.24452097817322205,0.41811561584472656,0.22035729171262042
2026-07-14,2026-10-16,OCT26,7,1638.021241531528,40.47247511002419,0.5776202697605495,0.25733483295241716,0.4332294464111328,0.1511098260832423
2026-07-14,2026-09-11,SEP26,8,513.7676179299767,22.666442551268972,1.0399148253327721,0.63398880238355,0.8199615478515625,0.05140113723322326
2026-07-16,2026-08-14,AUG26,8,158.11890063202804,12.5745338137057,0.926359244758433,0.5905707519426724,0.7454490661621094,0.011002058548743587
2026-07-16,2026-12-11,DEC26,8,2147.4917603450585,46.34103754066215,1.2311747960420156,0.5079944607733952,0.8708038330078125,0.2642952747798166
2026-07-16,2027-06-11,JUN27,7,7626.1215635445005,87.32766780090088,0.5046940205414145,0.2735890909400087,0.3980731964111328,1.213841695086979
2026-07-16,2027-03-12,MAR27,8,4679.199165969489,68.4046721062932,0.5151193183893419,0.24896607213070965,0.379669189453125,0.6690720745955572
2026-07-16,2026-11-13,NOV26,8,1851.8649146816836,43.03330006729305,1.3610470352977178,0.6911406859297679,0.9396142959594727,0.1967651798829801
2026-07-16,2026-10-16,OCT26,8,1480.5434139048923,38.477830161079666,1.3400378412027196,0.663480120594435,0.8610610961914064,0.13282225222222047
2026-07-16,2026-09-11,SEP26,8,385.81454190164527,19.642162353000884,0.9467545631970631,0.6885296019040827,0.8282489776611328,0.037762944620455374
2026-07-17,2026-08-14,AUG26,8,208.61529156777783,14.443520746957018,0.6392278067933008,0.41246982821183736,0.595184326171875,0.015583364970904512
2026-07-17,2026-12-11,DEC26,8,2155.3552419059315,46.425803621541455,0.4443229994495397,0.30192813161959997,0.41777610778808594,0.27551235775262556
2026-07-17,2027-06-11,JUN27,7,7732.188293905623,87.9328624230192,0.17528504679595258,0.08997930026782619,0.15214300155639648,1.2086810478323424
2026-07-17,2027-03-12,MAR27,8,4768.1627109824185,69.05188419574384,0.6484992644165075,0.18807295374155433,0.4205203056335449,0.6772296393379449
2026-07-17,2026-11-13,NOV26,7,1804.6303980198998,42.480941585844114,0.7627066168719985,0.36963092421688043,0.5544281005859375,0.20213903727142546
2026-07-17,2026-10-16,OCT26,7,1486.951167150364,38.5610057849943,0.9136234181329765,0.4628306095314887,0.6125202178955078,0.13878816437489805
2026-07-17,2026-09-11,SEP26,8,432.150792005649,20.788236866209914,1.117249402283123,0.578011460999116,0.7784423828125,0.045705351590955345
2026-07-21,2026-08-14,AUG26,8,273.8742127699354,16.549145378838613,1.0668071679054751,0.5813451613686905,0.7498092651367188,0.014032543818862597
2026-07-21,2026-12-11,DEC26,8,2298.1865896603795,47.93940539535696,0.2742929899768587,0.15213324500965036,0.175506591796875,0.2711164070323692
2026-07-21,2027-06-11,JUN27,7,7965.111642186153,89.247474150175,0.6890092918978183,0.18549114357809474,0.37857770919799805,1.2330830410946096
2026-07-21,2027-03-12,MAR27,8,4943.051841159991,70.30684064271408,0.494001205744933,0.20533114566119945,0.2521677017211914,0.682059660929753
2026-07-21,2026-11-13,NOV26,6,1935.1179097795082,43.98997510546588,0.15386525182711175,0.056198552463004606,0.1121377944946289,0.19741172501784615
2026-07-21,2026-10-16,OCT26,6,1605.229481386439,40.06531519140264,0.8117457832973045,0.3455140552699735,0.4629068374633789,0.13394599591425083
2026-07-21,2026-09-11,SEP26,8,468.8447241160063,21.652822543862644,0.657590705896872,0.40109739476388195,0.5818767547607422,0.04142356088239163
2026-07-22,2026-08-14,AUG26,8,338.03324542294536,18.3856804449263,0.946163930072319,0.40539447652921307,0.6547927856445312,0.01468124854694386
2026-07-22,2026-12-11,DEC26,8,2461.613793609359,49.61465301309039,0.4030744818456089,0.19186496228384314,0.20451068878173828,0.29438790782296703
2026-07-22,2027-06-11,JUN27,6,8246.377940124807,90.80956965058698,0.5658739067320617,0.22667751625087576,0.3660893440246582,1.2415046017825773
2026-07-22,2027-03-12,MAR27,7,5161.213865921854,71.84158869291419,0.23494934646050325,0.13283281893461543,0.18484210968017578,0.6856324621645722
2026-07-22,2026-11-13,NOV26,5,2084.498292035336,45.65630615846332,0.2015521211654665,0.11358675378587302,0.13041114807128906,0.21532312574006496
2026-07-22,2026-10-16,OCT26,5,1740.9117816964315,41.72423494441128,0.4329260706222655,0.2382176127429365,0.2281808853149414,0.14675659796669516
2026-07-22,2026-09-11,SEP26,7,582.4351290660995,24.133692818673637,0.5458360136708622,0.3348017716981247,0.5126380920410156,0.044763022469445746
2026-07-23,2026-08-14,AUG26,8,402.82225688101494,20.070432403937264,0.8193752433373698,0.4609220101909706,0.49358367919921875,0.01688057353999184
2026-07-23,2026-12-11,DEC26,8,2485.0682479843545,49.850458854300975,0.474414192057246,0.2686237377895928,0.2435436248779297,0.2827093343374847
2026-07-23,2027-06-11,JUN27,7,8792.958186232263,93.77077469143711,0.42585218943979797,0.3149620463123064,0.41289329528808594,1.2948952289386495
2026-07-23,2027-03-12,MAR27,7,5452.868076957775,73.84353781447484,0.3632729247945825,0.1635621018724501,0.24548435211181646,0.7201137776866384
2026-07-23,2026-11-13,NOV26,5,2224.3315010192473,47.1628190529282,0.28602948384777704,0.14162427269891875,0.14466285705566406,0.2116499371569125
2026-07-23,2026-10-16,OCT26,5,1814.2571218705136,42.594097265589674,0.16435271249202543,0.09910054548187164,0.11884117126464844,0.14128882541403887
2026-07-23,2026-09-11,SEP26,7,665.6493938010315,25.800182049765297,0.6880809120837295,0.35166357694918204,0.4987621307373047,0.05051387893933673
2026-07-24,2026-08-14,AUG26,8,374.78918682831795,19.359472793139744,1.07455577864941,0.4989805094130511,0.639404296875,0.014489774956468693
2026-07-24,2026-12-11,DEC26,8,2391.701023984201,48.90502043741727,0.23865564795324268,0.12908273532911174,0.16060924530029297,0.2765930855973984
2026-07-24,2027-06-11,JUN27,8,8511.070661456026,92.25546412790966,0.5113839175609804,0.24114151034625206,0.4056558609008789,1.3046052386808515
2026-07-24,2027-03-12,MAR27,7,5270.474630651259,72.59803461975578,0.1847849737584717,0.08007712773238455,0.1393089294433594,0.7151730511728539
2026-07-24,2026-11-13,NOV26,5,2078.081371426969,45.58597779391124,0.06180063179219175,0.050859004755271275,0.05512237548828125,0.20367397908294138
2026-07-24,2026-10-16,OCT26,5,1682.8762833917765,41.02287512342079,0.22015920749579543,0.08650383156300867,0.13915252685546875,0.13520524624454877
2026-07-24,2026-09-11,SEP26,7,630.0716425726216,25.101227909658554,0.684202153085298,0.4224735120457999,0.5526809692382812,0.04571097187874118
2026-07-29,2026-08-14,AUG26,7,74.90460641588402,8.654744734299447,0.3073643277184088,0.16561214409490269,0.25101470947265625,0.00447129340493202
2026-07-29,2026-12-11,DEC26,8,1854.2885861030652,43.06145127725104,0.3822338083739094,0.30454429126206684,0.37442779541015625,0.22070690987803043
2026-07-29,2027-06-11,JUN27,8,7412.749180162453,86.09732388502242,0.8694846053726621,0.35333182877657976,0.5518074035644531,1.118711907657627
2026-07-29,2027-03-12,MAR27,8,4542.383692341475,67.39720834234512,0.4980603739327023,0.16685185668698313,0.3322601318359375,0.6383358941550461
2026-07-29,2026-11-13,NOV26,7,1531.0959455462073,39.12922112112899,0.6160314231002211,0.4266134284969154,0.5602827072143554,0.15615802885022403
2026-07-29,2026-10-16,OCT26,7,1196.1801769133879,34.58583780846414,0.4799132271998081,0.30217789351221525,0.4155158996582031,0.09962728679503224
2026-07-29,2026-09-11,SEP26,8,286.3078556850048,16.920634021365892,0.6168735534243317,0.30428941252877,0.574310302734375,0.026863389061712706
2026-07-30,2026-08-14,AUG26,7,88.35840207861816,9.399915003797542,0.4299723876456159,0.21390117151965685,0.37405395507812506,0.005327408178957161
2026-07-30,2026-12-11,DEC26,8,1799.5443657072676,42.42103682970594,0.27205245091560926,0.1172848656563547,0.1948833465576172,0.21584711631773734
2026-07-30,2027-06-11,JUN27,8,7423.678718082063,86.16077250165567,0.726584822071974,0.33536074573572655,0.4523591995239258,1.1324350627652735
2026-07-30,2027-03-12,MAR27,8,4455.531339565081,66.74976658809437,0.5783304382186643,0.1806703889321355,0.3202247619628906,0.6300511809590246
2026-07-30,2026-11-13,NOV26,7,1481.5101656474333,38.49039056241744,0.3473379658883502,0.14486210854522077,0.20251750946044925,0.15206184581978313
2026-07-30,2026-10-16,OCT26,7,1195.9576084900739,34.582620035070704,0.35046839762411963,0.21876957262164254,0.3078575134277344,0.09834840158430125
2026-07-30,2026-09-11,SEP26,8,267.44985856059816,16.353894293427427,0.2927345505768414,0.15419907166593141,0.2545356750488281,0.027308936502551395
2026-07-31,2026-08-14,AUG26,8,87.57253615838704,9.358019884483417,0.506054403587108,0.30906070907679917,0.45951080322265625,0.004605060777197079
2026-07-31,2026-12-11,DEC26,8,1889.140283379634,43.4642414333856,0.31895624377373544,0.12070002612638119,0.22656917572021484,0.22877647532834083
2026-07-31,2027-06-11,JUN27,7,7990.578547931629,89.39003606628442,0.41383444661450497,0.29223191019245576,0.36529541015625,1.175410608916028
2026-07-31,2027-03-12,MAR27,7,4759.621480623173,68.99001000596516,0.2609868773516908,0.10887215496411429,0.14107036590576172,0.6496582595743349
2026-07-31,2026-11-13,NOV26,7,1613.3800811479425,40.16690280750985,0.31482164624020736,0.12561256203608995,0.2743721008300781,0.1644819478497639
2026-07-31,2026-10-16,OCT26,6,1269.2369830776317,35.626352368403246,0.4538297278541066,0.14518797125102872,0.2851228713989258,0.10500167746205041
2026-07-31,2026-09-11,SEP26,8,266.55634630463396,16.326553411685946,0.49000394460087515,0.20986425399335554,0.41290283203125,0.025566221284961443
2026-08-03,2026-08-14,AUG26,8,76.87873680136113,8.768052052842817,0.44037442295791,0.26021707853562065,0.385223388671875,0.0036325816236196795
2026-08-03,2026-12-11,DEC26,8,1893.2285142086632,43.51124583609005,0.3589328283834128,0.17851938789911617,0.18812942504882812,0.23376215856148863
2026-08-03,2027-06-11,JUN27,8,7715.443002214544,87.83759446964918,0.4792741817788908,0.19747634765098862,0.3272123336791992,1.1684076209706298
2026-08-03,2027-03-12,MAR27,8,4606.596337883982,67.87191125851682,0.425040709427126,0.17842277983745244,0.24394989013671875,0.6034211627465258
2026-08-03,2026-11-13,NOV26,7,1566.4627313969456,39.57856403909755,0.3375842553948445,0.22684115014536696,0.1854839324951172,0.1648775841089224
2026-08-03,2026-10-16,OCT26,8,1227.832136038209,35.04043572842965,0.5833601027345958,0.2792526886564563,0.3631782531738282,0.10446712167146573
2026-08-03,2026-09-11,SEP26,8,247.05313226196017,15.71792391704325,0.5992039394743336,0.2421983662476595,0.458038330078125,0.023716813086025468
2026-08-12,2026-12-11,DEC26,8,1485.7723146495916,38.54571720242849,1.2311266641095182,0.4114051052411928,0.7644891738891603,0.1740671365926211
2026-08-12,2027-06-11,JUN27,8,6633.311925018677,81.44514672476609,0.5234420922870768,0.3392286935504245,0.5116019248962402,1.0072185292484421
2026-08-12,2027-03-12,MAR27,8,3824.645524214812,61.843718550996044,0.42925258745116857,0.25649563459640895,0.390838623046875,0.5472756948789765
2026-08-12,2026-11-13,NOV26,8,1199.3608863390593,34.63179011167426,1.4611595973138538,0.520239014146689,0.8681507110595703,0.11789085843651215
2026-08-12,2026-10-16,OCT26,8,868.5459264671629,29.47110324482548,1.1134249692046234,0.5946085434441094,0.8474674224853516,0.06813185952418438
2026-08-12,2026-09-11,SEP26,8,150.14554352749633,12.253389062928523,0.5583480363041566,0.38736962231992056,0.5175018310546875,0.014412368538091747
2026-08-13,2026-12-11,DEC26,8,1374.7057937790275,37.077025147374314,2.2793034185209087,0.9306158424964538,1.5414505004882815,0.17499827950539795
2026-08-13,2027-06-11,JUN27,7,6315.28956428783,79.46879616735005,0.7249676874576245,0.35336673973121197,0.4796743392944336,0.969149320991712
2026-08-13,2027-03-12,MAR27,8,3549.28827438779,59.57590347101578,0.7018096289870517,0.4179786281701196,0.5860023498535156,0.5181838290136185
2026-08-13,2026-11-13,NOV26,8,1100.4743167285667,33.17339772662075,1.8198152244331443,0.8865766613722655,1.1781692504882812,0.11866511516119005
2026-08-13,2026-10-16,OCT26,8,785.7060846692627,28.03044924130298,1.514240795682233,0.791453722561264,1.0486221313476562,0.0686486089825572
2026-08-13,2026-09-11,SEP26,8,142.32454029350924,11.929984924278372,0.7033460994361924,0.38087175834093834,0.5618820190429689,0.010264588691340172
2026-08-14,2026-12-11,DEC26,8,1424.5816328564122,37.74363036137902,2.237528767666402,0.933970317904544,1.4882564544677734,0.1828602717550486
2026-08-14,2027-06-11,JUN27,7,6592.104941314701,81.19177877910239,0.4282947467424165,0.23541441825249917,0.35074615478515625,1.0172153104629669
2026-08-14,2027-03-12,MAR27,8,3694.182560641233,60.77978743497901,0.436768670451567,0.27696157475247624,0.39530277252197266,0.5107532827057912
2026-08-14,2026-11-13,NOV26,8,1102.5374946125223,33.20448003827981,1.5993590563792548,0.8395429727724631,1.1748123168945312,0.1220464440062663
2026-08-14,2026-10-16,OCT26,8,823.3010867323999,28.69322370756552,1.4683467008217406,0.8661249805391199,1.0616397857666016,0.0723745861742009
2026-08-14,2026-09-11,SEP26,8,142.3030570905205,11.929084503452916,0.9533222324308395,0.45113005830909436,0.6704025268554689,0.009914791372139355
2026-08-18,2026-12-11,DEC26,8,1471.6967994282734,38.362700627409865,2.187365698635812,0.9272526523684321,1.4757728576660156,0.17982824522641327
2026-08-18,2027-06-11,JUN27,7,6587.139150957684,81.16119239487358,0.6810770346692863,0.23569910229033178,0.4224681854248047,1.0050136293775167
2026-08-18,2027-03-12,MAR27,8,3769.5996610850434,61.39706557389403,0.6241016552365881,0.31388505773160247,0.522918701171875,0.5068796846128993
2026-08-18,2026-11-13,NOV26,8,1144.0182286357146,33.82333851995859,1.657834494804387,0.8312525771258169,1.1055145263671875,0.11892838832053365
2026-08-18,2026-10-16,OCT26,8,822.6295305173787,28.681518971584797,1.4664200420835725,0.865864809662243,1.0614681243896484,0.06770524942004252
2026-08-18,2026-09-11,SEP26,8,151.35856952913014,12.302787063471843,0.7514744474940538,0.4604355296809836,0.6418991088867188,0.009088989154874827
2026-08-20,2026-12-11,DEC26,8,1421.8329440799296,37.707200162302286,2.106845397414026,0.8583047369577874,1.3753051757812498,0.1709719479714776
2026-08-20,2027-06-11,JUN27,7,6587.945949016139,81.1661625864876,0.7272124579469725,0.3563091832672048,0.516355037689209,1.0057675913931543
2026-08-20,2027-03-12,MAR27,8,3771.529700195193,61.41278124458453,0.5378848768140223,0.2988307345837991,0.4497556686401367,0.5074627211204883
2026-08-20,2026-11-13,NOV26,8,1100.3607415846875,33.17168584176402,1.582048241674828,0.8269881719828519,1.081014633178711,0.11197032895432024
2026-08-20,2026-10-16,OCT26,8,785.8597813196418,28.033190708865835,1.6374387436332043,0.887368788819393,1.0965538024902344,0.06262727784756267
2026-08-20,2026-09-11,SEP26,8,151.3119328523237,12.300891547051528,0.7513950247689891,0.3890306208883857,0.494384765625,0.008348242592124688
2026-08-24,2026-12-11,DEC26,8,1535.2175141693172,39.18185184711561,1.3120438711171465,0.5553610204645504,0.8500185012817382,0.16310470107521943
2026-08-24,2027-06-11,JUN27,8,6743.5605145052705,82.11918481393535,0.9749826898289591,0.3592644198680911,0.6629390716552734,1.0114221135843628
2026-08-24,2027-03-12,MAR27,8,3807.6143541395986,61.70586968951656,0.5919515613694646,0.2535719031414287,0.3699331283569336,0.501979579112523
2026-08-24,2026-11-13,NOV26,8,1156.400430423868,34.00588817284248,1.388945711304192,0.6382516545929606,0.9690876007080078,0.10303121176526081
2026-08-24,2026-10-16,OCT26,8,832.7638468423554,28.857647978349785,1.3881298418082393,0.6891793310663845,0.8687381744384766,0.05571042516719388
2026-08-24,2026-09-11,SEP26,9,157.653925080205,12.55603142239637,0.7376513453658433,0.37900322884923127,0.5644989013671875,0.009131808442854883
2026-08-25,2026-12-11,DEC26,8,1367.0889481822626,36.97416595654678,0.9942144596959981,0.5086236902282899,0.8243865966796875,0.15286123098274296
2026-08-25,2027-06-11,JUN27,8,6357.821460344936,79.73594835671635,0.6994901445961972,0.2815741162662242,0.45809125900268555,0.947704811499043
2026-08-25,2027-03-12,MAR27,8,3573.0734715318713,59.77519110410164,0.5786883041685016,0.26161691823356953,0.3987693786621094,0.4820699511346749
2026-08-25,2026-11-13,NOV26,8,1011.6491580452973,31.806432651985624,1.3182855609094326,0.7048638452301323,1.0183753967285156,0.09566654718393408
2026-08-25,2026-10-16,OCT26,8,677.7335897543965,26.03331691802634,1.1098871190547892,0.6770018997029312,0.8616123199462891,0.049556316769152786
2026-08-25,2026-09-11,SEP26,8,149.23391233254847,12.216133280729565,0.6048265917322118,0.3102040981209611,0.5027618408203125,0.007713966425550556
2026-08-27,2026-12-11,DEC26,8,1292.332880946143,35.94903171082836,1.131122327775147,0.519652021834481,0.7987232208251953,0.14149821477088437
2026-08-27,2027-06-11,JUN27,9,6221.718075149951,78.87786809460529,1.0963558144263885,0.40625,0.7175779342651367,0.9677165708652395
2026-08-27,2027-03-12,MAR27,8,3423.345820522335,58.50936523773211,0.913817555553555,0.4086563579834733,0.5923566818237305,0.47218629221134717
2026-08-27,2026-11-13,NOV26,8,986.761895991767,31.41276644919653,1.4495642568044236,0.6291282415421552,0.8998260498046875,0.0889873039858129
2026-08-27,2026-10-16,OCT26,8,624.7938027987477,24.99587571578055,1.4930015882134255,0.6694885012821695,0.9190521240234375,0.04364702747665361
2026-08-27,2026-09-11,SEP26,7,117.4807847347081,10.838855324004841,0.6877806639257715,0.3459379662977318,0.43365478515625006,0.005315773560335747
2026-08-28,2026-12-11,DEC26,8,1363.6288537991552,36.927345609983334,0.6153810677486424,0.15882094418340514,0.44307518005371094,0.1477110970853015
2026-08-28,2027-01-15,JAN27,3,2843.7934068453806,53.327229506560535,0.169712119168679,0.1380961462984418,0.13824939727783203,0.2978604659237398
2026-08-28,2027-06-11,JUN27,7,6512.073624294173,80.6974201836352,1.0711909512760194,0.42846877408116946,0.6636428833007812,0.9658568320188795
2026-08-28,2027-03-12,MAR27,7,3762.3860416633715,61.3382918058807,0.33599367505862077,0.1952962145061674,0.2558403015136719,0.49076009548409677
2026-08-28,2026-11-13,NOV26,8,1049.0536627504441,32.389097899608814,0.39902494098663777,0.23817524072966836,0.350250244140625,0.09292694619894026
2026-08-28,2026-10-16,OCT26,8,674.7200786689493,25.975374466385453,0.45780492564444364,0.2441066032830123,0.4494781494140625,0.045695195707435854
2026-08-28,2026-09-11,SEP26,7,111.4971997073128,10.559223442437082,0.3887078118313306,0.18345267256156797,0.37159729003906256,0.004953424928641815
2026-09-01,2026-12-11,DEC26,8,1345.9838471066726,36.687652515617195,0.4681611917084556,0.20077041112125965,0.23666381835937506,0.1484873262097192
2026-09-01,2027-01-15,JAN27,3,2853.2023700805303,53.41537578338779,0.2918825306768529,0.18933071656132405,0.19113922119140625,0.30965182352418585
2026-09-01,2027-06-11,JUN27,6,6792.011704140174,82.41366212067132,0.6595896115739528,0.25058790090933414,0.5030035972595215,1.0070760504083052
2026-09-01,2027-03-12,MAR27,8,3774.6988297782436,61.43857769983159,0.27973387402166594,0.12386621312894468,0.230438232421875,0.5104462921914266
2026-09-01,2026-11-13,NOV26,8,1034.065681853737,32.15689166965205,0.26020231555894213,0.1658606731972456,0.133941650390625,0.0926980489803606
2026-09-01,2026-10-16,OCT26,8,663.6459696171385,25.761327015841758,0.23635736107010707,0.11728987042898067,0.2246856689453125,0.044699478844626106
2026-09-01,2026-09-11,SEP26,7,99.70668455841428,9.985323457876278,0.39491669359239023,0.17753636126921749,0.2573623657226563,0.0035274640775756487
2026-09-02,2026-12-11,DEC26,8,1337.4195299092705,36.57074691483988,0.3187595206240452,0.16472086446139336,0.21849822998046875,0.1386791761067141
2026-09-02,2027-01-15,JAN27,3,2847.175336260565,53.35892930204433,0.316914485299403,0.18329018633138272,0.16260623931884766,0.29554353367593356
2026-09-02,2027-06-11,JUN27,7,6797.630698360816,82.44774525941152,0.4916034947769852,0.33648193143183924,0.4743533134460449,1.0170427179055432
2026-09-02,2027-03-12,MAR27,7,3688.148820666903,60.73013107730711,0.25041749649278344,0.07772871437259059,0.12686920166015625,0.4852068424348164
2026-09-02,2026-11-13,NOV26,8,985.9267991047366,31.399471318873136,0.19756519572280773,0.09327289157177596,0.1609649658203125,0.08370745766033894
2026-09-02,2026-10-16,OCT26,8,656.3008541600864,25.6183694672414,0.2662325159599357,0.17997323359539363,0.19980430603027344,0.04024705310159998
2026-09-02,2026-09-11,SEP26,8,100.71236039047449,10.035554812289876,0.3794065409968934,0.14465976168401476,0.25,0.003607121908498989
2026-09-03,2026-12-11,DEC26,8,1315.4962981323831,36.2697711342708,0.5094265498033579,0.25885787718327524,0.259063720703125,0.13611641513407347
2026-09-03,2027-01-15,JAN27,3,2780.136869769036,52.72700323144713,0.4123256959501571,0.2795821210541414,0.2763090133666992,0.2474718024844249
2026-09-03,2027-06-11,JUN27,8,6528.606297707129,80.79979144593833,0.8842441831976089,0.28556570277058413,0.5699396133422852,0.9844530554028106
2026-09-03,2027-03-12,MAR27,8,3571.550110495089,59.762447326854755,0.3936778825611693,0.1260023414166072,0.21696090698242188,0.4719820378798356
2026-09-03,2026-11-13,NOV26,8,1007.2425808971341,31.73708526152227,0.9928904361386937,0.4441470998201779,0.5590152740478516,0.08376661133324054
2026-09-03,2026-10-16,OCT26,8,641.5293982890146,25.328430632177245,0.8839931681630089,0.4053580812714281,0.5339241027832031,0.03908103602489971
2026-09-03,2026-09-11,SEP26,6,89.34363235557817,9.452176064567258,0.1998123282333003,0.12420555551839803,0.1780853271484375,0.0022059885544478686
2026-09-04,2026-12-11,DEC26,8,1279.591880004357,35.771383534948114,0.6317586715662689,0.45550439501371187,0.35237121582031256,0.14606583643504492
2026-09-04,2027-01-15,JAN27,3,2682.3624832192327,51.7915290681713,0.3056626903758062,0.2051460503223721,0.204071044921875,0.25804159965394113
2026-09-04,2027-06-11,JUN27,7,6662.041873852597,81.62133222297095,0.5170129748937988,0.32418676036473454,0.4816570281982422,0.9556803524669004
2026-09-04,2027-03-12,MAR27,7,3571.7349131977126,59.763993450887405,0.35649896062273356,0.15853800654832373,0.28899192810058594,0.4725987172219297
2026-09-04,2026-11-13,NOV26,8,937.2171676974724,30.614002804231145,0.5989327539208298,0.36086519352148,0.349456787109375,0.08862731886551334
2026-09-04,2026-10-16,OCT26,8,617.9637453582034,24.858876590831763,0.8293417121184086,0.4887175903410143,0.5207805633544922,0.042758419973403294
2026-09-04,2026-09-11,SEP26,5,64.17509002646443,8.010935652373226,0.13415774418392457,0.08897343190983689,0.0986480712890625,0.00176249731475564
2026-09-08,2026-12-11,DEC26,8,1324.2731591360018,36.390564149735326,0.9350868238901082,0.46777495946367587,0.48238563537597645,0.14307723297412048
2026-09-08,2027-01-15,JAN27,3,2757.9284331840627,52.51598264513445,0.44872984090084245,0.24318423057478356,0.22852420806884766,0.261589213679346
2026-09-08,2027-06-11,JUN27,7,6774.4549921530415,82.30707741229209,0.6157081577838319,0.41102859036762257,0.5980186462402344,0.9681948428947298
2026-09-08,2027-03-12,MAR27,7,3639.3693764890513,60.32718604815785,0.3099966409455597,0.16111480020933744,0.2158641815185547,0.4588023295991017
2026-09-08,2026-11-13,NOV26,8,1015.3094020154197,31.863920066674467,0.869623539355084,0.40974778199698264,0.4749298095703125,0.08725618780657529
2026-09-08,2026-10-16,OCT26,8,649.1293320601073,25.478016642982777,0.8532063583476157,0.4815407795171581,0.4885101318359375,0.03974737742509893
2026-09-11,2026-12-11,DEC26,8,1209.8839622605885,34.78338629663001,0.630869604300849,0.30763151414123385,0.3600807189941406,0.13229772138315993
2026-09-11,2027-06-11,JUN27,6,7642.258268070465,87.42001068445637,1.2642888458098653,0.4679578031109045,0.64105224609375,1.0326206905463948
2026-09-11,2027-03-12,MAR27,7,4155.001929423248,64.45930444414715,0.5408248815204448,0.20921985490584305,0.3854990005493164,0.493387636393926
2026-09-11,2026-11-13,NOV26,6,915.6283715586176,30.259351803345318,0.1154039015460091,0.07173968734323122,0.08993148803710938,0.07832626134838683
2026-09-11,2026-10-16,OCT26,6,540.3979596501247,23.246461228542394,0.28266192617551367,0.1770844496698023,0.20721435546875,0.03257564072301128
2026-09-11,2027-09-10,SEP27,3,11231.989454048962,105.98108064201347,0.4975607566250204,0.4080699817990272,0.4080367088317871,1.7808045246457656
2026-09-14,2026-12-11,DEC26,8,1166.7426624409152,34.15761499930748,0.40950191397066593,0.2406776662504597,0.25969886779785156,0.12837672653336135
2026-09-14,2027-01-15,JAN27,5,2943.9005754361633,54.2577236477551,0.25275447204189305,0.15073775148059543,0.1308307647705078,0.28195789014242045
2026-09-14,2027-06-11,JUN27,7,7662.803672662278,87.53744154738747,1.2372570469864392,0.43564789531086073,0.786529541015625,1.0543648227948577
2026-09-14,2027-03-12,MAR27,7,4039.972305360542,63.560776469144415,0.649516982556726,0.3073393393649037,0.33544921875,0.4916914661096481
2026-09-14,2026-11-13,NOV26,6,878.3306015730216,29.636642886349687,0.1597967404366365,0.09239683494243627,0.13739776611328125,0.07499249608248493
2026-09-14,2026-10-16,OCT26,6,484.0198738530578,22.00045167384201,0.2855571109634607,0.2052969809011857,0.18488693237304688,0.029176934032437596
2026-09-14,2027-09-10,SEP27,4,11362.983405225972,106.59729548739017,0.5751495225579042,0.503141542002151,0.505894660949707,1.776635960237483
