kappa,change_diagonal,min_singular
0.05,0.08812185582611336,0.8870034089156751
0.05652173913043478,0.08697625936783195,0.8735590703251155
0.06304347826086956,0.08583998933166391,0.8603922859861267
0.06956521739130435,0.0847129759697472,0.8474959462294226
0.07608695652173914,0.08359515004813588,0.8348628415870195
0.08260869565217391,0.08248644284298622,0.8224856998432989
0.0891304347826087,0.08138678613677822,0.8103572193798284
0.09565217391304348,0.08029611221456709,0.7984700989956686
0.10217391304347825,0.07921435386025433,0.7868170644016685
0.10869565217391304,0.07814144435289255,0.7753908915979351
0.11521739130434783,0.07707731746301863,0.7641844273491359
0.12173913043478261,0.07602190744901365,0.7531906069734855
0.12826086956521737,0.07497514905348786,0.7424024696589403
0.13478260869565217,0.07393697749969287,0.7318131715150101
0.14130434782608697,0.07290732848796681,0.7214159965613357
0.14782608695652172,0.07188613819219693,0.7112043658452931
0.15434782608695652,0.07087334325631577,0.7011718448708891
0.16086956521739132,0.06986888079081953,0.691312149510437
0.16739130434782606,0.0688726883693178,0.6816191505593348
0.17391304347826086,0.06788470402509948,0.672086877082938
0.18043478260869567,0.066904866247737,0.6627095186932751
0.1869565217391304,0.06593311397970428,0.6534814268822927
0.1934782608695652,0.0649693866130288,0.6443971155276907
0.2,0.0640136239859631,0.6354512606771457
0.20652173913043476,0.06306576637968467,0.6266386997070789
0.21304347826086956,0.06212575451501754,0.6179544299429294
0.21956521739130436,0.06119352954918184,0.6093936068194108
0.2260869565217391,0.06026903307256431,0.600951541651227
0.2326086956521739,0.059352207105517134,0.5926236990773845
0.2391304347826087,0.05844299409517541,0.5844056942354591
0.24565217391304345,0.05754133691230221,0.5762932897159354
0.25217391304347825,0.05664717884815791,0.5682823923410819
0.25869565217391305,0.05576046361138851,0.5603690498075975
0.2652173913043478,0.05488113532494262,0.5525494472276075
0.2717391304347826,0.054009138523008544,0.5448199035983092
0.2782608695652174,0.05314441814797292,0.5371768682267252
0.28478260869565214,0.05228691954740646,0.5296169171325743
0.29130434782608694,0.05143658847106788,0.5221367494491532
0.29782608695652174,0.05059337106793279,0.5147331838393575
0.3043478260869565,0.04975721388324443,0.5074031549414734
0.3108695652173913,0.04892806385558514,0.5001437098571674
0.3173913043478261,0.04810586831397209,0.4929520046921289
0.32391304347826083,0.047290574974972,0.48582530115807715
0.33043478260869563,0.04648213193983929,0.47876096324329487
0.33695652173913043,0.0456804876916758,0.471756453957495
0.3434782608695652,0.04488559109261005,0.46480933215562387
0.35,0.04409739138099958,0.45791724944413975
0.3565217391304348,0.04331583816865116,0.45107794717240407
0.3630434782608695,0.042540881438067175,0.44428925351099424
0.3695652173913043,0.04177247153970573,0.4375490806180628
0.3760869565217391,0.04101055918926764,0.430855421894252
0.38260869565217387,0.04025509546499857,0.42420634932614515
0.38913043478260867,0.03950603180501505,0.41760001091780463
0.39565217391304347,0.038763320004647286,0.41103462820952924
0.4021739130434782,0.03802691221380575,0.4045084938826697
0.408695652173913,0.03729676093436291,0.3980199694490405
0.4152173913043478,0.03657281901755782,0.3915674830232493
0.42173913043478256,0.035855039661419466,0.38514952717606865
0.42826086956521736,0.03514337640820732,0.37876465686682526
0.43478260869565216,0.034437783141874165,0.37241148745263764
0.4413043478260869,0.03373821408554535,0.36608869277227135
0.4478260869565217,0.033044623799017646,0.35979500330226283
0.4543478260869565,0.03235696717627782,0.353529204382947
0.46086956521739125,0.03167519944303758,0.347290134511962
0.46739130434782605,0.030999276154288834,0.3410766837027953
0.47391304347826085,0.03032915319187626,0.3348877919059325
0.4804347826086956,0.029664786762087947,0.32872244749016327
0.4869565217391304,0.029006133393264362,0.32257968578161733
0.4934782608695652,0.02835314993342522,0.31645858765813795
0.49999999999999994,0.02770579354791335,0.3103582781966195
0.5065217391304347,0.027064021717057046,0.3042779253709645
0.5130434782608696,0.026427792233848852,0.29821673879838917
0.5195652173913043,0.02579706320164318,0.2921739685318145
0.5260869565217391,0.02517179303186829,0.28614890389616293
0.532608695652174,0.024551940441759373,0.28014087236641005
0.5391304347826087,0.023937464452104214,0.274149238485316
0.5456521739130434,0.023328324385009227,0.2681734028188053
0.5521739130434783,0.022724479861679796,0.26221280094703
0.558695652173913,0.022125890800217634,0.25626690248921735
0.5652173913043479,0.021532517413436,0.2503352101604513
0.5717391304347826,0.02094432020668901,0.2444172588586117
0.5782608695652174,0.020361259975718738,0.2385126147797543
0.5847826086956522,0.019783297804517035,0.23262087456027872
0.591304347826087,0.019210395063205262,0.22674166444429342
0.5978260869565217,0.01864251340592702,0.22087463947464633
0.6043478260869566,0.01807961476875907,0.21501948270617013
0.6108695652173913,0.017521661367636505,0.20917590443972134
0.6173913043478261,0.016968615696293394,0.20334364147569164
0.6239130434782609,0.016420440524219686,0.19752245638570712
0.6304347826086957,0.015877098894631736,0.19171213680129412
0.6369565217391304,0.015338554122459177,0.18591249471836566
0.6434782608695653,0.01480476979234688,0.18012336581642005
0.65,0.014275709756670673,0.17434460879142266
0.6565217391304348,0.013751338133568575,0.16857610470139286
0.6630434782608696,0.013231619304986682,0.16281775632375098
0.6695652173913044,0.012716517914739158,0.15706948752360164
0.6760869565217391,0.0122059988665834,0.15133124263208506
0.682608695652174,0.01170002732230852,0.14560298583409215
0.6891304347826087,0.01119856869983867,0.13988470056460112
0.6956521739130435,0.01070158867135039,0.13417638891299766
0.7021739130434783,0.01020905316140408,0.12847807103478054
0.7086956521739131,0.00972092834508878,0.12278978457008594
0.7152173913043478,0.009237180646180985,0.11711158406854072
0.7217391304347827,0.008757776735318192,0.11144354041997818
0.7282608695652174,0.008282683528183852,0.10578574029061064
0.7347826086956522,0.007811868183707818,0.1001382855642915
0.741304347826087,0.007345298102278914,0.09450129278853756
0.7478260869565218,0.00688294092397188,0.08887489262505202
0.7543478260869565,0.006424764526785859,0.08325922930447259
0.7608695652173914,0.005970737024897828,0.07765446008518302
0.7673913043478261,0.005520826766927524,0.07206075471599792
0.7739130434782608,0.005075002334215866,0.06647829490260534
0.7804347826086957,0.004633232539116409,0.060907273777675436
0.7869565217391304,0.004195486423298816,0.055347895374578904
0.7934782608695652,0.0037617332560655435,0.04980037410467714
0.8,0.0033319425326804363,0.0442649342382094
0.8065217391304348,0.002906083972710189,0.03874180938879441
0.8130434782608695,0.0024841275183778385,0.0332312420016007
0.8195652173913044,0.00206604333292876,0.027733482845300642
0.8260869565217391,0.0016518017990082893,0.02224879050787799
0.8326086956521739,0.0012413735170520928,0.01677743089645895
0.8391304347826087,0.000834729303687371,0.011319676741285154
0.8456521739130435,0.00043184019014715823,0.005875807104033794
0.8521739130434782,3.267742069564897e-05,0.00044610689064143196
0.8527005108946779,6.087453112319495e-07,8.312720711113718e-06
0.8527105108946779,-5.2680375629370616e-17,3.4940673851725836e-16
0.8527205108946778,-6.0873662300345e-07,8.312686659987284e-06
0.8586956521739131,-0.0003627875489347118,0.004969133631139789
0.8652173913043478,-0.0007545830530945753,0.010369619309246967
0.8717391304347826,-0.0011427372177572508,0.015755050579638694
0.8782608695652174,-0.0015272779620473043,0.021125123933207018
0.8847826086956522,-0.0019082329997573415,0.026479532377031757
0.8913043478260869,-0.0022856298408541922,0.031817965889702204
0.8978260869565218,-0.0026594957929731086,0.037140111870453234
0.9043478260869565,-0.003029857962901962,0.04244565558183791
0.9108695652173913,-0.0033967432580530423,0.047734280585675234
0.9173913043478261,-0.0037601783879255544,0.05300566917198096
0.9239130434782609,-0.00412018986555602,0.05825950278062945
0.9304347826086956,-0.004476804008958495,0.06349546241545029
0.9369565217391305,-0.004830046942554194,0.06871322905050857
0.9434782608695652,-0.00517994459859013,0.07391248402829015
0.95,-0.005526522718548074,0.07909290944952768
0.9565217391304348,-0.005869806854541716,0.08425418855442822
0.9630434782608696,-0.006209822370705053,0.0893960060950285
0.9695652173913043,-0.00654659444456901,0.09451804869845841
0.9760869565217392,-0.006880148068429646,0.09962000522087362
0.9826086956521739,-0.007210508050704118,0.10470156709183266
0.9891304347826086,-0.007537699017278651,0.10976242864891651
0.9956521739130435,-0.00786174541284489,0.11480228746238501
1.0021739130434781,-0.008182671502227472,0.11982084464968878
1.008695652173913,-0.008500501371701441,0.12481780517966705
1.0152173913043478,-0.008815258930299628,0.1297928781662602
1.0217391304347825,-0.009126967911110806,0.1347457771516186
1.0282608695652173,-0.009435651872568035,0.1396762203784469
1.0347826086956522,-0.009741334199727692,0.14458393105149028
1.0413043478260868,-0.010044038105538262,0.14946863758806547
1.0478260869565217,-0.010343786632101216,0.15433007385753736
1.0543478260869565,-0.010640602651921217,0.15916797940969812
1.0608695652173914,-0.010934508869147614,0.16398209969196975
1.067391304347826,-0.011225527820806928,0.1687721862554236
1.0739130434782609,-0.01151368187802601,0.1735379969495839
1.0804347826086957,-0.011798993247246021,0.17827929610601267
1.0869565217391304,-0.01208148397142811,0.18299585471069316
1.0934782608695652,-0.012361175931249078,0.1876874505652493
1.1,-0.012638090846289468,0.19235386843702892
1.1065217391304347,-0.012912250276211904,0.1969949001981304
1.1130434782608696,-0.013183675621931375,0.20161034495343425
1.1195652173913044,-0.013452388126776266,0.2062000091577459
1.126086956521739,-0.013718408877641523,0.21076370672213082
1.132608695652174,-0.013981758806132692,0.21530125910959083
1.1391304347826088,-0.014242458689702097,0.21981249542018788
1.1456521739130434,-0.014500529152775969,0.22429725246578003
1.1521739130434783,-0.014755990667873723,0.22875537483450767
1.1586956521739131,-0.015008863556719054,0.233186714945225
1.1652173913043478,-0.015259167991342524,0.2375911330920314
1.1717391304347826,-0.015506923995175965,0.24196849747911145
1.1782608695652175,-0.015752151444139342,0.24631868424607944
1.184782608695652,-0.01599487006771907,0.2506415774840427
1.191304347826087,-0.01623509945003852,0.2549370692425943
1.1978260869565218,-0.016472859030920856,0.2592050595279781
1.2043478260869565,-0.016708168106943696,0.26344545629265037
1.2108695652173913,-0.01694104583248625,0.2676581754164801
1.2173913043478262,-0.017171511220768678,0.2718431406798487
1.2239130434782608,-0.017399583144883747,0.2760002837288893
1.2304347826086957,-0.01762528033882092,0.28012954403313556
1.2369565217391305,-0.017848621398482888,0.2842308688358363
1.2434782608695651,-0.018069624782694624,0.28830421309720916
1.25,-0.018288308814205036,0.2923495394308975
1.2565217391304349,-0.018504691680681196,0.2963668180339099
1.2630434782608695,-0.018718791435695138,0.300356026610317
1.2695652173913043,-0.018930625999703864,0.3043171502889723
1.2760869565217392,-0.019140213161021352,0.3082501815355451
1.2826086956521738,-0.01934757057678411,0.31215512005913465
1.2891304347826087,-0.019552715773909254,0.3160319727137513
1.2956521739130435,-0.019755666150045672,0.31988075339492544
1.3021739130434782,-0.019956438974518275,0.32370148293173645
1.308695652173913,-0.02015505138926495,0.32749418897451854
1.315217391304348,-0.020351520409766923,0.3312589058785253
1.3217391304347825,-0.020545862925972214,0.3349956745838129
1.3282608695652174,-0.020738095703212455,0.33870454249161286
1.3347826086956522,-0.020928235383112483,0.34238556333744924
1.3413043478260869,-0.021116298484493746,0.3460387970612585
1.3478260869565217,-0.021302301404270866,0.3496643096747741
1.3543478260869566,-0.02148626041834158,0.3532621731264102
1.3608695652173912,-0.021668191682470132,0.3568324651638984
1.367391304347826,-0.02184811123316437,0.3603752691949117
1.373913043478261,-0.022026034988546,0.3638906741459157
1.3804347826086956,-0.022201978749214923,0.3673787743194582
1.3869565217391304,-0.02237595819910681,0.37083966925014544
1.3934782608695653,-0.022547988906344612,0.3742734635594966
1.4,-0.02271808632408374,0.3776802668099004
1.4065217391304348,-0.022886265791351022,0.38106019335787694
1.4130434782608696,-0.023052542533877507,0.3844133622068326
1.4195652173913043,-0.023216931664925167,0.38773989685951604
1.4260869565217391,-0.023379448186107522,0.3910399251703454
1.432608695652174,-0.023540106988204298,0.3943135791977882
1.4391304347826086,-0.02369892285196986,0.3975609950569728
1.4456521739130435,-0.023855910448936004,0.4007823127726865
1.4521739130434783,-0.024011084342208742,0.4039776761329225
1.458695652173913,-0.024164458987259226,0.4071472325431302
1.4652173913043478,-0.024316048732708824,0.4102911328813075
1.4717391304347827,-0.024465867821108486,0.4134095313540773
1.4782608695652173,-0.024613930389712425,0.41650258535387796
1.4847826086956522,-0.024760250471246036,0.4195704553173942
1.491304347826087,-0.0249048419946683,0.42261330458534335
1.4978260869565216,-0.025047718785928354,0.42563129926373067
1.5043478260869565,-0.025188894568716782,0.4286246080866846
1.5108695652173914,-0.02532838296521136,0.431593402280957
1.517391304347826,-0.025466197496817035,0.4345378554321951
1.5239130434782608,-0.025602351584900884,0.43745814335307115
1.5304347826086957,-0.025736858551521455,0.4403544439533362
1.5369565217391303,-0.025869731620152752,0.4432269371118907
1.5434782608695652,-0.026000983916402928,0.4460758045509343
1.55,-0.026130628468727827,0.4489012297122529
1.5565217391304347,-0.026258678209139217,0.4517033976357094
1.5630434782608695,-0.026385145973907734,0.4544824948399915
1.5695652173913044,-0.026510044504260703,0.45723870920565063
1.576086956521739,-0.02663338644707509,0.4599722298604972
1.5826086956521739,-0.02675518435556513,0.4626832470673696
1.5891304347826087,-0.026875450689964785,0.4653719521143183
1.5956521739130434,-0.026994197818205678,0.46803853720724
1.6021739130434782,-0.027111438016589464,0.4706831953649709
1.608695652173913,-0.027227183470455964,0.4733061203168741
1.6152173913043477,-0.02734144627484565,0.47590750640292695
1.6217391304347826,-0.027454238435157766,0.4784875484763253
1.6282608695652174,-0.027565571867803642,0.4810464418086101
1.634782608695652,-0.027675458400855123,0.4835843819973195
1.641304347826087,-0.027783909774687806,0.48610156487617795
1.6478260869565218,-0.027890937642620506,0.48859818642780034
1.6543478260869564,-0.027996553571549298,0.4910744426989271
1.6608695652173913,-0.02810076904257695,0.49353052971816336
1.6673913043478261,-0.028203595451638353,0.49596664341622976
1.6739130434782608,-0.028305044110120636,0.49838297954868876
1.6804347826086956,-0.028405126245479063,0.5007797336211499
1.6869565217391305,-0.028503853001848652,0.503157100816925
1.693478260869565,-0.028601235440650897,0.505515275927112
1.7,-0.028697284541196282,0.5078544532830878
1.7065217391304348,-0.028792011201282424,0.5101748266913819
1.7130434782608694,-0.028885426237787698,0.5124765893709035
1.7195652173913043,-0.028977540387260557,0.5147599338925005
1.7260869565217392,-0.02906836430650467,0.5170250521208042
1.7326086956521738,-0.02915790857315968,0.519272135158341
1.7391304347826086,-0.029246183686277544,0.5215013732918792
1.7456521739130435,-0.029333200066895125,0.5237129559409619
1.7521739130434781,-0.02941896805860203,0.5259070716086036
1.758695652173913,-0.02950349792810473,0.5280839078341105
1.7652173913043478,-0.02958679986578644,0.5302436511479814
1.7717391304347825,-0.02966888398626267,0.532386487028856
1.7782608695652173,-0.02974976032893313,0.534512599862472
1.7847826086956522,-0.029829438858529296,0.5366221729025873
1.7913043478260868,-0.02990792946565797,0.5387153882338278
1.7978260869565217,-0.029985241967341137,0.5407924267364191
1.8043478260869565,-0.03006138610755164,0.5428534680527661
1.8108695652173912,-0.03013637155774498,0.5448986905558325
1.817391304347826,-0.03021020791738719,0.5469282713192783
1.8239130434782609,-0.03028290471447914,0.5489423860893202
1.8304347826086955,-0.030354471406076472,0.5509412092582625
1.8369565217391304,-0.030424917378806395,0.5529249138396695
1.8434782608695652,-0.030494251949380182,0.5548936714451209
1.8499999999999999,-0.0305624843651021,0.5568476522625238
1.8565217391304347,-0.030629623804374752,0.5587870250359295
1.8630434782608696,-0.03069567937720046,0.5607119570468173
1.8695652173913042,-0.030760660125679434,0.562622614096803
1.876086956521739,-0.030824575024503593,0.5645191604917293
1.882608695652174,-0.03088743298144761,0.5664017590271038
1.8891304347826086,-0.03094924283785566,0.5682705709748332
1.8956521739130434,-0.03101001336912523,0.5701257560712253
1.9021739130434783,-0.03106975328518677,0.5719674725062088
1.908695652173913,-0.03112847123098041,0.5737958769137432
1.9152173913043478,-0.03118617578692887,0.5756111243633659
1.9217391304347826,-0.031242875469406975,0.5774133683528518
1.9282608695652173,-0.03129857873120791,0.579202760801943
1.934782608695652,-0.031353293962005716,0.5809794520471067
1.941304347826087,-0.0314070294888149,0.582743590837292
1.9478260869565216,-0.031459793576446335,0.5844953243306474
1.9543478260869565,-0.03151159442795975,0.5862347980921634
1.9608695652173913,-0.03156244018511352,0.587962156092206
1.967391304347826,-0.03161233892881033,0.5896775407059064
1.9739130434782608,-0.03166129867954029,0.5913810927133767
1.9804347826086957,-0.031709327397820494,0.5930729513007157
1.9869565217391303,-0.03175643298463138,0.5947532540617763
1.9934782608695651,-0.03180262328185007,0.5964221370006578
2.0,-0.03184790607268038,0.5980797345349022
