date,expiry,strike,x,D,q,premium400,premium800,premium1600,last_change,european_error1600
2026-03-30,2026-04-10,96.125,19.5,0.9988844280107585,102.38397669420924,4.1710271971306945e-06,4.178396741508217e-06,4.184534259751849e-06,6.137518243631845e-09,4.920483220566263e-05
2026-03-30,2026-04-10,96.3125,0.75,0.9988844280107585,102.38397669420924,0.00047198836123651944,0.00047049039228141964,0.00047128350371439254,7.931114329728928e-07,0.00014541994495909094
2026-03-30,2026-04-10,96.5625,-24.25,0.9988844280107585,102.38397669420924,8.87278611413217e-07,8.704252444195759e-07,8.678352521850063e-07,2.5899922345695714e-09,1.2306192510188468e-05
2026-03-30,2026-05-15,96.1875,13.25,0.9953322350445464,334.4232385020712,0.0010380086841728087,0.0010470606107748637,0.0010464642093879206,5.964013869430573e-07,0.0001577113843440614
2026-03-30,2026-05-15,96.3125,0.75,0.9953322350445464,334.4232385020712,0.0045830081347801865,0.004602709571495112,0.004616134545763373,1.342497426826128e-05,-0.0007930762083194765
2026-03-30,2026-05-15,96.5625,-24.25,0.9953322350445464,334.4232385020712,0.00022203368908724208,0.0002236763216095783,0.00022397238806848296,2.9606645890467576e-07,0.00019516431751631647
2026-03-30,2026-06-12,96.125,19.5,0.9924886981158931,504.26844461734765,0.0015672484732642822,0.0015604690023769408,0.0015659522379625201,5.4832355855793935e-06,-0.0006636119173384358
2026-03-30,2026-06-12,96.3125,0.75,0.9924886981158931,504.26844461734765,0.00988103366415416,0.00991442055918057,0.009937668529840238,2.324797065966777e-05,8.129517639332562e-05
2026-03-30,2026-06-12,96.5625,-24.25,0.9924886981158931,504.26844461734765,0.0009075374496592126,0.0009128261420312533,0.0009174434806427101,4.617338611456745e-06,-0.0005055283710544423
2026-03-30,2026-07-10,96.0625,24.75,0.9896594784974293,2237.144913223287,0.010749370468150943,0.010712705043658843,0.01075196249532162,3.92574516627775e-05,-0.0013715023947185045
2026-03-30,2026-07-10,96.3125,-0.25,0.9896594784974293,2237.144913223287,0.03203545884539594,0.0320471342405142,0.0320570618349727,9.927594458503108e-06,-0.0010421504431477047
2026-03-30,2026-07-10,96.5,-19.0,0.9896594784974293,2237.144913223287,0.014006621477403058,0.014037824459594006,0.014066987437686862,2.916297809285595e-05,0.0005340183225523987
2026-03-30,2026-08-14,96.0625,24.75,0.9861434595546477,2795.397545778616,0.018953088468075308,0.019042803815343845,0.01908949719871167,4.6693383367824026e-05,-0.000219335640624152
2026-03-30,2026-08-14,96.3125,-0.25,0.9861434595546477,2795.397545778616,0.05043364229408098,0.050450888483968725,0.05046410299022952,1.3214506260794678e-05,-0.001353684391329324
2026-03-30,2026-08-14,96.5,-19.0,0.9861434595546477,2795.397545778616,0.024150945033671434,0.024238706412706534,0.024219573784797888,1.9132627908646782e-05,0.0007775542964605364
2026-03-30,2026-09-11,96.0625,24.75,0.983340146604487,3176.992079455226,0.02686741120315972,0.026858027027598652,0.02689922021047053,4.119318287187923e-05,-0.0008725470276278458
2026-03-30,2026-09-11,96.3125,-0.25,0.983340146604487,3176.992079455226,0.0667526097342197,0.06677743469476383,0.06679282200046188,1.5387305698055798e-05,-0.0015496251751940804
2026-03-30,2026-09-11,96.5,-19.0,0.983340146604487,3176.992079455226,0.03361170405537628,0.033521757219732606,0.03361111057698274,8.93533572501326e-05,5.300660411577951e-05
2026-03-30,2026-12-11,96.125,20.5,0.9742557970575239,7753.126364981225,0.10885792924836579,0.10919278957250711,0.10919725841172578,4.468839218674248e-06,0.002121308165332181
2026-03-30,2026-12-11,96.3125,1.75,0.9742557970575239,7753.126364981225,0.16830152075377214,0.16860883076912359,0.16881358092037857,0.0002047501512549843,0.0026191080935191735
2026-03-30,2026-12-11,96.5625,-23.25,0.9742557970575239,7753.126364981225,0.10225797056064678,0.10207747339931217,0.10233266520953421,0.00025519181022204407,-0.002435474588526887
2026-03-30,2027-03-12,96.125,23.0,0.965268529278572,13010.46868228705,0.21431909504762814,0.21495999374476327,0.21526329277777734,0.0003032990330140706,0.00237962544922965
2026-03-30,2027-03-12,96.375,-2.0,0.965268529278572,13010.46868228705,0.31263181471486945,0.31311908523083076,0.3134380772339753,0.0003189920031445581,0.0030585181584044108
2026-03-30,2027-03-12,96.5625,-20.75,0.965268529278572,13010.46868228705,0.2240174482021402,0.224593519760532,0.22436209392837014,0.00023142583216184676,-0.00025222037422167887
2026-06-16,2026-07-10,96.0,24.0,0.9975966591618612,131.19552813636184,6.434197048266199e-06,6.449448060316665e-06,6.460382646303331e-06,1.0934585986666079e-08,3.3073600663124925e-05
2026-06-16,2026-07-10,96.25,-1.0,0.9975966591618612,131.19552813636184,0.001239822166843929,0.0012321143836686588,0.0012376779660723258,5.563582403667056e-06,-0.0006417814207342332
2026-06-16,2026-07-10,96.4375,-19.75,0.9975966591618612,131.19552813636184,2.133612114338379e-05,2.092436651751628e-05,2.1018586352311575e-05,9.421983479529494e-08,-1.6449111342381473e-05
2026-06-16,2026-08-14,96.0,24.0,0.99406541573672,231.81307409348054,0.00011923100309901846,0.0001202182919392003,0.00012001708675257738,2.0120518662292142e-07,0.00011920116372854395
2026-06-16,2026-08-14,96.25,-1.0,0.99406541573672,231.81307409348054,0.004804007956589196,0.004817153919646877,0.004812145943148494,5.007976498383471e-06,0.00046917090000331285
2026-06-16,2026-08-14,96.4375,-19.75,0.99406541573672,231.81307409348054,0.00026819944128564366,0.00026476118499363377,0.0002663015646426903,1.5403796490565114e-06,-0.00030441448955154105
2026-06-16,2026-09-11,96.0,24.0,0.9912238315995687,315.0378203819214,0.0004130294013181546,0.000415626488432963,0.00041524755609845254,3.7893233451047337e-07,1.8230795619800233e-05
2026-06-16,2026-09-11,96.25,-1.0,0.9912238315995687,315.0378203819214,0.008947909064354498,0.008992394405115789,0.008980660160307075,1.1734244808714323e-05,0.0002871451833783567
2026-06-16,2026-09-11,96.4375,-19.75,0.9912238315995687,315.0378203819214,0.0007948659350265341,0.0007919889390934909,0.0007934682731529641,1.479334059473203e-06,0.0001622978958528698
2026-06-16,2026-10-16,95.9375,17.75,0.9876595736811778,1403.2234811406654,0.011589358862519994,0.01165273856700022,0.011683234937970965,3.049637097074509e-05,-0.0013921294909611248
2026-06-16,2026-10-16,96.125,-1.0,0.9876595736811778,1403.2234811406654,0.029743677378318623,0.029823580586763043,0.02987724135485159,5.366076808854814e-05,0.0009652455634370227
2026-06-16,2026-10-16,96.3125,-19.75,0.9876595736811778,1403.2234811406654,0.010331874286559461,0.01032383970868267,0.010348945374574647,2.5105665891977935e-05,-0.0002696878447583373
2026-06-16,2026-11-13,96.0,11.5,0.9847935315340746,1671.503495962468,0.024566339229419754,0.02463608456029398,0.02467212807890462,3.6043518610640035e-05,0.0012058971903332605
2026-06-16,2026-11-13,96.125,-1.0,0.9847935315340746,1671.503495962468,0.04163446737199905,0.04173541508584222,0.04180215502665874,6.673994081651813e-05,0.0011913574316810838
2026-06-16,2026-11-13,96.25,-13.5,0.9847935315340746,1671.503495962468,0.022204382719348104,0.022182001543630037,0.0222282345792717,4.623303564166292e-05,0.0009670118301965402
2026-06-16,2026-12-11,95.875,24.0,0.9819069484079906,1938.251995933364,0.018114384612034407,0.01824236673163071,0.01821729874172373,2.506798990697945e-05,0.0010546893078586805
2026-06-16,2026-12-11,96.125,-1.0,0.9819069484079906,1938.251995933364,0.05517786585452811,0.0553008532825956,0.05538142355068132,8.057026808572232e-05,0.0013373536179379641
2026-06-16,2026-12-11,96.3125,-19.75,0.9819069484079906,1938.251995933364,0.022553476940881723,0.022591180619789597,0.022632717195206098,4.153657541650091e-05,0.000925864826472278
2026-06-16,2027-03-12,95.8125,24.75,0.9723747345622263,4806.649073679594,0.07150909363130964,0.07165944309924654,0.07166406219107557,4.619091829027866e-06,0.0004128780301932977
2026-06-16,2027-03-12,96.0625,-0.25,0.9723747345622263,4806.649073679594,0.14931145673389068,0.14935717792840109,0.14938546408241038,2.8286154009293796e-05,-0.002278103276371013
2026-06-16,2027-03-12,96.25,-19.0,0.9723747345622263,4806.649073679594,0.08541022506738472,0.08548890377007012,0.0856406227959603,0.0001517190258901735,0.001305886535003964
2026-06-16,2027-06-11,95.875,18.5,0.9627872845095762,7896.352198077287,0.17871364595000117,0.17923852607376034,0.17962870869842362,0.00039018262466328224,-0.00035106996396550016
2026-06-16,2027-06-11,96.0625,-0.25,0.9627872845095762,7896.352198077287,0.27314723668911967,0.2732030388482798,0.27324725931878646,4.422047050667288e-05,-0.003389951745411679
2026-06-16,2027-06-11,96.25,-19.0,0.9627872845095762,7896.352198077287,0.17660902900887976,0.1771324930072815,0.17762858107946045,0.0004960880721789351,-0.003385918942676369
2026-09-14,2026-10-16,95.6875,6.75,0.9965791618279113,492.18035324935266,0.0022729556108807003,0.0022930857631777712,0.002291114235792868,1.971527384903027e-06,-0.001112952629039654
2026-09-14,2026-10-16,95.75,0.5,0.9965791618279113,492.18035324935266,0.004044607453248972,0.004054958308435275,0.004062447063361674,7.4887549263991104e-06,0.0006854969025287261
2026-09-14,2026-10-16,96.0,-24.5,0.9965791618279113,492.18035324935266,0.00034676272430411714,0.0003476330727527621,0.00034621577305693485,1.4172996958272677e-06,0.0003745976189475364
2026-09-14,2026-11-13,95.6875,6.75,0.993521162444998,874.1439412703043,0.00739151886060796,0.007417069342430693,0.007422531565156376,5.462222725682864e-06,0.0003344439543191413
2026-09-14,2026-11-13,95.75,0.5,0.993521162444998,874.1439412703043,0.011350641103776482,0.011372429340729795,0.011387365901619262,1.4936560889466932e-05,0.0007836705822228396
2026-09-14,2026-11-13,96.0,-24.5,0.993521162444998,874.1439412703043,0.0019028850572442302,0.0019089417458570956,0.0019162187240944206,7.2769782373249825e-06,-0.0003854695546188225
2026-09-14,2026-12-11,95.5625,19.25,0.9904041626904742,1176.4555470455343,0.006511359634583158,0.006547388225638606,0.0065678959968415995,2.0507771202993297e-05,-0.0014004530941988946
2026-09-14,2026-12-11,95.75,0.5,0.9904041626904742,1176.4555470455343,0.020853083306498377,0.02088611809859664,0.020908253648096675,2.2135549500035268e-05,0.0007194552784213215
2026-09-14,2026-12-11,96.0,-24.5,0.9904041626904742,1176.4555470455343,0.004562416050992724,0.004583780042650254,0.0045887449811967684,4.964938546514475e-06,0.0008200598483316668
2026-09-14,2027-01-15,95.5,4.5,0.9864325636865926,2953.8157610399476,0.0433640118464389,0.04321214868064516,0.04333940904528788,0.00012726036464272283,-0.0017279281011042258
2026-09-14,2027-01-15,95.5625,-1.75,0.9864325636865926,2953.8157610399476,0.047664930825831675,0.047812934032904764,0.04791222002759099,9.928599468622679e-05,0.0004814060881344062
2026-09-14,2027-01-15,95.75,-20.5,0.9864325636865926,2953.8157610399476,0.023235255984177527,0.02335696202513482,0.02337881654172591,2.1854516591091055e-05,0.000734563492576612
2026-09-14,2027-03-12,95.3125,23.25,0.9799241523685684,4047.9393521740317,0.044173193073319794,0.044441062570641066,0.0443470313141443,9.40312564967627e-05,0.0017338653480631905
2026-09-14,2027-03-12,95.5625,-1.75,0.9799241523685684,4047.9393521740317,0.08922448875284417,0.08945278590941896,0.089603393160548,0.00015060725112903128,0.0015168289058884454
2026-09-14,2027-03-12,95.75,-20.5,0.9799241523685684,4047.9393521740317,0.04856135835747821,0.048631986139209715,0.048691947803103375,5.9961663893659534e-05,0.0017651058652710105
2026-09-14,2027-06-11,95.1875,23.25,0.9690387758432334,7670.929686632817,0.126034402679025,0.1258797250408321,0.12616770380993714,0.00028797876910502396,-0.0016397851076455083
2026-09-14,2027-06-11,95.4375,-1.75,0.9690387758432334,7670.929686632817,0.20830418136196727,0.2086761909718433,0.20891976842052884,0.000243577448685528,0.0025974369082177873
2026-09-14,2027-06-11,95.625,-20.5,0.9690387758432334,7670.929686632817,0.13433617542468212,0.1347413067899268,0.1347235780343219,1.772875560490661e-05,0.0022927621995059155
2026-09-14,2027-09-10,95.25,13.0,0.9579759382485289,11314.079546945959,0.2956016473009768,0.29726777775740487,0.29700739497364026,0.0002603827837646122,-0.0007761673613018161
2026-09-14,2027-09-10,95.375,0.5,0.9579759382485289,11314.079546945959,0.37637710401934044,0.3765402196641574,0.3766465668309351,0.00010634716677770939,-0.002664689760969452
2026-09-14,2027-09-10,95.625,-24.5,0.9579759382485289,11314.079546945959,0.2362228397227497,0.2369054323772417,0.2370262963550438,0.00012086397780208813,0.0018713249402715348
