trade_date,independent_chain_bp,expiry_gap_bp,constant_bp,cell90_bp,cross_chain_increment_bp,constant_increment_bp,cell90_increment_bp
2026-03-30,1.9085426330566406,1.9085121154785156,1.9085121154785156,1.9085121154785156,0,0,0
2026-03-31,2.04931640625,2.04923677444458,2.04923677444458,2.04923677444458,0,0,0
2026-04-01,1.9353866577148438,1.935410499572754,1.935410499572754,1.935410499572754,2.384185791015625e-05,0,0
2026-04-02,1.7585983276367188,1.7585639953613281,1.7585639953613281,1.7585639953613281,0,0,0
2026-04-03,1.8963918685913086,1.8964290618896484,2.0383358001708984,1.8964290618896484,3.719329833984375e-05,0.14190673828125,0
2026-04-06,1.9773950576782227,1.9774284362792969,2.127767562866211,1.9774284362792969,3.337860107421875e-05,0.15033912658691406,0
2026-04-07,2.074793815612793,2.0747947692871094,2.360210418701172,2.0747947692871094,9.5367431640625e-07,0.2854156494140625,0
2026-04-08,1.6305656433105467,1.6306161880493164,1.7193841934204102,1.6306161880493164,5.0544738769753295e-05,0.08876800537109375,0
2026-04-09,1.650437355041504,1.6504526138305664,1.6508698463439941,1.6504526138305664,1.52587890625e-05,0.0004172325134277344,0
2026-04-10,1.596038818359375,1.5960845947265625,1.5960845947265625,1.5960845947265625,4.57763671875e-05,0,0
2026-04-13,1.7190399169921875,1.7190170288085938,1.9004631042480469,1.7190170288085938,0,0.18144607543945312,0
2026-04-14,1.8690166473388672,1.8689746856689449,2.0595283508300777,1.8689746856689449,0,0.1905536651611328,0
2026-04-15,1.7569599151611328,1.7568812370300293,1.8672895431518555,1.7568812370300293,0,0.11040830612182617,0
2026-04-16,1.7978401184082031,1.7978296279907222,1.7978296279907222,1.7978296279907222,0,0,0
2026-04-17,1.791910171508789,1.791908740997315,1.791908740997315,1.791908740997315,0,0,0
2026-04-21,1.5274620056152344,1.5274643898010252,1.7148399353027342,1.5274643898010252,2.3841857907935804e-06,0.18737554550170898,0
2026-04-22,1.6399497985839844,1.6399784088134763,1.6399784088134763,1.6399784088134763,2.8610229491965455e-05,0,0
2026-04-23,1.53350830078125,1.533536434173584,1.7481703758239746,1.533536434173584,2.8133392333984375e-05,0.21463394165039062,0
2026-04-24,1.5414628982543945,1.5414409637451172,1.8616609573364258,1.5414409637451172,0,0.3202199935913086,0
2026-04-27,1.48614501953125,1.4861092567443848,1.8194265365600586,1.4861092567443848,0,0.33331727981567383,0
2026-04-28,1.4519023895263672,1.451894760131836,1.775461196899414,1.451894760131836,0,0.3235664367675781,0
2026-04-29,2.078115463256836,2.078125,2.3307242393493652,2.078125,9.5367431640625e-06,0.25259923934936523,0
2026-04-30,1.7038898468017578,1.7038536071777344,1.922830581665039,1.7038536071777344,0,0.2189769744873047,0
2026-05-05,1.5743350982666016,1.5743494033813477,1.9758825302124023,1.5743494033813477,1.430511474609375e-05,0.4015331268310547,0
2026-05-06,1.6839103698730469,1.6839523315429688,1.984130859375,1.6839523315429688,4.1961669921875e-05,0.30017852783203125,0
2026-05-08,1.7168617248535156,1.7168350219726562,1.833648681640625,1.7168350219726562,0,0.11681365966796875,0
2026-05-11,1.4464187622070312,1.4464187622070312,1.7164421081542969,1.4464187622070312,0,0.2700233459472656,0
2026-05-13,1.5352554321289062,1.5352153778076172,1.7645378112792969,1.5352153778076172,0,0.2293224334716797,0
2026-05-19,1.8791770935058594,1.8791913986206055,1.9380583763122559,1.8791913986206055,1.430511474609375e-05,0.05886697769165039,0
2026-05-21,2.088346481323242,2.0883355140686035,2.0883355140686035,2.0883355140686035,0,0,0
2026-05-22,2.336883544921875,2.3368663787841797,2.3368663787841797,2.3368663787841797,0,0,0
2026-05-26,2.072633743286133,2.07266902923584,2.07266902923584,2.07266902923584,3.528594970703125e-05,0,0
2026-05-27,1.9525146484375,1.952528953552246,1.952528953552246,1.952528953552246,1.430511474609375e-05,0,0
2026-05-28,1.7702522277832031,1.7702293395996094,1.7702293395996094,1.7702293395996094,0,0,0
2026-05-29,1.4784021377563477,1.478398323059082,1.478398323059082,1.478398323059082,0,0,0
2026-06-03,1.7947711944580078,1.7947063446044922,1.7947063446044922,1.7947063446044922,0,0,0
2026-06-09,1.3009929656982422,1.3009905815124512,1.3009905815124512,1.3009905815124512,0,0,0
2026-06-10,1.2547798156738281,1.2547969818115234,1.2547969818115234,1.2547969818115234,1.71661376953125e-05,0,0
2026-06-12,1.26214599609375,1.2621402740478516,1.2621402740478516,1.2621402740478516,0,0,0
2026-06-16,1.3230543136596677,1.3230667114257812,1.3230667114257812,1.3230667114257812,1.2397766113503295e-05,0,0
2026-06-18,0.6857872009277344,0.6858134269714355,0.6858134269714355,0.6858134269714355,2.6226043701171875e-05,0,0
2026-06-22,0.5098013877868652,0.5098013877868652,0.5098013877868652,0.5098013877868652,0,0,0
2026-06-24,0.6227951049804688,0.6228246688842773,0.6228246688842773,0.6228246688842773,2.956390380859375e-05,0,0
2026-06-25,0.8791923522949219,0.8792123794555664,0.8792123794555664,0.8792123794555664,2.002716064453125e-05,0,0
2026-06-29,0.889617919921875,0.889653205871582,0.889653205871582,0.889653205871582,3.528594970703125e-05,0,0
2026-07-01,0.8068084716796875,0.8068170547485352,0.8068170547485352,0.8068170547485352,8.58306884765625e-06,0,0
2026-07-02,0.8982353210449219,0.8981938362121582,0.8981938362121582,0.8981938362121582,0,0,0
2026-07-07,1.0689849853515625,1.0689964294433594,1.0689964294433594,1.0689964294433594,1.1444091796875e-05,0,0
2026-07-08,1.0571823120117188,1.0571980476379395,1.0571980476379395,1.0571980476379395,1.5735626220703125e-05,0,0
2026-07-09,1.0191287994384766,1.019144058227539,1.019144058227539,1.019144058227539,1.52587890625e-05,0,0
2026-07-13,0.6584472656249999,0.6584205627441406,0.6584205627441406,0.6584205627441406,0,0,0
2026-07-14,0.8199615478515625,0.819915771484375,0.819915771484375,0.819915771484375,0,0,0
2026-07-16,0.9396142959594727,0.9395933151245117,0.9395933151245117,0.9395933151245117,0,0,0
2026-07-17,0.7784423828125,0.7784090042114258,0.7784090042114258,0.7784090042114258,0,0,0
2026-07-21,0.7498092651367188,0.7497525215148926,0.7497525215148926,0.7497525215148926,0,0,0
2026-07-22,0.6547927856445312,0.6548023223876953,0.6548023223876953,0.6548023223876953,9.5367431640625e-06,0,0
2026-07-23,0.4987621307373047,0.498809814453125,0.498809814453125,0.498809814453125,4.76837158203125e-05,0,0
2026-07-24,0.639404296875,0.6393938064575195,0.6393938064575195,0.6393938064575195,0,0,0
2026-07-29,0.574310302734375,0.5742745399475098,0.584932804107666,0.584932804107666,0,0.01065826416015625,0.01065826416015625
2026-07-30,0.4523591995239258,0.4523591995239258,0.4523591995239258,0.4523591995239258,0,0,0
2026-07-31,0.45951080322265625,0.4594731330871582,0.47627925872802734,0.47627925872802734,0,0.01680612564086914,0.01680612564086914
2026-08-03,0.458038330078125,0.4580078125,0.4580078125,0.4580078125,0,0,0
2026-08-12,0.8681507110595703,0.8681135177612305,0.8681135177612305,0.8681135177612305,0,0,0
2026-08-13,1.5414505004882815,1.541428565979004,1.541428565979004,1.541428565979004,0,0,0
2026-08-14,1.4882564544677734,1.4882469177246094,1.4882469177246094,1.4882469177246094,0,0,0
2026-08-18,1.4757728576660156,1.4757709503173828,1.4757709503173828,1.4757709503173828,0,0,0
2026-08-20,1.3753051757812498,1.3753175735473633,1.3753175735473633,1.3753175735473633,1.2397766113503295e-05,0,0
2026-08-24,0.9690876007080078,0.9691143035888672,0.9691143035888672,0.9691143035888672,2.6702880859375e-05,0,0
2026-08-25,1.0183753967285156,1.0183210372924805,1.0183210372924805,1.0183210372924805,0,0,0
2026-08-27,0.9190521240234375,0.9190349578857422,0.9190349578857422,0.9190349578857422,0,0,0
2026-08-28,0.6636428833007812,0.6636428833007812,2.024517059326172,0.8676338195800781,0,1.3608741760253906,0.20399093627929688
2026-09-01,0.5030035972595215,0.5030035972595215,2.2190213203430176,1.0046958923339844,0,1.716017723083496,0.5016922950744629
2026-09-02,0.4743533134460449,0.4743533134460449,2.1234774589538574,1.0046625137329102,0,1.6491241455078125,0.5303092002868652
2026-09-03,0.5699396133422852,0.5699396133422852,2.1530985832214355,1.113295555114746,0,1.5831589698791504,0.5433559417724609
2026-09-04,0.5207805633544922,0.5207180976867676,2.132722854614258,1.0936522483825684,0,1.6120047569274902,0.5729341506958008
2026-09-08,0.5980186462402344,0.5980186462402344,2.2542476654052734,1.2618465423583984,0,1.656229019165039,0.6638278961181641
2026-09-11,0.64105224609375,0.6410360336303711,0.6410360336303711,0.6410360336303711,0,0,0
2026-09-14,0.786529541015625,0.7865352630615234,2.5851688385009766,1.4660825729370117,5.7220458984375e-06,1.7986335754394531,0.6795473098754883
