trade_date,background,min_tolerance_bp,nearest_strike_min_tolerance_bp,feasible_025,feasible_050,feasible_100
2026-03-30,constant,1.9085121154785156,0.37325477600097656,False,False,False
2026-03-30,90day,1.9085121154785156,0.37325477600097656,False,False,False
2026-03-30,gap,1.9085121154785156,8.20159912109375e-05,False,False,False
2026-03-31,constant,2.04923677444458,0.6214413642883301,False,False,False
2026-03-31,90day,2.04923677444458,0.6214413642883301,False,False,False
2026-03-31,gap,2.04923677444458,7.486343383789062e-05,False,False,False
2026-04-01,constant,1.935410499572754,0.5631923675537109,False,False,False
2026-04-01,90day,1.935410499572754,0.5631923675537109,False,False,False
2026-04-01,gap,1.935410499572754,7.152557373046875e-05,False,False,False
2026-04-02,constant,1.7585639953613281,0.7036285400390625,False,False,False
2026-04-02,90day,1.7585639953613281,0.7036285400390625,False,False,False
2026-04-02,gap,1.7585639953613281,7.2479248046875e-05,False,False,False
2026-04-03,constant,2.0383358001708984,0.35490989685058594,False,False,False
2026-04-03,90day,1.8964290618896484,0.35490989685058594,False,False,False
2026-04-03,gap,1.8964290618896484,7.152557373046875e-05,False,False,False
2026-04-06,constant,2.127767562866211,0.27623748779296875,False,False,False
2026-04-06,90day,1.9774284362792969,7.104873657226562e-05,False,False,False
2026-04-06,gap,1.9774284362792969,7.104873657226562e-05,False,False,False
2026-04-07,constant,2.360210418701172,0.4832291603088379,False,False,False
2026-04-07,90day,2.0747947692871094,0.02475261688232422,False,False,False
2026-04-07,gap,2.0747947692871094,6.914138793945312e-05,False,False,False
2026-04-08,constant,1.7193841934204102,0.18900394439697266,False,False,False
2026-04-08,90day,1.6306161880493164,6.198883056640625e-05,False,False,False
2026-04-08,gap,1.6306161880493164,6.198883056640625e-05,False,False,False
2026-04-09,constant,1.6508698463439941,0.11801719665527344,False,False,False
2026-04-09,90day,1.6504526138305664,5.9604644775390625e-05,False,False,False
2026-04-09,gap,1.6504526138305664,5.9604644775390625e-05,False,False,False
2026-04-10,constant,1.5960845947265625,0.08261871337890625,False,False,False
2026-04-10,90day,1.5960845947265625,5.6743621826171875e-05,False,False,False
2026-04-10,gap,1.5960845947265625,5.6743621826171875e-05,False,False,False
2026-04-13,constant,1.9004631042480469,0.42903900146484375,False,False,False
2026-04-13,90day,1.7190170288085938,0.03948211669921875,False,False,False
2026-04-13,gap,1.7190170288085938,5.7220458984375e-05,False,False,False
2026-04-14,constant,2.0595283508300777,0.575366973876953,False,False,False
2026-04-14,90day,1.8689746856689449,0.15830612182617185,False,False,False
2026-04-14,gap,1.8689746856689449,5.531311035156249e-05,False,False,False
2026-04-15,constant,1.8672895431518555,0.4656229019165039,False,False,False
2026-04-15,90day,1.7568812370300293,0.11107778549194336,False,False,False
2026-04-15,gap,1.7568812370300293,5.5789947509765625e-05,False,False,False
2026-04-16,constant,1.7978296279907222,0.341649055480957,False,False,False
2026-04-16,90day,1.7978296279907222,5.435943603515624e-05,False,False,False
2026-04-16,gap,1.7978296279907222,5.435943603515624e-05,False,False,False
2026-04-17,constant,1.791908740997315,0.39135646820068365,False,False,False
2026-04-17,90day,1.791908740997315,5.292892456054688e-05,False,False,False
2026-04-17,gap,1.791908740997315,5.292892456054688e-05,False,False,False
2026-04-21,constant,1.7148399353027342,0.5539011955261229,False,False,False
2026-04-21,90day,1.5274643898010252,5.483627319335937e-05,False,False,False
2026-04-21,gap,1.5274643898010252,5.483627319335937e-05,False,False,False
2026-04-22,constant,1.6399784088134763,0.4539546966552733,False,False,False
2026-04-22,90day,1.6399784088134763,5.531311035156249e-05,False,False,False
2026-04-22,gap,1.6399784088134763,5.531311035156249e-05,False,False,False
2026-04-23,constant,1.7481703758239746,0.47115612030029297,False,False,False
2026-04-23,90day,1.533536434173584,5.7697296142578125e-05,False,False,False
2026-04-23,gap,1.533536434173584,5.7697296142578125e-05,False,False,False
2026-04-24,constant,1.8616609573364258,0.5890893936157227,False,False,False
2026-04-24,90day,1.5414409637451172,5.7697296142578125e-05,False,False,False
2026-04-24,gap,1.5414409637451172,5.7697296142578125e-05,False,False,False
2026-04-27,constant,1.8194265365600586,0.596705436706543,False,False,False
2026-04-27,90day,1.4861092567443848,5.7697296142578125e-05,False,False,False
2026-04-27,gap,1.4861092567443848,5.7697296142578125e-05,False,False,False
2026-04-28,constant,1.775461196899414,0.5921473503112793,False,False,False
2026-04-28,90day,1.451894760131836,5.7697296142578125e-05,False,False,False
2026-04-28,gap,1.451894760131836,5.7697296142578125e-05,False,False,False
2026-04-29,constant,2.3307242393493652,0.4468526840209961,False,False,False
2026-04-29,90day,2.078125,0.24911117553710938,False,False,False
2026-04-29,gap,2.078125,6.341934204101562e-05,False,False,False
2026-04-30,constant,1.922830581665039,0.5010223388671875,False,False,False
2026-04-30,90day,1.7038536071777344,0.13161277770996094,False,False,False
2026-04-30,gap,1.7038536071777344,6.29425048828125e-05,False,False,False
2026-05-05,constant,1.9758825302124023,0.6520471572875977,False,False,False
2026-05-05,90day,1.5743494033813477,0.047181129455566406,False,False,False
2026-05-05,gap,1.5743494033813477,6.580352783203125e-05,False,False,False
2026-05-06,constant,1.984130859375,0.4502677917480469,False,False,False
2026-05-06,90day,1.6839523315429688,0.11976385116577148,False,False,False
2026-05-06,gap,1.6839523315429688,6.151199340820312e-05,False,False,False
2026-05-08,constant,1.833648681640625,0.3158855438232422,False,False,False
2026-05-08,90day,1.7168350219726562,0.10744762420654297,False,False,False
2026-05-08,gap,1.7168350219726562,5.817413330078125e-05,False,False,False
2026-05-11,constant,1.7164421081542969,0.4686927795410156,False,False,False
2026-05-11,90day,1.4464187622070312,5.7220458984375e-05,False,False,False
2026-05-11,gap,1.4464187622070312,5.7220458984375e-05,False,False,False
2026-05-13,constant,1.7645378112792969,0.42391490936279297,False,False,False
2026-05-13,90day,1.5352153778076172,5.817413330078125e-05,False,False,False
2026-05-13,gap,1.5352153778076172,5.817413330078125e-05,False,False,False
2026-05-19,constant,1.9380583763122559,0.40425682067871094,False,False,False
2026-05-19,90day,1.8791913986206055,6.151199340820312e-05,False,False,False
2026-05-19,gap,1.8791913986206055,6.151199340820312e-05,False,False,False
2026-05-21,constant,2.0883355140686035,0.28196239471435547,False,False,False
2026-05-21,90day,2.0883355140686035,6.341934204101562e-05,False,False,False
2026-05-21,gap,2.0883355140686035,6.341934204101562e-05,False,False,False
2026-05-22,constant,2.3368663787841797,0.23517608642578125,False,False,False
2026-05-22,90day,2.3368663787841797,6.532669067382812e-05,False,False,False
2026-05-22,gap,2.3368663787841797,6.532669067382812e-05,False,False,False
2026-05-26,constant,2.07266902923584,0.19990301132202148,False,False,False
2026-05-26,90day,2.07266902923584,6.0558319091796875e-05,False,False,False
2026-05-26,gap,2.07266902923584,6.0558319091796875e-05,False,False,False
2026-05-27,constant,1.952528953552246,0.2288818359375,False,False,False
2026-05-27,90day,1.952528953552246,5.9604644775390625e-05,False,False,False
2026-05-27,gap,1.952528953552246,5.9604644775390625e-05,False,False,False
2026-05-28,constant,1.7702293395996094,0.243988037109375,False,False,False
2026-05-28,90day,1.7702293395996094,5.7220458984375e-05,False,False,False
2026-05-28,gap,1.7702293395996094,5.7220458984375e-05,False,False,False
2026-05-29,constant,1.478398323059082,0.29892539978027344,False,False,False
2026-05-29,90day,1.478398323059082,5.6743621826171875e-05,False,False,False
2026-05-29,gap,1.478398323059082,5.6743621826171875e-05,False,False,False
2026-06-03,constant,1.7947063446044922,0.37871360778808594,False,False,False
2026-06-03,90day,1.7947063446044922,5.91278076171875e-05,False,False,False
2026-06-03,gap,1.7947063446044922,5.91278076171875e-05,False,False,False
2026-06-09,constant,1.3009905815124512,5.9604644775390625e-05,False,False,False
2026-06-09,90day,1.3009905815124512,5.9604644775390625e-05,False,False,False
2026-06-09,gap,1.3009905815124512,5.9604644775390625e-05,False,False,False
2026-06-10,constant,1.2547969818115234,5.9604644775390625e-05,False,False,False
2026-06-10,90day,1.2547969818115234,5.9604644775390625e-05,False,False,False
2026-06-10,gap,1.2547969818115234,5.9604644775390625e-05,False,False,False
2026-06-12,constant,1.2621402740478516,7.295608520507812e-05,False,False,False
2026-06-12,90day,1.2621402740478516,7.295608520507812e-05,False,False,False
2026-06-12,gap,1.2621402740478516,7.295608520507812e-05,False,False,False
2026-06-16,constant,1.3230667114257812,6.4849853515625e-05,False,False,False
2026-06-16,90day,1.3230667114257812,6.4849853515625e-05,False,False,False
2026-06-16,gap,1.3230667114257812,6.4849853515625e-05,False,False,False
2026-06-18,constant,0.6858134269714355,0.1073765754699707,False,False,True
2026-06-18,90day,0.6858134269714355,0.1073765754699707,False,False,True
2026-06-18,gap,0.6858134269714355,6.914138793945312e-05,False,False,True
2026-06-22,constant,0.5098013877868652,0.2501692771911621,False,False,True
2026-06-22,90day,0.5098013877868652,0.2501692771911621,False,False,True
2026-06-22,gap,0.5098013877868652,7.009506225585938e-05,False,False,True
2026-06-24,constant,0.6228246688842773,0.1186985969543457,False,False,True
2026-06-24,90day,0.6228246688842773,0.11373376846313477,False,False,True
2026-06-24,gap,0.6228246688842773,6.532669067382812e-05,False,False,True
2026-06-25,constant,0.8792123794555664,0.04036712646484375,False,False,True
2026-06-25,90day,0.8792123794555664,0.04036712646484375,False,False,True
2026-06-25,gap,0.8792123794555664,6.818771362304688e-05,False,False,True
2026-06-29,constant,0.889653205871582,0.09289932250976562,False,False,True
2026-06-29,90day,0.889653205871582,0.09289932250976562,False,False,True
2026-06-29,gap,0.889653205871582,6.771087646484375e-05,False,False,True
2026-07-01,constant,0.8068170547485352,0.07626628875732422,False,False,True
2026-07-01,90day,0.8068170547485352,0.07626628875732422,False,False,True
2026-07-01,gap,0.8068170547485352,6.580352783203125e-05,False,False,True
2026-07-02,constant,0.8981938362121582,0.21213340759277344,False,False,True
2026-07-02,90day,0.8981938362121582,0.21213340759277344,False,False,True
2026-07-02,gap,0.8981938362121582,6.246566772460938e-05,False,False,True
2026-07-07,constant,1.0689964294433594,6.341934204101562e-05,False,False,False
2026-07-07,90day,1.0689964294433594,6.341934204101562e-05,False,False,False
2026-07-07,gap,1.0689964294433594,6.341934204101562e-05,False,False,False
2026-07-08,constant,1.0571980476379395,6.437301635742188e-05,False,False,False
2026-07-08,90day,1.0571980476379395,6.437301635742188e-05,False,False,False
2026-07-08,gap,1.0571980476379395,6.437301635742188e-05,False,False,False
2026-07-09,constant,1.019144058227539,0.11846351623535156,False,False,False
2026-07-09,90day,1.019144058227539,0.11846351623535156,False,False,False
2026-07-09,gap,1.019144058227539,6.389617919921875e-05,False,False,False
2026-07-13,constant,0.6584205627441406,6.771087646484375e-05,False,False,True
2026-07-13,90day,0.6584205627441406,6.771087646484375e-05,False,False,True
2026-07-13,gap,0.6584205627441406,6.771087646484375e-05,False,False,True
2026-07-14,constant,0.819915771484375,6.389617919921875e-05,False,False,True
2026-07-14,90day,0.819915771484375,6.389617919921875e-05,False,False,True
2026-07-14,gap,0.819915771484375,6.389617919921875e-05,False,False,True
2026-07-16,constant,0.9395933151245117,0.32727622985839844,False,False,True
2026-07-16,90day,0.9395933151245117,0.32727622985839844,False,False,True
2026-07-16,gap,0.9395933151245117,6.389617919921875e-05,False,False,True
2026-07-17,constant,0.7784090042114258,0.05961418151855469,False,False,True
2026-07-17,90day,0.7784090042114258,0.05961418151855469,False,False,True
2026-07-17,gap,0.7784090042114258,6.341934204101562e-05,False,False,True
2026-07-21,constant,0.7497525215148926,6.437301635742188e-05,False,False,True
2026-07-21,90day,0.7497525215148926,6.437301635742188e-05,False,False,True
2026-07-21,gap,0.7497525215148926,6.437301635742188e-05,False,False,True
2026-07-22,constant,0.6548023223876953,6.437301635742188e-05,False,False,True
2026-07-22,90day,0.6548023223876953,6.437301635742188e-05,False,False,True
2026-07-22,gap,0.6548023223876953,6.437301635742188e-05,False,False,True
2026-07-23,constant,0.498809814453125,0.00293731689453125,False,True,True
2026-07-23,90day,0.498809814453125,6.67572021484375e-05,False,True,True
2026-07-23,gap,0.498809814453125,6.67572021484375e-05,False,True,True
2026-07-24,constant,0.6393938064575195,6.771087646484375e-05,False,False,True
2026-07-24,90day,0.6393938064575195,6.771087646484375e-05,False,False,True
2026-07-24,gap,0.6393938064575195,6.771087646484375e-05,False,False,True
2026-07-29,constant,0.584932804107666,0.38060903549194336,False,False,True
2026-07-29,90day,0.584932804107666,0.38060903549194336,False,False,True
2026-07-29,gap,0.5742745399475098,6.0558319091796875e-05,False,False,True
2026-07-30,constant,0.4523591995239258,0.06477212905883789,False,True,True
2026-07-30,90day,0.4523591995239258,0.06477212905883789,False,True,True
2026-07-30,gap,0.4523591995239258,6.151199340820312e-05,False,True,True
2026-07-31,constant,0.47627925872802734,0.01712322235107422,False,True,True
2026-07-31,90day,0.47627925872802734,0.01712322235107422,False,True,True
2026-07-31,gap,0.4594731330871582,6.341934204101562e-05,False,True,True
2026-08-03,constant,0.4580078125,0.10919857025146484,False,True,True
2026-08-03,90day,0.4580078125,0.10919857025146484,False,True,True
2026-08-03,gap,0.4580078125,6.389617919921875e-05,False,True,True
2026-08-12,constant,0.8681135177612305,5.7697296142578125e-05,False,False,True
2026-08-12,90day,0.8681135177612305,5.7697296142578125e-05,False,False,True
2026-08-12,gap,0.8681135177612305,5.7697296142578125e-05,False,False,True
2026-08-13,constant,1.541428565979004,5.626678466796875e-05,False,False,False
2026-08-13,90day,1.541428565979004,5.626678466796875e-05,False,False,False
2026-08-13,gap,1.541428565979004,5.626678466796875e-05,False,False,False
2026-08-14,constant,1.4882469177246094,5.91278076171875e-05,False,False,False
2026-08-14,90day,1.4882469177246094,5.91278076171875e-05,False,False,False
2026-08-14,gap,1.4882469177246094,5.91278076171875e-05,False,False,False
2026-08-18,constant,1.4757709503173828,5.91278076171875e-05,False,False,False
2026-08-18,90day,1.4757709503173828,5.91278076171875e-05,False,False,False
2026-08-18,gap,1.4757709503173828,5.91278076171875e-05,False,False,False
2026-08-20,constant,1.3753175735473633,5.9604644775390625e-05,False,False,False
2026-08-20,90day,1.3753175735473633,5.9604644775390625e-05,False,False,False
2026-08-20,gap,1.3753175735473633,5.9604644775390625e-05,False,False,False
2026-08-24,constant,0.9691143035888672,6.008148193359375e-05,False,False,True
2026-08-24,90day,0.9691143035888672,6.008148193359375e-05,False,False,True
2026-08-24,gap,0.9691143035888672,6.008148193359375e-05,False,False,True
2026-08-25,constant,1.0183210372924805,5.6743621826171875e-05,False,False,False
2026-08-25,90day,1.0183210372924805,5.6743621826171875e-05,False,False,False
2026-08-25,gap,1.0183210372924805,5.6743621826171875e-05,False,False,False
2026-08-27,constant,0.9190349578857422,5.817413330078125e-05,False,False,True
2026-08-27,90day,0.9190349578857422,5.817413330078125e-05,False,False,True
2026-08-27,gap,0.9190349578857422,5.817413330078125e-05,False,False,True
2026-08-28,constant,2.024517059326172,1.9497871398925781,False,False,False
2026-08-28,90day,0.8676338195800781,0.7121658325195312,False,False,True
2026-08-28,gap,0.6636428833007812,5.7220458984375e-05,False,False,True
2026-09-01,constant,2.2190213203430176,1.9765496253967285,False,False,False
2026-09-01,90day,1.0046958923339844,0.8377432823181152,False,False,False
2026-09-01,gap,0.5030035972595215,5.9604644775390625e-05,False,False,True
2026-09-02,constant,2.1234774589538574,1.9771685600280762,False,False,False
2026-09-02,90day,1.0046625137329102,0.9398045539855957,False,False,False
2026-09-02,gap,0.4743533134460449,6.0558319091796875e-05,False,True,True
2026-09-03,constant,2.1530985832214355,1.9057989120483398,False,False,False
2026-09-03,90day,1.113295555114746,0.964820384979248,False,False,False
2026-09-03,gap,0.5699396133422852,5.9604644775390625e-05,False,False,True
2026-09-04,constant,2.132722854614258,1.8377742767333984,False,False,False
2026-09-04,90day,1.0936522483825684,0.8505158424377441,False,False,False
2026-09-04,gap,0.5207180976867676,5.7697296142578125e-05,False,False,True
2026-09-08,constant,2.2542476654052734,1.7922821044921875,False,False,False
2026-09-08,90day,1.2618465423583984,0.9776782989501953,False,False,False
2026-09-08,gap,0.5980186462402344,5.91278076171875e-05,False,False,True
2026-09-11,constant,0.6410360336303711,7.677078247070312e-05,False,False,True
2026-09-11,90day,0.6410360336303711,7.677078247070312e-05,False,False,True
2026-09-11,gap,0.6410360336303711,7.677078247070312e-05,False,False,True
2026-09-14,constant,2.5851688385009766,2.5067625045776367,False,False,False
2026-09-14,90day,1.4660825729370117,1.368596076965332,False,False,False
2026-09-14,gap,0.7865352630615234,7.724761962890625e-05,False,False,True
