background,expiry,mean_shift_lower_bp,mean_shift_upper_bp
constant,2026-07-10,0.00048755140700244766,0.0007918058430016943
constant,2026-08-14,0.003668050297690772,0.005315241814639519
constant,2026-09-11,0.008333063920110592,0.01188672492352723
constant,2026-10-16,0.02471110413928867,0.032453341444497415
constant,2026-12-11,0.058685992478505526,0.07576201934885153
constant,2027-03-12,0.16089684978096713,0.1949456590445744
constant,2027-06-11,0.31312501008697813,0.43235712454413083
90day,2026-07-10,0.00048755140700244766,0.0007918058430016943
90day,2026-08-14,0.003668050297690772,0.005315241814639519
90day,2026-09-11,0.008333063920110592,0.01188672492352723
90day,2026-10-16,0.023260277094474376,0.033690077033696454
90day,2026-12-11,0.056629771807603306,0.07939600555714113
90day,2027-03-12,0.15813378763592625,0.19827013169947594
90day,2027-06-11,0.30281518329022494,0.44314426075022667
gap,2026-07-10,0.00048755140700244766,0.0009552362886377828
gap,2026-08-14,0.003450618975908188,0.005995771877391089
gap,2026-09-11,0.008049707847822525,0.012706034591883323
gap,2026-10-16,0.021041480234452355,0.03447535033442473
gap,2026-12-11,0.051940993711396516,0.08018127795990268
gap,2027-03-12,0.15387588129086197,0.20045938577013467
gap,2027-06-11,0.2981262581118165,0.44533330972935325
