date,background,tolerance,meeting,lower,upper
2026-06-18,constant,0.25,2026-07-29,0,68.38378356671545
2026-06-18,constant,0.25,2026-09-16,881.674397593228,1079.5884718341242
2026-06-18,constant,0.25,2026-10-28,0,184.3119005160297
2026-06-18,constant,0.25,2026-12-09,0,184.3119005160297
2026-06-18,constant,0.25,2027-01-27,2100.0368091828755,2506.9154325999843
2026-06-18,constant,0.25,2027-03-17,0,2657.235209663872
2026-06-18,constant,0.25,2027-04-28,0,2657.235209663872
2026-06-18,constant,0.25,2027-06-09,0,2657.235209663872
2026-06-18,constant,0.5,2026-07-29,0,155.98275100799304
2026-06-18,constant,0.5,2026-09-16,770.301787360549,1220.2477554792974
2026-06-18,constant,0.5,2026-10-28,0,355.8939671921722
2026-06-18,constant,0.5,2026-12-09,0,355.8939671921722
2026-06-18,constant,0.5,2027-01-27,1892.7507762043506,2747.238839367445
2026-06-18,constant,0.5,2027-03-17,0,2955.8862877823876
2026-06-18,constant,0.5,2027-04-28,0,2955.8862877823876
2026-06-18,constant,0.5,2027-06-09,0,2955.8862877823876
2026-06-18,constant,1.0,2026-07-29,0,307.81049694531254
2026-06-18,constant,1.0,2026-09-16,546.5872794008651,1469.9450342031969
2026-06-18,constant,1.0,2026-10-28,0,693.0637241048192
2026-06-18,constant,1.0,2026-12-09,0,693.0637241048192
2026-06-18,constant,1.0,2027-01-27,1475.662634840885,3218.1470566307244
2026-06-18,constant,1.0,2027-03-17,0,3543.45154252206
2026-06-18,constant,1.0,2027-04-28,0,3543.45154252206
2026-06-18,constant,1.0,2027-06-09,0,3543.45154252206
2026-06-18,90day,0.25,2026-07-29,0,68.38378356671545
2026-06-18,90day,0.25,2026-09-16,807.0713324831871,1364.4572966776536
2026-06-18,90day,0.25,2026-10-28,0,716.0670402239516
2026-06-18,90day,0.25,2026-12-09,0,716.0670402239516
2026-06-18,90day,0.25,2027-01-27,0,3371.0175346253573
2026-06-18,90day,0.25,2027-03-17,0,3521.3373116892462
2026-06-18,90day,0.25,2027-04-28,0,3521.3373116892462
2026-06-18,90day,0.25,2027-06-09,0,3521.3373116892462
2026-06-18,90day,0.5,2026-07-29,0,155.98275100799304
2026-06-18,90day,0.5,2026-09-16,641.3429526301466,1480.8976370522428
2026-06-18,90day,0.5,2026-10-28,0,842.4404127950033
2026-06-18,90day,0.5,2026-12-09,0,842.4404127950033
2026-06-18,90day,0.5,2027-01-27,0,3537.8768134720463
2026-06-18,90day,0.5,2027-03-17,0,3746.524261886988
2026-06-18,90day,0.5,2027-04-28,0,3746.524261886988
2026-06-18,90day,0.5,2027-06-09,0,3746.524261886988
2026-06-18,90day,1.0,2026-07-29,0,307.81049694531254
2026-06-18,90day,1.0,2026-09-16,309.7471276877122,1685.3843055160735
2026-06-18,90day,1.0,2026-10-28,0,1095.2170305555226
2026-06-18,90day,1.0,2026-12-09,0,1095.2170305555226
2026-06-18,90day,1.0,2027-01-27,0,3871.6461796131166
2026-06-18,90day,1.0,2027-03-17,0,4196.950665504455
2026-06-18,90day,1.0,2027-04-28,0,4196.950665504455
2026-06-18,90day,1.0,2027-06-09,0,4196.950665504455
2026-06-18,gap,0.25,2026-07-29,0,410.5417643461608
2026-06-18,gap,0.25,2026-09-16,0,1433.8059978303577
2026-06-18,gap,0.25,2026-10-28,0,716.0670402239516
2026-06-18,gap,0.25,2026-12-09,0,716.0670402239516
2026-06-18,gap,0.25,2027-01-27,0,3371.017534625357
2026-06-18,gap,0.25,2027-03-17,0,3521.337311689244
2026-06-18,gap,0.25,2027-04-28,0,3521.337311689244
2026-06-18,gap,0.25,2027-06-09,0,3521.337311689244
2026-06-18,gap,0.5,2026-07-29,0,460.0742795097625
2026-06-18,gap,0.5,2026-09-16,0,1529.6282902897058
2026-06-18,gap,0.5,2026-10-28,0,842.4404127950033
2026-06-18,gap,0.5,2026-12-09,0,842.4404127950033
2026-06-18,gap,0.5,2027-01-27,0,3537.876813472046
2026-06-18,gap,0.5,2027-03-17,0,3746.524261886987
2026-06-18,gap,0.5,2027-04-28,0,3746.524261886987
2026-06-18,gap,0.5,2027-06-09,0,3746.524261886987
2026-06-18,gap,1.0,2026-07-29,0,559.1563134770021
2026-06-18,gap,1.0,2026-09-16,0,1721.2908507348861
2026-06-18,gap,1.0,2026-10-28,0,1095.2170305555223
2026-06-18,gap,1.0,2026-12-09,0,1095.2170305555223
2026-06-18,gap,1.0,2027-01-27,0,3871.6461796131175
2026-06-18,gap,1.0,2027-03-17,0,4196.950665504455
2026-06-18,gap,1.0,2027-04-28,0,4196.950665504455
2026-06-18,gap,1.0,2027-06-09,0,4196.950665504455
