date,background,min_atm_tolerance
2026-03-30,constant,0.4193878173828125
2026-03-30,90day,0.4193878173828125
2026-03-30,gap,7.62939453125e-05
2026-03-31,constant,0.5524444580078125
2026-03-31,90day,0.5524444580078125
2026-03-31,gap,7.62939453125e-05
2026-04-01,constant,0.5063629150390625
2026-04-01,90day,0.5063629150390625
2026-04-01,gap,7.62939453125e-05
2026-04-02,constant,0.4929351806640625
2026-04-02,90day,0.4929351806640625
2026-04-02,gap,7.62939453125e-05
2026-04-03,constant,0.4029083251953125
2026-04-03,90day,0.4029083251953125
2026-04-03,gap,7.62939453125e-05
2026-04-06,constant,0.322418212890625
2026-04-06,90day,7.62939453125e-05
2026-04-06,gap,7.62939453125e-05
2026-04-07,constant,0.4526519775390625
2026-04-07,90day,0.0469207763671875
2026-04-07,gap,7.62939453125e-05
2026-04-08,constant,0.2050018310546875
2026-04-08,90day,0.024261474609375
2026-04-08,gap,7.62939453125e-05
2026-04-09,constant,0.019073486328125
2026-04-09,90day,7.62939453125e-05
2026-04-09,gap,7.62939453125e-05
2026-04-10,constant,0.0434112548828125
2026-04-10,90day,7.62939453125e-05
2026-04-10,gap,7.62939453125e-05
2026-04-13,constant,0.3351593017578125
2026-04-13,90day,0.1412200927734375
2026-04-13,gap,7.62939453125e-05
2026-04-14,constant,0.4161834716796875
2026-04-14,90day,0.1251983642578125
2026-04-14,gap,7.62939453125e-05
2026-04-15,constant,0.3800201416015625
2026-04-15,90day,0.253753662109375
2026-04-15,gap,7.62939453125e-05
2026-04-16,constant,0.235595703125
2026-04-16,90day,0.1549530029296875
2026-04-16,gap,7.62939453125e-05
2026-04-17,constant,0.21881103515625
2026-04-17,90day,0.0022125244140625
2026-04-17,gap,7.62939453125e-05
2026-04-21,constant,0.421142578125
2026-04-21,90day,7.62939453125e-05
2026-04-21,gap,7.62939453125e-05
2026-04-22,constant,0.24200439453125
2026-04-22,90day,7.62939453125e-05
2026-04-22,gap,7.62939453125e-05
2026-04-23,constant,0.3194427490234375
2026-04-23,90day,7.62939453125e-05
2026-04-23,gap,7.62939453125e-05
2026-04-24,constant,0.505828857421875
2026-04-24,90day,7.62939453125e-05
2026-04-24,gap,7.62939453125e-05
2026-04-27,constant,0.4814910888671875
2026-04-27,90day,7.62939453125e-05
2026-04-27,gap,7.62939453125e-05
2026-04-28,constant,0.4400634765625
2026-04-28,90day,0.0975799560546875
2026-04-28,gap,7.62939453125e-05
2026-04-29,constant,0.3943634033203125
2026-04-29,90day,0.066070556640625
2026-04-29,gap,7.62939453125e-05
2026-04-30,constant,0.4581451416015625
2026-04-30,90day,0.12908935546875
2026-04-30,gap,7.62939453125e-05
2026-05-05,constant,0.6536102294921875
2026-05-05,90day,0.0749969482421875
2026-05-05,gap,7.62939453125e-05
2026-05-06,constant,0.450592041015625
2026-05-06,90day,0.02044677734375
2026-05-06,gap,7.62939453125e-05
2026-05-08,constant,0.3870391845703125
2026-05-08,90day,0.06561279296875
2026-05-08,gap,7.62939453125e-05
2026-05-11,constant,0.4638671875
2026-05-11,90day,7.62939453125e-05
2026-05-11,gap,7.62939453125e-05
2026-05-13,constant,0.3952789306640625
2026-05-13,90day,7.62939453125e-05
2026-05-13,gap,7.62939453125e-05
2026-05-19,constant,0.3643798828125
2026-05-19,90day,7.62939453125e-05
2026-05-19,gap,7.62939453125e-05
2026-05-21,constant,0.2109527587890625
2026-05-21,90day,7.62939453125e-05
2026-05-21,gap,7.62939453125e-05
2026-05-22,constant,0.1336669921875
2026-05-22,90day,7.62939453125e-05
2026-05-22,gap,7.62939453125e-05
2026-05-26,constant,0.1697540283203125
2026-05-26,90day,7.62939453125e-05
2026-05-26,gap,7.62939453125e-05
2026-05-27,constant,0.2211761474609375
2026-05-27,90day,7.62939453125e-05
2026-05-27,gap,7.62939453125e-05
2026-05-28,constant,0.262298583984375
2026-05-28,90day,7.62939453125e-05
2026-05-28,gap,7.62939453125e-05
2026-05-29,constant,0.3499603271484375
2026-05-29,90day,7.62939453125e-05
2026-05-29,gap,7.62939453125e-05
2026-06-03,constant,0.4248046875
2026-06-03,90day,7.62939453125e-05
2026-06-03,gap,7.62939453125e-05
2026-06-09,constant,7.62939453125e-05
2026-06-09,90day,7.62939453125e-05
2026-06-09,gap,7.62939453125e-05
2026-06-10,constant,7.62939453125e-05
2026-06-10,90day,7.62939453125e-05
2026-06-10,gap,7.62939453125e-05
2026-06-12,constant,7.62939453125e-05
2026-06-12,90day,7.62939453125e-05
2026-06-12,gap,7.62939453125e-05
2026-06-16,constant,0.0099945068359375
2026-06-16,90day,0.0099945068359375
2026-06-16,gap,7.62939453125e-05
2026-06-18,constant,0.10833740234375
2026-06-18,90day,0.10833740234375
2026-06-18,gap,7.62939453125e-05
2026-06-22,constant,0.2106475830078125
2026-06-22,90day,0.1911163330078125
2026-06-22,gap,7.62939453125e-05
2026-06-24,constant,0.06561279296875
2026-06-24,90day,0.06561279296875
2026-06-24,gap,7.62939453125e-05
2026-06-25,constant,0.04302978515625
2026-06-25,90day,0.04302978515625
2026-06-25,gap,7.62939453125e-05
2026-06-29,constant,0.0897216796875
2026-06-29,90day,0.0897216796875
2026-06-29,gap,7.62939453125e-05
2026-07-01,constant,0.108489990234375
2026-07-01,90day,0.108489990234375
2026-07-01,gap,7.62939453125e-05
2026-07-02,constant,0.369110107421875
2026-07-02,90day,0.369110107421875
2026-07-02,gap,7.62939453125e-05
2026-07-07,constant,7.62939453125e-05
2026-07-07,90day,7.62939453125e-05
2026-07-07,gap,7.62939453125e-05
2026-07-08,constant,7.62939453125e-05
2026-07-08,90day,7.62939453125e-05
2026-07-08,gap,7.62939453125e-05
2026-07-09,constant,0.09674072265625
2026-07-09,90day,0.09674072265625
2026-07-09,gap,7.62939453125e-05
2026-07-13,constant,7.62939453125e-05
2026-07-13,90day,7.62939453125e-05
2026-07-13,gap,7.62939453125e-05
2026-07-14,constant,7.62939453125e-05
2026-07-14,90day,7.62939453125e-05
2026-07-14,gap,7.62939453125e-05
2026-07-16,constant,0.1885986328125
2026-07-16,90day,0.1885986328125
2026-07-16,gap,7.62939453125e-05
2026-07-17,constant,0.058441162109375
2026-07-17,90day,0.058441162109375
2026-07-17,gap,7.62939453125e-05
2026-07-21,constant,7.62939453125e-05
2026-07-21,90day,7.62939453125e-05
2026-07-21,gap,7.62939453125e-05
2026-07-22,constant,7.62939453125e-05
2026-07-22,90day,7.62939453125e-05
2026-07-22,gap,7.62939453125e-05
2026-07-23,constant,7.62939453125e-05
2026-07-23,90day,7.62939453125e-05
2026-07-23,gap,7.62939453125e-05
2026-07-24,constant,7.62939453125e-05
2026-07-24,90day,7.62939453125e-05
2026-07-24,gap,7.62939453125e-05
2026-07-29,constant,0.3679656982421875
2026-07-29,90day,0.3679656982421875
2026-07-29,gap,7.62939453125e-05
2026-07-30,constant,0.0444793701171875
2026-07-30,90day,0.0444793701171875
2026-07-30,gap,7.62939453125e-05
2026-07-31,constant,0.0391387939453125
2026-07-31,90day,0.0391387939453125
2026-07-31,gap,7.62939453125e-05
2026-08-03,constant,0.1137542724609375
2026-08-03,90day,0.1137542724609375
2026-08-03,gap,7.62939453125e-05
2026-08-12,constant,7.62939453125e-05
2026-08-12,90day,7.62939453125e-05
2026-08-12,gap,7.62939453125e-05
2026-08-13,constant,7.62939453125e-05
2026-08-13,90day,7.62939453125e-05
2026-08-13,gap,7.62939453125e-05
2026-08-14,constant,7.62939453125e-05
2026-08-14,90day,7.62939453125e-05
2026-08-14,gap,7.62939453125e-05
2026-08-18,constant,7.62939453125e-05
2026-08-18,90day,7.62939453125e-05
2026-08-18,gap,7.62939453125e-05
2026-08-20,constant,7.62939453125e-05
2026-08-20,90day,7.62939453125e-05
2026-08-20,gap,7.62939453125e-05
2026-08-24,constant,7.62939453125e-05
2026-08-24,90day,7.62939453125e-05
2026-08-24,gap,7.62939453125e-05
2026-08-25,constant,7.62939453125e-05
2026-08-25,90day,7.62939453125e-05
2026-08-25,gap,7.62939453125e-05
2026-08-27,constant,7.62939453125e-05
2026-08-27,90day,7.62939453125e-05
2026-08-27,gap,7.62939453125e-05
2026-08-28,constant,1.973419189453125
2026-08-28,90day,0.714569091796875
2026-08-28,gap,7.62939453125e-05
2026-09-01,constant,2.0803070068359375
2026-09-01,90day,0.8953857421875
2026-09-01,gap,7.62939453125e-05
2026-09-02,constant,2.0136260986328125
2026-09-02,90day,0.9400177001953125
2026-09-02,gap,7.62939453125e-05
2026-09-03,constant,1.9333648681640625
2026-09-03,90day,0.9210205078125
2026-09-03,gap,7.62939453125e-05
2026-09-04,constant,1.9256591796875
2026-09-04,90day,0.875091552734375
2026-09-04,gap,7.62939453125e-05
2026-09-08,constant,1.94091796875
2026-09-08,90day,1.03179931640625
2026-09-08,gap,7.62939453125e-05
2026-09-11,constant,7.62939453125e-05
2026-09-11,90day,7.62939453125e-05
2026-09-11,gap,7.62939453125e-05
2026-09-14,constant,2.493743896484375
2026-09-14,90day,1.3677215576171875
2026-09-14,gap,7.62939453125e-05
