trade_date,background,tolerance_bp,target,lower_variance_bp2,upper_variance_bp2,width_bp2
2026-06-18,constant,1.0,2026-07-29,0,167.48183896759937,167.48183896759937
2026-06-18,constant,1.0,2026-09-16,688.9351615797616,1148.5130685864099,459.5779070066483
2026-06-18,constant,1.0,2026-10-28,0,449.99310891675316,449.99310891675316
2026-06-18,constant,1.0,2026-12-09,0,449.99310891675316,449.99310891675316
2026-06-18,constant,1.0,2027-01-27,1870.0453176093379,2990.3980680973687,1120.3527504880308
2026-06-18,constant,1.0,2027-03-17,0,3157.2508931423095,3157.2508931423095
2026-06-18,constant,1.0,2027-04-28,0,3157.2508931423095,3157.2508931423095
2026-06-18,constant,1.0,2027-06-09,0,3157.2508931423095,3157.2508931423095
2026-06-18,constant,1.0,all_meetings,5307.5161129832795,6581.9735168030265,1274.457403819747
2026-06-18,90day,1.0,2026-07-29,0,167.48183896759937,167.48183896759937
2026-06-18,90day,1.0,2026-09-16,506.97866194275446,1407.0584719403769,900.0798099976224
2026-06-18,90day,1.0,2026-10-28,0,932.6111951774918,932.6111951774918
2026-06-18,90day,1.0,2026-12-09,0,932.6111951774918,932.6111951774918
2026-06-18,90day,1.0,2027-01-27,0,3774.652458271069,3774.652458271069
2026-06-18,90day,1.0,2027-03-17,0,3941.50528331601,3941.50528331601
2026-06-18,90day,1.0,2027-04-28,0,3941.50528331601,3941.50528331601
2026-06-18,90day,1.0,2027-06-09,0,3941.50528331601,3941.50528331601
2026-06-18,90day,1.0,all_meetings,506.97866194275446,8891.645786765133,8384.66712482238
2026-06-18,gap,1.0,2026-07-29,0,495.27958619809715,495.27958619809715
2026-06-18,gap,1.0,2026-09-16,0,1450.1493724993713,1450.1493724993713
2026-06-18,gap,1.0,2026-10-28,0,932.6111951774915,932.6111951774915
2026-06-18,gap,1.0,2026-12-09,0,932.6111951774915,932.6111951774915
2026-06-18,gap,1.0,2027-01-27,0,3774.652458271068,3774.652458271068
2026-06-18,gap,1.0,2027-03-17,0,3941.505283316011,3941.505283316011
2026-06-18,gap,1.0,2027-04-28,0,3941.505283316011,3941.505283316011
2026-06-18,gap,1.0,2027-06-09,0,3941.505283316011,3941.505283316011
2026-06-18,gap,1.0,all_meetings,0,9376.18168523599,9376.18168523599
2026-06-22,constant,1.0,2026-07-29,0,316.2872400295935,316.2872400295935
2026-06-22,constant,1.0,2026-09-16,556.1422971122682,1223.802396650895,667.6600995386267
2026-06-22,constant,1.0,2026-10-28,0,529.0978389258484,529.0978389258484
2026-06-22,constant,1.0,2026-12-09,0,529.0978389258484,529.0978389258484
2026-06-22,constant,1.0,2027-01-27,1523.3760935373123,3047.8621263696723,1524.48603283236
2026-06-22,constant,1.0,2027-03-17,0,3195.591189559067,3195.591189559067
2026-06-22,constant,1.0,2027-04-28,0,3195.591189559067,3195.591189559067
2026-06-22,constant,1.0,2027-06-09,0,3195.591189559067,3195.591189559067
2026-06-22,constant,1.0,all_meetings,4672.611228137881,6679.573489556674,2006.9622614187929
2026-06-22,90day,1.0,2026-07-29,0,316.2872400295935,316.2872400295935
2026-06-22,90day,1.0,2026-09-16,420.43909054185525,1456.6453846015256,1036.2062940596704
2026-06-22,90day,1.0,2026-10-28,0,1030.605812973361,1030.605812973361
2026-06-22,90day,1.0,2026-12-09,0,1030.605812973361,1030.605812973361
2026-06-22,90day,1.0,2027-01-27,0,3862.8125841968804,3862.8125841968804
2026-06-22,90day,1.0,2027-03-17,0,4010.541647386275,4010.541647386275
2026-06-22,90day,1.0,2027-04-28,0,4010.541647386275,4010.541647386275
2026-06-22,90day,1.0,2027-06-09,0,4010.541647386275,4010.541647386275
2026-06-22,90day,1.0,all_meetings,420.43909054185525,9043.825367209232,8623.386276667377
2026-06-22,gap,1.0,2026-07-29,0,629.7297238092888,629.7297238092888
2026-06-22,gap,1.0,2026-09-16,0,1537.2448804305905,1537.2448804305905
2026-06-22,gap,1.0,2026-10-28,0,1030.6058129733613,1030.6058129733613
2026-06-22,gap,1.0,2026-12-09,0,1030.6058129733613,1030.6058129733613
2026-06-22,gap,1.0,2027-01-27,0,3862.8125841968804,3862.8125841968804
2026-06-22,gap,1.0,2027-03-17,0,4010.5416473862747,4010.5416473862747
2026-06-22,gap,1.0,2027-04-28,0,4010.5416473862747,4010.5416473862747
2026-06-22,gap,1.0,2027-06-09,0,4010.5416473862747,4010.5416473862747
2026-06-22,gap,1.0,all_meetings,0,9594.279189331282,9594.279189331282
2026-06-24,constant,1.0,2026-07-29,0,285.36995588925623,285.36995588925623
2026-06-24,constant,1.0,2026-09-16,626.1178557533747,1139.388864278931,513.2710085255562
2026-06-24,constant,1.0,2026-10-28,0,423.87052648108215,423.87052648108215
2026-06-24,constant,1.0,2026-12-09,0,467.5835347975358,467.5835347975358
2026-06-24,constant,1.0,2027-01-27,1488.3299167796567,2997.980964320989,1509.6510475413324
2026-06-24,constant,1.0,2027-03-17,0,3510.9785376662508,3510.9785376662508
2026-06-24,constant,1.0,2027-04-28,0,3510.9785376662508,3510.9785376662508
2026-06-24,constant,1.0,2027-06-09,0,3510.9785376662508,3510.9785376662508
2026-06-24,constant,1.0,all_meetings,4933.467802623069,7026.1668115273515,2092.699008904283
2026-06-24,90day,1.0,2026-07-29,0,285.36995588925623,285.36995588925623
2026-06-24,90day,1.0,2026-09-16,476.67535110158485,1305.9581498367766,829.2827987351917
2026-06-24,90day,1.0,2026-10-28,0,618.2013596319022,618.2013596319022
2026-06-24,90day,1.0,2026-12-09,0,661.9143679483559,661.9143679483559
2026-06-24,90day,1.0,2027-01-27,0,3629.556172061154,3629.556172061154
2026-06-24,90day,1.0,2027-03-17,0,4142.553745406417,4142.553745406417
2026-06-24,90day,1.0,2027-04-28,0,4142.553745406417,4142.553745406417
2026-06-24,90day,1.0,2027-06-09,0,4142.553745406417,4142.553745406417
2026-06-24,90day,1.0,all_meetings,476.67535110158485,8844.54817886717,8367.872827765585
2026-06-24,gap,1.0,2026-07-29,0,528.2834973277813,528.2834973277813
2026-06-24,gap,1.0,2026-09-16,0,1382.302405717456,1382.302405717456
2026-06-24,gap,1.0,2026-10-28,0,618.2013596319025,618.2013596319025
2026-06-24,gap,1.0,2026-12-09,0,661.9143679483559,661.9143679483559
2026-06-24,gap,1.0,2027-01-27,0,3629.5561720611536,3629.5561720611536
2026-06-24,gap,1.0,2027-03-17,0,4142.553745406414,4142.553745406414
2026-06-24,gap,1.0,2027-04-28,0,4142.553745406414,4142.553745406414
2026-06-24,gap,1.0,2027-06-09,0,4142.553745406414,4142.553745406414
2026-06-24,gap,1.0,all_meetings,0,9256.525934474348,9256.525934474348
2026-06-25,constant,1.0,2026-07-29,0,263.58141090418843,263.58141090418843
2026-06-25,constant,1.0,2026-09-16,712.0035139670289,1076.7453995014964,364.74188553446754
2026-06-25,constant,1.0,2026-10-28,0,351.9762889837789,351.9762889837789
2026-06-25,constant,1.0,2026-12-09,0,472.9704212055167,472.9704212055167
2026-06-25,constant,1.0,2027-01-27,1603.2113744152016,3030.977734918912,1427.7663605037105
2026-06-25,constant,1.0,2027-03-17,0,3474.6133745220804,3474.6133745220804
2026-06-25,constant,1.0,2027-04-28,0,3474.6133745220804,3474.6133745220804
2026-06-25,constant,1.0,2027-06-09,0,3474.6133745220804,3474.6133745220804
2026-06-25,constant,1.0,all_meetings,5184.542535708763,7075.449239092584,1890.906703383821
2026-06-25,90day,1.0,2026-07-29,0,263.58141090418843,263.58141090418843
2026-06-25,90day,1.0,2026-09-16,544.8361160561507,1232.9511306757981,688.1150146196475
2026-06-25,90day,1.0,2026-10-28,0,542.139787804668,542.139787804668
2026-06-25,90day,1.0,2026-12-09,0,663.1339200264056,663.1339200264056
2026-06-25,90day,1.0,2027-01-27,0,3649.0091060868017,3649.0091060868017
2026-06-25,90day,1.0,2027-03-17,0,4092.644745689969,4092.644745689969
2026-06-25,90day,1.0,2027-04-28,0,4092.644745689969,4092.644745689969
2026-06-25,90day,1.0,2027-06-09,0,4092.644745689969,4092.644745689969
2026-06-25,90day,1.0,all_meetings,544.8361160561507,8848.044710244443,8303.208594188292
2026-06-25,gap,1.0,2026-07-29,0,510.7112347815855,510.7112347815855
2026-06-25,gap,1.0,2026-09-16,0,1314.4497730276078,1314.4497730276078
2026-06-25,gap,1.0,2026-10-28,0,542.1397878046682,542.1397878046682
2026-06-25,gap,1.0,2026-12-09,0,663.1339200264056,663.1339200264056
2026-06-25,gap,1.0,2027-01-27,0,3649.0091060868012,3649.0091060868012
2026-06-25,gap,1.0,2027-03-17,0,4092.6447456899723,4092.6447456899723
2026-06-25,gap,1.0,2027-04-28,0,4092.6447456899723,4092.6447456899723
2026-06-25,gap,1.0,2027-06-09,0,4092.6447456899723,4092.6447456899723
2026-06-25,gap,1.0,all_meetings,0,9219.420847787273,9219.420847787273
2026-06-29,constant,1.0,2026-07-29,0,262.8716055586724,262.8716055586724
2026-06-29,constant,1.0,2026-09-16,615.0350606017541,1105.8374940448398,490.80243344308565
2026-06-29,constant,1.0,2026-10-28,0,424.356325095534,424.356325095534
2026-06-29,constant,1.0,2026-12-09,0,431.0438168031169,431.0438168031169
2026-06-29,constant,1.0,2027-01-27,1519.4561833295081,2922.246124447096,1402.789941117588
2026-06-29,constant,1.0,2027-03-17,0,3451.506677685108,3451.506677685108
2026-06-29,constant,1.0,2027-04-28,0,3451.506677685108,3451.506677685108
2026-06-29,constant,1.0,2027-06-09,0,3451.506677685108,3451.506677685108
2026-06-29,constant,1.0,all_meetings,4853.236484784402,6923.691451513803,2070.4549667294013
2026-06-29,90day,1.0,2026-07-29,0,262.8716055586724,262.8716055586724
2026-06-29,90day,1.0,2026-09-16,472.9211354516305,1218.9534562966626,746.032320845032
2026-06-29,90day,1.0,2026-10-28,0,591.0535326245359,591.0535326245359
2026-06-29,90day,1.0,2026-12-09,0,597.741024332119,597.741024332119
2026-06-29,90day,1.0,2027-01-27,0,3477.9844608431586,3477.9844608431586
2026-06-29,90day,1.0,2027-03-17,0,3993.272602154366,3993.272602154366
2026-06-29,90day,1.0,2027-04-28,0,3993.272602154366,3993.272602154366
2026-06-29,90day,1.0,2027-06-09,0,3993.272602154366,3993.272602154366
2026-06-29,90day,1.0,all_meetings,472.9211354516305,8453.733677762146,7980.812542310516
2026-06-29,gap,1.0,2026-07-29,0,471.24311496992505,471.24311496992505
2026-06-29,gap,1.0,2026-09-16,0,1314.2090034560924,1314.2090034560924
2026-06-29,gap,1.0,2026-10-28,0,591.0535326245363,591.0535326245363
2026-06-29,gap,1.0,2026-12-09,0,597.7410243321192,597.7410243321192
2026-06-29,gap,1.0,2027-01-27,0,3477.984460843158,3477.984460843158
2026-06-29,gap,1.0,2027-03-17,0,3993.272602154366,3993.272602154366
2026-06-29,gap,1.0,2027-04-28,0,3993.272602154366,3993.272602154366
2026-06-29,gap,1.0,2027-06-09,0,3993.272602154366,3993.272602154366
2026-06-29,gap,1.0,all_meetings,0,8792.423739544647,8792.423739544647
2026-07-01,constant,1.0,2026-07-29,0,304.29965685622574,304.29965685622574
2026-07-01,constant,1.0,2026-09-16,587.2971424127644,1227.5006893443447,640.2035469315803
2026-07-01,constant,1.0,2026-10-28,0,606.4728716246022,606.4728716246022
2026-07-01,constant,1.0,2026-12-09,0,548.7592633377658,548.7592633377658
2026-07-01,constant,1.0,2027-01-27,1588.0795587095247,2951.1334629164658,1363.053904206941
2026-07-01,constant,1.0,2027-03-17,0,3440.7268503068644,3440.7268503068644
2026-07-01,constant,1.0,2027-04-28,0,3440.7268503068644,3440.7268503068644
2026-07-01,constant,1.0,2027-06-09,0,3440.7268503068644,3440.7268503068644
2026-07-01,constant,1.0,all_meetings,4774.9143893521305,7374.026717224223,2599.1123278720925
2026-07-01,90day,1.0,2026-07-29,0,304.29965685622574,304.29965685622574
2026-07-01,90day,1.0,2026-09-16,444.95904586515064,1304.9106413707773,859.9515955056266
2026-07-01,90day,1.0,2026-10-28,0,733.9716161387266,733.9716161387266
2026-07-01,90day,1.0,2026-12-09,0,676.2580078518902,676.2580078518902
2026-07-01,90day,1.0,2027-01-27,0,3365.50438258737,3365.50438258737
2026-07-01,90day,1.0,2027-03-17,0,3855.097769977768,3855.097769977768
2026-07-01,90day,1.0,2027-04-28,0,3855.097769977768,3855.097769977768
2026-07-01,90day,1.0,2027-06-09,0,3855.097769977768,3855.097769977768
2026-07-01,90day,1.0,all_meetings,444.95904586515064,8535.175997620714,8090.216951755563
2026-07-01,gap,1.0,2026-07-29,0,463.67308749888116,463.67308749888116
2026-07-01,gap,1.0,2026-09-16,0,1386.874119987,1386.874119987
2026-07-01,gap,1.0,2026-10-28,0,733.9716161387269,733.9716161387269
2026-07-01,gap,1.0,2026-12-09,0,676.2580078518904,676.2580078518904
2026-07-01,gap,1.0,2027-01-27,0,3365.5043825873704,3365.5043825873704
2026-07-01,gap,1.0,2027-03-17,0,3855.097769977766,3855.097769977766
2026-07-01,gap,1.0,2027-04-28,0,3855.097769977766,3855.097769977766
2026-07-01,gap,1.0,2027-06-09,0,3855.097769977766,3855.097769977766
2026-07-01,gap,1.0,all_meetings,0,8781.410353993337,8781.410353993337
2026-07-02,constant,1.0,2026-07-29,0,194.78715694624557,194.78715694624557
2026-07-02,constant,1.0,2026-09-16,679.733463329014,1128.298085591973,448.564622262959
2026-07-02,constant,1.0,2026-10-28,0,456.7710635975436,456.7710635975436
2026-07-02,constant,1.0,2026-12-09,0,611.6703108961065,611.6703108961065
2026-07-02,constant,1.0,2027-01-27,1531.393467631488,2832.979932881304,1301.5864652498162
2026-07-02,constant,1.0,2027-03-17,0,3335.309174050446,3335.309174050446
2026-07-02,constant,1.0,2027-04-28,0,3335.309174050446,3335.309174050446
2026-07-02,constant,1.0,2027-06-09,0,3335.309174050446,3335.309174050446
2026-07-02,constant,1.0,all_meetings,5063.7736154596705,6938.555582386321,1874.78196692665
2026-07-02,90day,1.0,2026-07-29,0,194.78715694624557,194.78715694624557
2026-07-02,90day,1.0,2026-09-16,513.8051975084062,1192.4854474596318,678.6802499512256
2026-07-02,90day,1.0,2026-10-28,0,569.0989468659469,569.0989468659469
2026-07-02,90day,1.0,2026-12-09,0,723.9981941645094,723.9981941645094
2026-07-02,90day,1.0,2027-01-27,0,3198.045553503615,3198.045553503615
2026-07-02,90day,1.0,2027-03-17,0,3700.3747946727563,3700.3747946727563
2026-07-02,90day,1.0,2027-04-28,0,3700.3747946727563,3700.3747946727563
2026-07-02,90day,1.0,2027-06-09,0,3700.3747946727563,3700.3747946727563
2026-07-02,90day,1.0,all_meetings,513.8051975084062,7957.529952035407,7443.724754527001
2026-07-02,gap,1.0,2026-07-29,0,357.3948920322082,357.3948920322082
2026-07-02,gap,1.0,2026-09-16,0,1268.707939677477,1268.707939677477
2026-07-02,gap,1.0,2026-10-28,0,569.0989468659468,569.0989468659468
2026-07-02,gap,1.0,2026-12-09,0,723.9981941645096,723.9981941645096
2026-07-02,gap,1.0,2027-01-27,0,3198.0455535036153,3198.0455535036153
2026-07-02,gap,1.0,2027-03-17,0,3700.374794672756,3700.374794672756
2026-07-02,gap,1.0,2027-04-28,0,3700.374794672756,3700.374794672756
2026-07-02,gap,1.0,2027-06-09,0,3700.374794672756,3700.374794672756
2026-07-02,gap,1.0,all_meetings,0,8196.360179339215,8196.360179339215
2026-07-13,constant,1.0,2026-07-29,0,292.8526680466631,292.8526680466631
2026-07-13,constant,1.0,2026-09-16,495.43376417578173,1229.5416599022867,734.1078957265049
2026-07-13,constant,1.0,2026-10-28,0,676.4106171713784,676.4106171713784
2026-07-13,constant,1.0,2026-12-09,0,632.458767765188,632.458767765188
2026-07-13,constant,1.0,2027-01-27,1028.6296752881244,2707.8465596040423,1679.216884315918
2026-07-13,constant,1.0,2027-03-17,0,3352.968332254026,3352.968332254026
2026-07-13,constant,1.0,2027-04-28,0,3352.968332254026,3352.968332254026
2026-07-13,constant,1.0,2027-06-09,0,3352.968332254026,3352.968332254026
2026-07-13,constant,1.0,all_meetings,4162.762197480904,7011.529079443229,2848.766881962325
2026-07-13,90day,1.0,2026-07-29,0,292.8526680466631,292.8526680466631
2026-07-13,90day,1.0,2026-09-16,452.0574910224046,1258.4813949631362,806.4239039407316
2026-07-13,90day,1.0,2026-10-28,0,838.473133512135,838.473133512135
2026-07-13,90day,1.0,2026-12-09,0,794.5212841059449,794.5212841059449
2026-07-13,90day,1.0,2027-01-27,0,3234.5497377115016,3234.5497377115016
2026-07-13,90day,1.0,2027-03-17,0,3879.671510361486,3879.671510361486
2026-07-13,90day,1.0,2027-04-28,0,3879.671510361486,3879.671510361486
2026-07-13,90day,1.0,2027-06-09,0,3879.671510361486,3879.671510361486
2026-07-13,90day,1.0,all_meetings,452.0574910224046,8418.00020340051,7965.942712378105
2026-07-13,gap,1.0,2026-07-29,0,478.0669724360994,478.0669724360994
2026-07-13,gap,1.0,2026-09-16,0,1432.1198053282326,1432.1198053282326
2026-07-13,gap,1.0,2026-10-28,0,838.4731335121346,838.4731335121346
2026-07-13,gap,1.0,2026-12-09,0,794.5212841059445,794.5212841059445
2026-07-13,gap,1.0,2027-01-27,0,3234.5497377115016,3234.5497377115016
2026-07-13,gap,1.0,2027-03-17,0,3879.671510361487,3879.671510361487
2026-07-13,gap,1.0,2027-04-28,0,3879.671510361487,3879.671510361487
2026-07-13,gap,1.0,2027-06-09,0,3879.671510361487,3879.671510361487
2026-07-13,gap,1.0,all_meetings,0,8776.852918155044,8776.852918155044
2026-07-14,constant,1.0,2026-07-29,0,106.3771962904582,106.3771962904582
2026-07-14,constant,1.0,2026-09-16,671.3542974447706,1082.743039915615,411.3887424708445
2026-07-14,constant,1.0,2026-10-28,0,469.2144022927439,469.2144022927439
2026-07-14,constant,1.0,2026-12-09,0,569.7792808151567,569.7792808151567
2026-07-14,constant,1.0,2027-01-27,1469.305709082263,2684.1927860167993,1214.8870769345363
2026-07-14,constant,1.0,2027-03-17,0,3262.7816058364706,3262.7816058364706
2026-07-14,constant,1.0,2027-04-28,0,3262.7816058364706,3262.7816058364706
2026-07-14,constant,1.0,2027-06-09,0,3262.7816058364706,3262.7816058364706
2026-07-14,constant,1.0,all_meetings,4948.570324616189,6669.911185010219,1721.3408603940297
2026-07-14,90day,1.0,2026-07-29,0,106.3771962904582,106.3771962904582
2026-07-14,90day,1.0,2026-09-16,628.7245881787319,1106.040282609882,477.3156944311502
2026-07-14,90day,1.0,2026-10-28,0,632.2951011526127,632.2951011526127
2026-07-14,90day,1.0,2026-12-09,0,732.8599796750257,732.8599796750257
2026-07-14,90day,1.0,2027-01-27,0,3214.205057311372,3214.205057311372
2026-07-14,90day,1.0,2027-03-17,0,3792.7938771310432,3792.7938771310432
2026-07-14,90day,1.0,2027-04-28,0,3792.7938771310432,3792.7938771310432
2026-07-14,90day,1.0,2027-06-09,0,3792.7938771310432,3792.7938771310432
2026-07-14,90day,1.0,all_meetings,628.7245881787319,8079.394368013371,7450.669779834639
2026-07-14,gap,1.0,2026-07-29,0,286.9308271710272,286.9308271710272
2026-07-14,gap,1.0,2026-09-16,0,1286.593913490451,1286.593913490451
2026-07-14,gap,1.0,2026-10-28,0,632.2951011526127,632.2951011526127
2026-07-14,gap,1.0,2026-12-09,0,732.8599796750259,732.8599796750259
2026-07-14,gap,1.0,2027-01-27,0,3214.205057311373,3214.205057311373
2026-07-14,gap,1.0,2027-03-17,0,3792.793877131043,3792.793877131043
2026-07-14,gap,1.0,2027-04-28,0,3792.793877131043,3792.793877131043
2026-07-14,gap,1.0,2027-06-09,0,3792.793877131043,3792.793877131043
2026-07-14,gap,1.0,all_meetings,0,8440.501629774508,8440.501629774508
2026-07-16,constant,1.0,2026-07-29,0,49.987050111407015,49.987050111407015
2026-07-16,constant,1.0,2026-09-16,708.830206840102,874.2199694390233,165.38976259892127
2026-07-16,constant,1.0,2026-10-28,137.14346812322128,273.55680963422674,136.41334151100546
2026-07-16,constant,1.0,2026-12-09,65.97052658850453,208.0040905123558,142.03356392385126
2026-07-16,constant,1.0,2027-01-27,1788.9265661325285,2457.0505949508824,668.124028818354
2026-07-16,constant,1.0,2027-03-17,0,2978.850775386676,2978.850775386676
2026-07-16,constant,1.0,2027-04-28,0,2978.850775386676,2978.850775386676
2026-07-16,constant,1.0,2027-06-09,0,2978.850775386676,2978.850775386676
2026-07-16,constant,1.0,all_meetings,5122.683179092143,6238.638398084152,1115.9552189920087
2026-07-16,90day,1.0,2026-07-29,0,49.987050111407015,49.987050111407015
2026-07-16,90day,1.0,2026-09-16,697.3594353056724,884.6212437017344,187.26180839606207
2026-07-16,90day,1.0,2026-10-28,0,419.1746493121831,419.1746493121831
2026-07-16,90day,1.0,2026-12-09,0,353.62193019031224,353.62193019031224
2026-07-16,90day,1.0,2027-01-27,0,2930.3085739042413,2930.3085739042413
2026-07-16,90day,1.0,2027-03-17,0,3452.1087543400354,3452.1087543400354
2026-07-16,90day,1.0,2027-04-28,0,3452.1087543400354,3452.1087543400354
2026-07-16,90day,1.0,2027-06-09,0,3452.1087543400354,3452.1087543400354
2026-07-16,90day,1.0,all_meetings,733.5023935575198,7486.791309609494,6753.288916051974
2026-07-16,gap,1.0,2026-07-29,0,200.8055269207191,200.8055269207191
2026-07-16,gap,1.0,2026-09-16,0,1056.2422690364688,1056.2422690364688
2026-07-16,gap,1.0,2026-10-28,0,419.1746493121832,419.1746493121832
2026-07-16,gap,1.0,2026-12-09,0,353.62193019031224,353.62193019031224
2026-07-16,gap,1.0,2027-01-27,0,2930.3085739042413,2930.3085739042413
2026-07-16,gap,1.0,2027-03-17,0,3452.108754340036,3452.108754340036
2026-07-16,gap,1.0,2027-04-28,0,3452.108754340036,3452.108754340036
2026-07-16,gap,1.0,2027-06-09,0,3452.108754340036,3452.108754340036
2026-07-16,gap,1.0,all_meetings,0,7809.230811753541,7809.230811753541
2026-07-17,constant,1.0,2026-07-29,0,127.41614521421002,127.41614521421002
2026-07-17,constant,1.0,2026-09-16,665.2503165738541,1003.5877139995576,338.33739742570356
2026-07-17,constant,1.0,2026-10-28,0,402.5009792084062,402.5009792084062
2026-07-17,constant,1.0,2026-12-09,0,542.361922997643,542.361922997643
2026-07-17,constant,1.0,2027-01-27,1642.1851379779246,2679.584202397408,1037.3990644194832
2026-07-17,constant,1.0,2027-03-17,0,3128.4580505153713,3128.4580505153713
2026-07-17,constant,1.0,2027-04-28,0,3128.4580505153713,3128.4580505153713
2026-07-17,constant,1.0,2027-06-09,0,3128.4580505153713,3128.4580505153713
2026-07-17,constant,1.0,all_meetings,4898.388860064701,6783.6858606031365,1885.297000538436
2026-07-17,90day,1.0,2026-07-29,0,127.41614521421002,127.41614521421002
2026-07-17,90day,1.0,2026-09-16,655.3606002384007,1007.7109065649271,352.3503063265264
2026-07-17,90day,1.0,2026-10-28,0,517.95037103875,517.95037103875
2026-07-17,90day,1.0,2026-12-09,0,657.8113148279866,657.8113148279866
2026-07-17,90day,1.0,2027-01-27,0,3054.794725846025,3054.794725846025
2026-07-17,90day,1.0,2027-03-17,0,3503.6685739639906,3503.6685739639906
2026-07-17,90day,1.0,2027-04-28,0,3503.6685739639906,3503.6685739639906
2026-07-17,90day,1.0,2027-06-09,0,3503.6685739639906,3503.6685739639906
2026-07-17,90day,1.0,all_meetings,655.3606002384007,7769.128883726428,7113.768283488028
2026-07-17,gap,1.0,2026-07-29,0,242.86553704455378,242.86553704455378
2026-07-17,gap,1.0,2026-09-16,0,1147.8994537874873,1147.8994537874873
2026-07-17,gap,1.0,2026-10-28,0,517.9503710387498,517.9503710387498
2026-07-17,gap,1.0,2026-12-09,0,657.8113148279863,657.8113148279863
2026-07-17,gap,1.0,2027-01-27,0,3054.794725846025,3054.794725846025
2026-07-17,gap,1.0,2027-03-17,0,3503.668573963988,3503.668573963988
2026-07-17,gap,1.0,2027-04-28,0,3503.668573963988,3503.668573963988
2026-07-17,gap,1.0,2027-06-09,0,3503.668573963988,3503.668573963988
2026-07-17,gap,1.0,all_meetings,0,8024.766822779333,8024.766822779333
2026-07-21,constant,1.0,2026-07-29,0,156.70807423162694,156.70807423162694
2026-07-21,constant,1.0,2026-09-16,549.6127023207986,1092.5669524834054,542.9542501626069
2026-07-21,constant,1.0,2026-10-28,0,602.5144609142754,602.5144609142754
2026-07-21,constant,1.0,2026-12-09,0,636.426573966989,636.426573966989
2026-07-21,constant,1.0,2027-01-27,1346.9861468066783,2817.593653489249,1470.6075066825706
2026-07-21,constant,1.0,2027-03-17,0,3240.2448130069565,3240.2448130069565
2026-07-21,constant,1.0,2027-04-28,0,3240.2448130069565,3240.2448130069565
2026-07-21,constant,1.0,2027-06-09,0,3240.2448130069565,3240.2448130069565
2026-07-21,constant,1.0,all_meetings,4566.321513900895,6918.386400912845,2352.0648870119494
2026-07-21,90day,1.0,2026-07-29,0,156.70807423162694,156.70807423162694
2026-07-21,90day,1.0,2026-09-16,549.6127023207986,1092.5669524834054,542.9542501626069
2026-07-21,90day,1.0,2026-10-28,0,717.4411908502583,717.4411908502583
2026-07-21,90day,1.0,2026-12-09,0,765.14451149529,765.14451149529
2026-07-21,90day,1.0,2027-01-27,0,3235.9269504562258,3235.9269504562258
2026-07-21,90day,1.0,2027-03-17,0,3658.5781099739343,3658.5781099739343
2026-07-21,90day,1.0,2027-04-28,0,3658.5781099739343,3658.5781099739343
2026-07-21,90day,1.0,2027-06-09,0,3658.5781099739343,3658.5781099739343
2026-07-21,90day,1.0,all_meetings,549.6127023207986,7998.697662311084,7449.084959990286
2026-07-21,gap,1.0,2026-07-29,0,267.0377349701705,267.0377349701705
2026-07-21,gap,1.0,2026-09-16,0,1253.4643743937813,1253.4643743937813
2026-07-21,gap,1.0,2026-10-28,0,731.2323984425764,731.2323984425764
2026-07-21,gap,1.0,2026-12-09,0,765.1445114952903,765.1445114952903
2026-07-21,gap,1.0,2027-01-27,0,3235.926950456226,3235.926950456226
2026-07-21,gap,1.0,2027-03-17,0,3658.5781099739343,3658.5781099739343
2026-07-21,gap,1.0,2027-04-28,0,3658.5781099739343,3658.5781099739343
2026-07-21,gap,1.0,2027-06-09,0,3658.5781099739343,3658.5781099739343
2026-07-21,gap,1.0,all_meetings,0,8283.71595255232,8283.71595255232
2026-07-22,constant,1.0,2026-07-29,0,211.53611399669,211.53611399669
2026-07-22,constant,1.0,2026-09-16,416.81706100220373,1165.8171621990382,749.0001011968345
2026-07-22,constant,1.0,2026-10-28,0,614.0562508796273,614.0562508796273
2026-07-22,constant,1.0,2026-12-09,0,560.8078299504008,560.8078299504008
2026-07-22,constant,1.0,2027-01-27,1066.251997861601,2743.8559966026755,1677.6039987410745
2026-07-22,constant,1.0,2027-03-17,0,3248.5872959221138,3248.5872959221138
2026-07-22,constant,1.0,2027-04-28,0,3248.5872959221138,3248.5872959221138
2026-07-22,constant,1.0,2027-06-09,0,3248.5872959221138,3248.5872959221138
2026-07-22,constant,1.0,all_meetings,3822.604230062331,6767.358558960217,2944.754328897886
2026-07-22,90day,1.0,2026-07-29,0,211.53611399669,211.53611399669
2026-07-22,90day,1.0,2026-09-16,416.81706100220373,1165.8171621990382,749.0001011968345
2026-07-22,90day,1.0,2026-10-28,0,753.2266554139818,753.2266554139818
2026-07-22,90day,1.0,2026-12-09,0,723.1733019071473,723.1733019071473
2026-07-22,90day,1.0,2027-01-27,0,3271.5437804621024,3271.5437804621024
2026-07-22,90day,1.0,2027-03-17,0,3776.2750797815406,3776.2750797815406
2026-07-22,90day,1.0,2027-04-28,0,3776.2750797815406,3776.2750797815406
2026-07-22,90day,1.0,2027-06-09,0,3776.2750797815406,3776.2750797815406
2026-07-22,90day,1.0,all_meetings,416.81706100220373,8124.270003170172,7707.452942167968
2026-07-22,gap,1.0,2026-07-29,0,344.9077516754462,344.9077516754462
2026-07-22,gap,1.0,2026-09-16,0,1368.7740021449717,1368.7740021449717
2026-07-22,gap,1.0,2026-10-28,0,776.4217228363739,776.4217228363739
2026-07-22,gap,1.0,2026-12-09,0,723.1733019071476,723.1733019071476
2026-07-22,gap,1.0,2027-01-27,0,3271.5437804621024,3271.5437804621024
2026-07-22,gap,1.0,2027-03-17,0,3776.2750797815406,3776.2750797815406
2026-07-22,gap,1.0,2027-04-28,0,3776.2750797815406,3776.2750797815406
2026-07-22,gap,1.0,2027-06-09,0,3776.2750797815406,3776.2750797815406
2026-07-22,gap,1.0,all_meetings,0,8483.793548217254,8483.793548217254
2026-07-23,constant,0.5,2026-07-29,138.54499465522684,141.6470986857353,3.102104030508457
2026-07-23,constant,0.5,2026-09-16,750.9922977522143,925.4758771098025,174.48357935758816
2026-07-23,constant,0.5,2026-10-28,4.833561331783017,347.7561784554189,342.92261712363586
2026-07-23,constant,0.5,2026-12-09,0,169.34484756428583,169.34484756428583
2026-07-23,constant,0.5,2027-01-27,1893.9485836014646,2235.4064556998437,341.4578720983791
2026-07-23,constant,0.5,2027-03-17,0,2546.774110092071,2546.774110092071
2026-07-23,constant,0.5,2027-04-28,0,2546.774110092071,2546.774110092071
2026-07-23,constant,0.5,2027-06-09,0,2546.774110092071,2546.774110092071
2026-07-23,constant,0.5,all_meetings,5581.0324096323,5690.3914774311215,109.35906779882134
2026-07-23,constant,1.0,2026-07-29,0,324.1858523987395,324.1858523987395
2026-07-23,constant,1.0,2026-09-16,379.5635212426518,1282.292617067083,902.7290958244312
2026-07-23,constant,1.0,2026-10-28,0,718.5769056012924,718.5769056012924
2026-07-23,constant,1.0,2026-12-09,0,558.9202911995335,558.9202911995335
2026-07-23,constant,1.0,2027-01-27,1130.4867803711222,3012.0207210229833,1881.533940651861
2026-07-23,constant,1.0,2027-03-17,0,3442.4442789570053,3442.4442789570053
2026-07-23,constant,1.0,2027-04-28,0,3442.4442789570053,3442.4442789570053
2026-07-23,constant,1.0,2027-06-09,0,3442.4442789570053,3442.4442789570053
2026-07-23,constant,1.0,all_meetings,3790.1120740286087,7534.3206162139395,3744.2085421853308
2026-07-23,90day,0.5,2026-07-29,138.54499465522684,141.6470986857353,3.102104030508457
2026-07-23,90day,0.5,2026-09-16,750.9922977522143,925.4758771098025,174.48357935758816
2026-07-23,90day,0.5,2026-10-28,0,575.4807232340888,575.4807232340888
2026-07-23,90day,0.5,2026-12-09,0,441.48352500814894,441.48352500814894
2026-07-23,90day,0.5,2027-01-27,0,3119.857157392399,3119.857157392399
2026-07-23,90day,0.5,2027-03-17,0,3431.2248117846248,3431.2248117846248
2026-07-23,90day,0.5,2027-04-28,0,3431.2248117846248,3431.2248117846248
2026-07-23,90day,0.5,2027-06-09,0,3431.2248117846248,3431.2248117846248
2026-07-23,90day,0.5,all_meetings,928.4923556965673,7954.974043303267,7026.4816876067
2026-07-23,90day,1.0,2026-07-29,0,324.1858523987395,324.1858523987395
2026-07-23,90day,1.0,2026-09-16,379.5635212426518,1282.292617067083,902.7290958244312
2026-07-23,90day,1.0,2026-10-28,0,828.6010286927966,828.6010286927966
2026-07-23,90day,1.0,2026-12-09,0,692.8627019196256,692.8627019196256
2026-07-23,90day,1.0,2027-01-27,0,3447.3335558632825,3447.3335558632825
2026-07-23,90day,1.0,2027-03-17,0,3877.7571137973046,3877.7571137973046
2026-07-23,90day,1.0,2027-04-28,0,3877.7571137973046,3877.7571137973046
2026-07-23,90day,1.0,2027-06-09,0,3877.7571137973046,3877.7571137973046
2026-07-23,90day,1.0,all_meetings,379.5635212426518,8648.912819706133,8269.349298463481
2026-07-23,gap,0.5,2026-07-29,0,355.4703452487704,355.4703452487704
2026-07-23,gap,0.5,2026-09-16,0,1265.649223914631,1265.649223914631
2026-07-23,gap,0.5,2026-10-28,0,624.0769156347785,624.0769156347785
2026-07-23,gap,0.5,2026-12-09,0,441.48352500814894,441.48352500814894
2026-07-23,gap,0.5,2027-01-27,0,3119.857157392399,3119.857157392399
2026-07-23,gap,0.5,2027-03-17,0,3431.2248117846248,3431.2248117846248
2026-07-23,gap,0.5,2027-04-28,0,3431.2248117846248,3431.2248117846248
2026-07-23,gap,0.5,2027-06-09,0,3431.2248117846248,3431.2248117846248
2026-07-23,gap,0.5,all_meetings,0,8557.56682907182,8557.56682907182
2026-07-23,gap,1.0,2026-07-29,0,429.4263179645261,429.4263179645261
2026-07-23,gap,1.0,2026-09-16,0,1449.7206304671981,1449.7206304671981
2026-07-23,gap,1.0,2026-10-28,0,852.5193163213844,852.5193163213844
2026-07-23,gap,1.0,2026-12-09,0,692.8627019196258,692.8627019196258
2026-07-23,gap,1.0,2027-01-27,0,3447.3335558632825,3447.3335558632825
2026-07-23,gap,1.0,2027-03-17,0,3877.7571137973046,3877.7571137973046
2026-07-23,gap,1.0,2027-04-28,0,3877.7571137973046,3877.7571137973046
2026-07-23,gap,1.0,2027-06-09,0,3877.7571137973046,3877.7571137973046
2026-07-23,gap,1.0,all_meetings,0,8945.499586300624,8945.499586300624
2026-07-24,constant,1.0,2026-07-29,0,229.15804943752806,229.15804943752806
2026-07-24,constant,1.0,2026-09-16,305.20369948364,1096.652940658304,791.449241174664
2026-07-24,constant,1.0,2026-10-28,0,644.4743290326362,644.4743290326362
2026-07-24,constant,1.0,2026-12-09,0,544.3655587509976,544.3655587509976
2026-07-24,constant,1.0,2027-01-27,1080.542653440321,2863.8069225144473,1783.2642690741263
2026-07-24,constant,1.0,2027-03-17,0,3311.1599699892813,3311.1599699892813
2026-07-24,constant,1.0,2027-04-28,0,3311.1599699892813,3311.1599699892813
2026-07-24,constant,1.0,2027-06-09,0,3311.1599699892813,3311.1599699892813
2026-07-24,constant,1.0,all_meetings,3728.019343113998,6766.640543601553,3038.621200487555
2026-07-24,90day,1.0,2026-07-29,0,229.15804943752806,229.15804943752806
2026-07-24,90day,1.0,2026-09-16,305.20369948364,1096.652940658304,791.449241174664
2026-07-24,90day,1.0,2026-10-28,0,787.1332447143197,787.1332447143197
2026-07-24,90day,1.0,2026-12-09,0,725.9314514367769,725.9314514367769
2026-07-24,90day,1.0,2027-01-27,0,3453.89607374323,3453.89607374323
2026-07-24,90day,1.0,2027-03-17,0,3901.249121218063,3901.249121218063
2026-07-24,90day,1.0,2027-04-28,0,3901.249121218063,3901.249121218063
2026-07-24,90day,1.0,2027-06-09,0,3901.249121218063,3901.249121218063
2026-07-24,90day,1.0,all_meetings,305.20369948364,8271.04365442658,7965.83995494294
2026-07-24,gap,1.0,2026-07-29,0,365.33246895186244,365.33246895186244
2026-07-24,gap,1.0,2026-09-16,0,1323.610306515528,1323.610306515528
2026-07-24,gap,1.0,2026-10-28,0,826.0402217184153,826.0402217184153
2026-07-24,gap,1.0,2026-12-09,0,725.931451436777,725.931451436777
2026-07-24,gap,1.0,2027-01-27,0,3453.8960737432308,3453.8960737432308
2026-07-24,gap,1.0,2027-03-17,0,3901.249121218063,3901.249121218063
2026-07-24,gap,1.0,2027-04-28,0,3901.249121218063,3901.249121218063
2026-07-24,gap,1.0,2027-06-09,0,3901.249121218063,3901.249121218063
2026-07-24,gap,1.0,all_meetings,0,8673.082416802234,8673.082416802234
2026-07-29,constant,1.0,2026-09-16,509.07120009481264,952.4218236535238,443.35062355871116
2026-07-29,constant,1.0,2026-10-28,0,417.53467797706946,417.53467797706946
2026-07-29,constant,1.0,2026-12-09,0,419.81289975080335,419.81289975080335
2026-07-29,constant,1.0,2027-01-27,1680.0972462025998,2703.0825676981653,1022.9853214955656
2026-07-29,constant,1.0,2027-03-17,0,2980.2481195223127,2980.2481195223127
2026-07-29,constant,1.0,2027-04-28,0,2980.2481195223127,2980.2481195223127
2026-07-29,constant,1.0,2027-06-09,0,2980.2481195223127,2980.2481195223127
2026-07-29,constant,1.0,all_meetings,4993.373462597794,6274.8861495470355,1281.5126869492415
2026-07-29,90day,1.0,2026-09-16,509.07120009481264,952.4218236535238,443.35062355871116
2026-07-29,90day,1.0,2026-10-28,0,497.5523048819672,497.5523048819672
2026-07-29,90day,1.0,2026-12-09,0,551.6066381823998,551.6066381823998
2026-07-29,90day,1.0,2027-01-27,0,3131.4122176008536,3131.4122176008536
2026-07-29,90day,1.0,2027-03-17,0,3408.577769425001,3408.577769425001
2026-07-29,90day,1.0,2027-04-28,0,3408.577769425001,3408.577769425001
2026-07-29,90day,1.0,2027-06-09,0,3408.577769425001,3408.577769425001
2026-07-29,90day,1.0,all_meetings,509.07120009481264,7343.356814688907,6834.285614594095
2026-07-29,gap,1.0,2026-09-16,0,1117.1639966930193,1117.1639966930193
2026-07-29,gap,1.0,2026-10-28,0,549.3284164086658,549.3284164086658
2026-07-29,gap,1.0,2026-12-09,0,551.6066381823998,551.6066381823998
2026-07-29,gap,1.0,2027-01-27,0,3131.4122176008536,3131.4122176008536
2026-07-29,gap,1.0,2027-03-17,0,3408.577769425001,3408.577769425001
2026-07-29,gap,1.0,2027-04-28,0,3408.577769425001,3408.577769425001
2026-07-29,gap,1.0,2027-06-09,0,3408.577769425001,3408.577769425001
2026-07-29,gap,1.0,all_meetings,0,7559.875099255101,7559.875099255101
2026-07-30,constant,0.5,2026-09-16,615.0416017400377,802.6944308136358,187.65282907359813
2026-07-30,constant,0.5,2026-10-28,31.098610504883823,268.4802469906764,237.38163648579257
2026-07-30,constant,0.5,2026-12-09,0,249.35924188234674,249.35924188234674
2026-07-30,constant,0.5,2027-01-27,2005.4938305303956,2401.5774167115837,396.08358618118814
2026-07-30,constant,0.5,2027-03-17,0,2596.808940670272,2596.808940670272
2026-07-30,constant,0.5,2027-04-28,0,2596.808940670272,2596.808940670272
2026-07-30,constant,0.5,2027-06-09,0,2596.808940670272,2596.808940670272
2026-07-30,constant,0.5,all_meetings,5348.795830640527,5862.211117309106,513.415286668579
2026-07-30,constant,1.0,2026-09-16,439.62504070727874,976.9017129014487,537.27667219417
2026-07-30,constant,1.0,2026-10-28,0,487.9747338735406,487.9747338735406
2026-07-30,constant,1.0,2026-12-09,0,493.35912979765,493.35912979765
2026-07-30,constant,1.0,2027-01-27,1612.0066629553357,2772.029602209682,1160.022939254346
2026-07-30,constant,1.0,2027-03-17,0,3092.616254451625,3092.616254451625
2026-07-30,constant,1.0,2027-04-28,0,3092.616254451625,3092.616254451625
2026-07-30,constant,1.0,2027-06-09,0,3092.616254451625,3092.616254451625
2026-07-30,constant,1.0,all_meetings,4761.674917880388,6397.0820619279075,1635.407144047519
2026-07-30,90day,0.5,2026-09-16,615.0416017400377,802.6944308136358,187.65282907359813
2026-07-30,90day,0.5,2026-10-28,0,355.1051760855896,355.1051760855896
2026-07-30,90day,0.5,2026-12-09,0,400.95286779844446,400.95286779844446
2026-07-30,90day,0.5,2027-01-27,0,2894.2567009389018,2894.2567009389018
2026-07-30,90day,0.5,2027-03-17,0,3089.48822489759,3089.48822489759
2026-07-30,90day,0.5,2027-04-28,0,3089.48822489759,3089.48822489759
2026-07-30,90day,0.5,2027-06-09,0,3089.48822489759,3089.48822489759
2026-07-30,90day,0.5,all_meetings,615.0416017400377,7085.788240774752,6470.7466390347145
2026-07-30,90day,1.0,2026-09-16,439.62504070727874,976.9017129014487,537.27667219417
2026-07-30,90day,1.0,2026-10-28,0,559.1952259150225,559.1952259150225
2026-07-30,90day,1.0,2026-12-09,0,617.9949908702433,617.9949908702433
2026-07-30,90day,1.0,2027-01-27,0,3177.0961506956096,3177.0961506956096
2026-07-30,90day,1.0,2027-03-17,0,3497.6828029375542,3497.6828029375542
2026-07-30,90day,1.0,2027-04-28,0,3497.6828029375542,3497.6828029375542
2026-07-30,90day,1.0,2027-06-09,0,3497.6828029375542,3497.6828029375542
2026-07-30,90day,1.0,all_meetings,439.62504070727874,7403.071512013839,6963.446471306561
2026-07-30,gap,0.5,2026-09-16,0,992.1864632087581,992.1864632087581
2026-07-30,gap,0.5,2026-10-28,0,420.07387290677434,420.07387290677434
2026-07-30,gap,0.5,2026-12-09,0,400.95286779844446,400.95286779844446
2026-07-30,gap,0.5,2027-01-27,0,2894.2567009389018,2894.2567009389018
2026-07-30,gap,0.5,2027-03-17,0,3089.4882248975905,3089.4882248975905
2026-07-30,gap,0.5,2027-04-28,0,3089.4882248975905,3089.4882248975905
2026-07-30,gap,0.5,2027-06-09,0,3089.4882248975905,3089.4882248975905
2026-07-30,gap,0.5,all_meetings,0,7340.24896999106,7340.24896999106
2026-07-30,gap,1.0,2026-09-16,0,1132.6965392421903,1132.6965392421903
2026-07-30,gap,1.0,2026-10-28,0,612.6105949461339,612.6105949461339
2026-07-30,gap,1.0,2026-12-09,0,617.9949908702433,617.9949908702433
2026-07-30,gap,1.0,2027-01-27,0,3177.0961506956105,3177.0961506956105
2026-07-30,gap,1.0,2027-03-17,0,3497.682802937554,3497.682802937554
2026-07-30,gap,1.0,2027-04-28,0,3497.682802937554,3497.682802937554
2026-07-30,gap,1.0,2027-06-09,0,3497.682802937554,3497.682802937554
2026-07-30,gap,1.0,all_meetings,0,7612.281707385693,7612.281707385693
2026-07-31,constant,0.5,2026-09-16,657.2655790162728,794.0828438364596,136.81726482018678
2026-07-31,constant,0.5,2026-10-28,94.81940091209765,305.653749627343,210.83434871524537
2026-07-31,constant,0.5,2026-12-09,0,185.23234428677938,185.23234428677938
2026-07-31,constant,0.5,2027-01-27,2107.5863388418393,2558.8554126651975,451.2690738233582
2026-07-31,constant,0.5,2027-03-17,0,2785.74910353072,2785.74910353072
2026-07-31,constant,0.5,2027-04-28,0,2785.74910353072,2785.74910353072
2026-07-31,constant,0.5,2027-06-09,0,2785.74910353072,2785.74910353072
2026-07-31,constant,0.5,all_meetings,5709.085633157438,6047.285568867168,338.1999357097302
2026-07-31,constant,1.0,2026-09-16,481.5716142161364,1037.7174262181409,556.1458120020045
2026-07-31,constant,1.0,2026-10-28,0,564.1665643063151,564.1665643063151
2026-07-31,constant,1.0,2026-12-09,0,469.02381907856704,469.02381907856704
2026-07-31,constant,1.0,2027-01-27,1709.5742191186564,3020.233667041449,1310.6594479227924
2026-07-31,constant,1.0,2027-03-17,0,3364.268200573982,3364.268200573982
2026-07-31,constant,1.0,2027-04-28,0,3364.268200573982,3364.268200573982
2026-07-31,constant,1.0,2027-06-09,0,3364.268200573982,3364.268200573982
2026-07-31,constant,1.0,all_meetings,5126.31925626853,6840.333664930695,1714.014408662165
2026-07-31,90day,0.5,2026-09-16,657.2655790162728,794.0828438364596,136.81726482018678
2026-07-31,90day,0.5,2026-10-28,5.648569934004509,400.1293625475497,394.4807926135452
2026-07-31,90day,0.5,2026-12-09,0,361.58682173783154,361.58682173783154
2026-07-31,90day,0.5,2027-01-27,0,3132.007464381118,3132.007464381118
2026-07-31,90day,0.5,2027-03-17,0,3358.90115524664,3358.90115524664
2026-07-31,90day,0.5,2027-04-28,0,3358.90115524664,3358.90115524664
2026-07-31,90day,0.5,2027-06-09,0,3358.90115524664,3358.90115524664
2026-07-31,90day,0.5,all_meetings,748.0860660026989,7464.419762670268,6716.333696667569
2026-07-31,90day,1.0,2026-09-16,481.5716142161364,1037.7174262181409,556.1458120020045
2026-07-31,90day,1.0,2026-10-28,0,632.216865163604,632.216865163604
2026-07-31,90day,1.0,2026-12-09,0,596.051047345506,596.051047345506
2026-07-31,90day,1.0,2027-01-27,0,3433.0721589090003,3433.0721589090003
2026-07-31,90day,1.0,2027-03-17,0,3777.1066924415345,3777.1066924415345
2026-07-31,90day,1.0,2027-04-28,0,3777.1066924415345,3777.1066924415345
2026-07-31,90day,1.0,2027-06-09,0,3777.1066924415345,3777.1066924415345
2026-07-31,90day,1.0,all_meetings,481.5716142161364,7861.088177790024,7379.516563573888
2026-07-31,gap,0.5,2026-09-16,0,1014.928362291902,1014.928362291902
2026-07-31,gap,0.5,2026-10-28,0,482.0082270783955,482.0082270783955
2026-07-31,gap,0.5,2026-12-09,0,361.58682173783154,361.58682173783154
2026-07-31,gap,0.5,2027-01-27,0,3132.007464381118,3132.007464381118
2026-07-31,gap,0.5,2027-03-17,0,3358.9011552466404,3358.9011552466404
2026-07-31,gap,0.5,2027-04-28,0,3358.9011552466404,3358.9011552466404
2026-07-31,gap,0.5,2027-06-09,0,3358.9011552466404,3358.9011552466404
2026-07-31,gap,0.5,all_meetings,0,7767.144145656557,7767.144145656557
2026-07-31,gap,1.0,2026-09-16,0,1196.5014615518144,1196.5014615518144
2026-07-31,gap,1.0,2026-10-28,0,691.1937925732541,691.1937925732541
2026-07-31,gap,1.0,2026-12-09,0,596.051047345506,596.051047345506
2026-07-31,gap,1.0,2027-01-27,0,3433.0721589089994,3433.0721589089994
2026-07-31,gap,1.0,2027-03-17,0,3777.106692441535,3777.106692441535
2026-07-31,gap,1.0,2027-04-28,0,3777.106692441535,3777.106692441535
2026-07-31,gap,1.0,2027-06-09,0,3777.106692441535,3777.106692441535
2026-07-31,gap,1.0,all_meetings,0,8078.84914053335,8078.84914053335
2026-08-03,constant,0.5,2026-09-16,615.0638948962188,693.643682775818,78.57978787959917
2026-08-03,constant,0.5,2026-10-28,50.98594246130165,245.3274247511706,194.34148228986896
2026-08-03,constant,0.5,2026-12-09,0,264.1448430948219,264.1448430948219
2026-08-03,constant,0.5,2027-01-27,1982.2514062463897,2345.62371917393,363.3723129275404
2026-08-03,constant,0.5,2027-03-17,0,2653.8208171586675,2653.8208171586675
2026-08-03,constant,0.5,2027-04-28,0,2653.8208171586675,2653.8208171586675
2026-08-03,constant,0.5,2027-06-09,0,2653.8208171586675,2653.8208171586675
2026-08-03,constant,0.5,all_meetings,5411.426294578581,5688.10627461637,276.6799800377885
2026-08-03,constant,1.0,2026-09-16,442.2883615219433,983.0618813975092,540.7735198755659
2026-08-03,constant,1.0,2026-10-28,0,506.02971995527116,506.02971995527116
2026-08-03,constant,1.0,2026-12-09,0,554.3307715377628,554.3307715377628
2026-08-03,constant,1.0,2027-01-27,1569.909252415908,2864.292288355578,1294.38303593967
2026-08-03,constant,1.0,2027-03-17,0,3305.4261363051583,3305.4261363051583
2026-08-03,constant,1.0,2027-04-28,0,3305.4261363051583,3305.4261363051583
2026-08-03,constant,1.0,2027-06-09,0,3305.4261363051583,3305.4261363051583
2026-08-03,constant,1.0,all_meetings,4813.759974284744,6715.682960321994,1901.9229860372498
2026-08-03,90day,0.5,2026-09-16,615.0638948962188,693.643682775818,78.57978787959917
2026-08-03,90day,0.5,2026-10-28,0,329.20892066655415,329.20892066655415
2026-08-03,90day,0.5,2026-12-09,0,459.8683335640503,459.8683335640503
2026-08-03,90day,0.5,2027-01-27,0,2981.7250631989223,2981.7250631989223
2026-08-03,90day,0.5,2027-03-17,0,3289.92216118366,3289.92216118366
2026-08-03,90day,0.5,2027-04-28,0,3289.92216118366,3289.92216118366
2026-08-03,90day,0.5,2027-06-09,0,3289.92216118366,3289.92216118366
2026-08-03,90day,0.5,all_meetings,615.0638948962188,7239.913949050965,6624.850054154746
2026-08-03,90day,1.0,2026-09-16,442.2883615219433,983.0618813975092,540.7735198755659
2026-08-03,90day,1.0,2026-10-28,0,559.6409782555628,559.6409782555628
2026-08-03,90day,1.0,2026-12-09,0,679.4237075717764,679.4237075717764
2026-08-03,90day,1.0,2027-01-27,0,3270.844330466122,3270.844330466122
2026-08-03,90day,1.0,2027-03-17,0,3711.9781784157017,3711.9781784157017
2026-08-03,90day,1.0,2027-04-28,0,3711.9781784157017,3711.9781784157017
2026-08-03,90day,1.0,2027-06-09,0,3711.9781784157017,3711.9781784157017
2026-08-03,90day,1.0,all_meetings,442.2883615219433,7707.491238877388,7265.202877355445
2026-08-03,gap,0.5,2026-09-16,0,938.2980458623533,938.2980458623533
2026-08-03,gap,0.5,2026-10-28,0,441.050915220399,441.050915220399
2026-08-03,gap,0.5,2026-12-09,0,459.8683335640503,459.8683335640503
2026-08-03,gap,0.5,2027-01-27,0,2981.7250631989227,2981.7250631989227
2026-08-03,gap,0.5,2027-03-17,0,3289.922161183661,3289.922161183661
2026-08-03,gap,0.5,2027-04-28,0,3289.922161183661,3289.922161183661
2026-08-03,gap,0.5,2027-06-09,0,3289.922161183661,3289.922161183661
2026-08-03,gap,0.5,all_meetings,0,7596.410306691348,7596.410306691348
2026-08-03,gap,1.0,2026-09-16,0,1139.4280514400261,1139.4280514400261
2026-08-03,gap,1.0,2026-10-28,0,631.1226559892848,631.1226559892848
2026-08-03,gap,1.0,2026-12-09,0,679.4237075717763,679.4237075717763
2026-08-03,gap,1.0,2027-01-27,0,3270.8443304661223,3270.8443304661223
2026-08-03,gap,1.0,2027-03-17,0,3711.978178415701,3711.978178415701
2026-08-03,gap,1.0,2027-04-28,0,3711.978178415701,3711.978178415701
2026-08-03,gap,1.0,2027-06-09,0,3711.978178415701,3711.978178415701
2026-08-03,gap,1.0,all_meetings,0,7935.339086653626,7935.339086653626
2026-08-12,constant,1.0,2026-09-16,376.13223041418024,602.1122492719699,225.98001885778962
2026-08-12,constant,1.0,2026-10-28,28.04456897748514,209.1280960106135,181.08352703312835
2026-08-12,constant,1.0,2026-12-09,52.718736210850466,276.17111700499163,223.45238079414116
2026-08-12,constant,1.0,2027-01-27,1608.3328542634163,2349.4361365776244,741.1032823142082
2026-08-12,constant,1.0,2027-03-17,0,2895.470438763173,2895.470438763173
2026-08-12,constant,1.0,2027-04-28,0,2895.470438763173,2895.470438763173
2026-08-12,constant,1.0,2027-06-09,0,2895.470438763173,2895.470438763173
2026-08-12,constant,1.0,all_meetings,4509.978559999447,5715.860215599325,1205.8816555998783
2026-08-12,90day,1.0,2026-09-16,376.13223041418024,602.1122492719699,225.98001885778962
2026-08-12,90day,1.0,2026-10-28,6.162259903041633,220.39917455600084,214.2369146529592
2026-08-12,90day,1.0,2026-12-09,0,381.36785009527284,381.36785009527284
2026-08-12,90day,1.0,2027-01-27,0,2691.325519121039,2691.325519121039
2026-08-12,90day,1.0,2027-03-17,0,3237.359821306587,3237.359821306587
2026-08-12,90day,1.0,2027-04-28,0,3237.359821306587,3237.359821306587
2026-08-12,90day,1.0,2027-06-09,0,3237.359821306587,3237.359821306587
2026-08-12,90day,1.0,all_meetings,441.2796841692233,6516.106792321822,6074.827108152598
2026-08-12,gap,1.0,2026-09-16,0,733.6081656348215,733.6081656348215
2026-08-12,gap,1.0,2026-10-28,0,314.32482910089493,314.32482910089493
2026-08-12,gap,1.0,2026-12-09,0,381.36785009527284,381.36785009527284
2026-08-12,gap,1.0,2027-01-27,0,2691.325519121039,2691.325519121039
2026-08-12,gap,1.0,2027-03-17,0,3237.359821306587,3237.359821306587
2026-08-12,gap,1.0,2027-04-28,0,3237.359821306587,3237.359821306587
2026-08-12,gap,1.0,2027-06-09,0,3237.359821306587,3237.359821306587
2026-08-12,gap,1.0,all_meetings,0,6741.528363229569,6741.528363229569
2026-08-24,constant,1.0,2026-09-16,198.70548316773295,448.71037332970235,250.0048901619694
2026-08-24,constant,1.0,2026-10-28,18.694338945949994,186.30824546232628,167.6139065163763
2026-08-24,constant,1.0,2026-12-09,48.237774229580054,233.05507065483368,184.81729642525363
2026-08-24,constant,1.0,2027-01-27,1313.742763056604,2144.030565899065,830.2878028424611
2026-08-24,constant,1.0,2027-03-17,0,2812.5032275807516,2812.5032275807516
2026-08-24,constant,1.0,2027-04-28,0,2812.5032275807516,2812.5032275807516
2026-08-24,constant,1.0,2027-06-09,0,2812.5032275807516,2812.5032275807516
2026-08-24,constant,1.0,all_meetings,3874.1916448742554,5279.770601101417,1405.5789562271616
2026-08-24,90day,1.0,2026-09-16,198.70548316773295,448.71037332970235,250.0048901619694
2026-08-24,90day,1.0,2026-10-28,18.694338945949994,186.30824546232628,167.6139065163763
2026-08-24,90day,1.0,2026-12-09,0,347.3387322363941,347.3387322363941
2026-08-24,90day,1.0,2027-01-27,0,2691.38915557917,2691.38915557917
2026-08-24,90day,1.0,2027-03-17,0,3359.861817260856,3359.861817260856
2026-08-24,90day,1.0,2027-04-28,0,3359.861817260856,3359.861817260856
2026-08-24,90day,1.0,2027-06-09,0,3359.861817260856,3359.861817260856
2026-08-24,90day,1.0,all_meetings,343.3161258957691,6488.771442043188,6145.455316147419
2026-08-24,gap,1.0,2026-09-16,0,659.2329078220505,659.2329078220505
2026-08-24,gap,1.0,2026-10-28,0,354.7262730562047,354.7262730562047
2026-08-24,gap,1.0,2026-12-09,0,401.4730982487122,401.4730982487122
2026-08-24,gap,1.0,2027-01-27,0,2691.38915557917,2691.38915557917
2026-08-24,gap,1.0,2027-03-17,0,3359.8618172608567,3359.8618172608567
2026-08-24,gap,1.0,2027-04-28,0,3359.8618172608567,3359.8618172608567
2026-08-24,gap,1.0,2027-06-09,0,3359.8618172608567,3359.8618172608567
2026-08-24,gap,1.0,all_meetings,0,6921.846370141731,6921.846370141731
2026-08-27,constant,1.0,2026-09-16,72.90480466370936,321.61191974288727,248.70711507917792
2026-08-27,constant,1.0,2026-10-28,54.242874737782714,240.21463018140116,185.97175544361846
2026-08-27,constant,1.0,2026-12-09,29.237539811306476,275.80948718414703,246.57194737284055
2026-08-27,constant,1.0,2027-01-27,1302.996560851132,2059.7463859223353,756.7498250712033
2026-08-27,constant,1.0,2027-03-17,0,2692.079927176403,2692.079927176403
2026-08-27,constant,1.0,2027-04-28,0,2692.079927176403,2692.079927176403
2026-08-27,constant,1.0,2027-06-09,0,2692.079927176403,2692.079927176403
2026-08-27,constant,1.0,all_meetings,3640.2738120185736,5185.897306770088,1545.6234947515145
2026-08-27,90day,1.0,2026-09-16,72.90480466370936,321.61191974288727,248.70711507917792
2026-08-27,90day,1.0,2026-10-28,54.242874737782714,240.21463018140116,185.97175544361846
2026-08-27,90day,1.0,2026-12-09,0,349.0313157834859,349.0313157834859
2026-08-27,90day,1.0,2027-01-27,0,2476.1955360810753,2476.1955360810753
2026-08-27,90day,1.0,2027-03-17,0,3108.529077335144,3108.529077335144
2026-08-27,90day,1.0,2027-04-28,0,3108.529077335144,3108.529077335144
2026-08-27,90day,1.0,2027-06-09,0,3108.529077335144,3108.529077335144
2026-08-27,90day,1.0,all_meetings,194.341813308958,6092.017435686908,5897.67562237795
2026-08-27,gap,1.0,2026-09-16,0,481.78466980394114,481.78466980394114
2026-08-27,gap,1.0,2026-10-28,0,368.3528302302443,368.3528302302443
2026-08-27,gap,1.0,2026-12-09,0,403.9476872329901,403.9476872329901
2026-08-27,gap,1.0,2027-01-27,0,2476.1955360810753,2476.1955360810753
2026-08-27,gap,1.0,2027-03-17,0,3108.5290773351444,3108.5290773351444
2026-08-27,gap,1.0,2027-04-28,0,3108.5290773351444,3108.5290773351444
2026-08-27,gap,1.0,2027-06-09,0,3108.5290773351444,3108.5290773351444
2026-08-27,gap,1.0,all_meetings,0,6435.244757246309,6435.244757246309
2026-08-28,90day,1.0,2026-09-16,6.291570965239102,551.0497659025483,544.7581949373092
2026-08-28,90day,1.0,2026-10-28,0,299.28214858711635,299.28214858711635
2026-08-28,90day,1.0,2026-12-09,0,89.93850438896196,89.93850438896196
2026-08-28,90day,1.0,2027-01-27,0,153.3595763810731,153.3595763810731
2026-08-28,90day,1.0,2027-03-17,0,3007.6818510686976,3007.6818510686976
2026-08-28,90day,1.0,2027-04-28,0,3007.6818510686976,3007.6818510686976
2026-08-28,90day,1.0,2027-06-09,0,3007.6818510686976,3007.6818510686976
2026-08-28,90day,1.0,all_meetings,21.921513402553288,3652.254548702525,3630.3330352999715
2026-08-28,gap,1.0,2026-09-16,0,711.668973792463,711.668973792463
2026-08-28,gap,1.0,2026-10-28,0,591.0441305553277,591.0441305553277
2026-08-28,gap,1.0,2026-12-09,0,611.3231300731995,611.3231300731995
2026-08-28,gap,1.0,2027-01-27,0,1384.6290770576006,1384.6290770576006
2026-08-28,gap,1.0,2027-03-17,0,3335.753360002786,3335.753360002786
2026-08-28,gap,1.0,2027-04-28,0,3335.753360002786,3335.753360002786
2026-08-28,gap,1.0,2027-06-09,0,3335.753360002786,3335.753360002786
2026-08-28,gap,1.0,all_meetings,0,5694.023249265136,5694.023249265136
2026-09-01,gap,1.0,2026-09-16,0,726.3838920945095,726.3838920945095
2026-09-01,gap,1.0,2026-10-28,0,599.0437183450877,599.0437183450877
2026-09-01,gap,1.0,2026-12-09,0,571.0899501482404,571.0899501482404
2026-09-01,gap,1.0,2027-01-27,0,1446.0150571408258,1446.0150571408258
2026-09-01,gap,1.0,2027-03-17,0,3549.5830669895226,3549.5830669895226
2026-09-01,gap,1.0,2027-04-28,0,3549.5830669895226,3549.5830669895226
2026-09-01,gap,1.0,2027-06-09,0,3549.5830669895226,3549.5830669895226
2026-09-01,gap,1.0,all_meetings,0,5871.22119128896,5871.22119128896
2026-09-02,gap,0.5,2026-09-16,0,614.5212497089892,614.5212497089892
2026-09-02,gap,0.5,2026-10-28,0,440.89778928002806,440.89778928002806
2026-09-02,gap,0.5,2026-12-09,0,446.9458319685514,446.9458319685514
2026-09-02,gap,0.5,2027-01-27,0,1132.2376423521346,1132.2376423521346
2026-09-02,gap,0.5,2027-03-17,0,3207.5508151048166,3207.5508151048166
2026-09-02,gap,0.5,2027-04-28,0,3207.5508151048166,3207.5508151048166
2026-09-02,gap,0.5,2027-06-09,0,3207.5508151048166,3207.5508151048166
2026-09-02,gap,0.5,all_meetings,0,5397.379895764727,5397.379895764727
2026-09-02,gap,1.0,2026-09-16,0,710.0539477164093,710.0539477164093
2026-09-02,gap,1.0,2026-10-28,0,589.4501489892095,589.4501489892095
2026-09-02,gap,1.0,2026-12-09,0,621.0428626363146,621.0428626363146
2026-09-02,gap,1.0,2027-01-27,0,1423.5433780922867,1423.5433780922867
2026-09-02,gap,1.0,2027-03-17,0,3584.5892370745005,3584.5892370745005
2026-09-02,gap,1.0,2027-04-28,0,3584.5892370745005,3584.5892370745005
2026-09-02,gap,1.0,2027-06-09,0,3584.5892370745005,3584.5892370745005
2026-09-02,gap,1.0,all_meetings,0,5869.053850321355,5869.053850321355
2026-09-03,gap,1.0,2026-09-16,0,613.735971841746,613.735971841746
2026-09-03,gap,1.0,2026-10-28,0,489.13063535117635,489.13063535117635
2026-09-03,gap,1.0,2026-12-09,0,557.761521435441,557.761521435441
2026-09-03,gap,1.0,2027-01-27,0,1345.0162034336663,1345.0162034336663
2026-09-03,gap,1.0,2027-03-17,0,3476.908749869452,3476.908749869452
2026-09-03,gap,1.0,2027-04-28,0,3476.908749869452,3476.908749869452
2026-09-03,gap,1.0,2027-06-09,0,3476.908749869452,3476.908749869452
2026-09-03,gap,1.0,all_meetings,0,5676.66332843214,5676.66332843214
2026-09-04,gap,1.0,2026-09-16,0,623.4818042589195,623.4818042589195
2026-09-04,gap,1.0,2026-10-28,0,515.1357177036084,515.1357177036084
2026-09-04,gap,1.0,2026-12-09,0,562.2322533405663,562.2322533405663
2026-09-04,gap,1.0,2027-01-27,0,1344.7263418841085,1344.7263418841085
2026-09-04,gap,1.0,2027-03-17,0,3579.8119062052133,3579.8119062052133
2026-09-04,gap,1.0,2027-04-28,0,3579.8119062052133,3579.8119062052133
2026-09-04,gap,1.0,2027-06-09,0,3579.8119062052133,3579.8119062052133
2026-09-04,gap,1.0,all_meetings,0,5790.474689033832,5790.474689033832
2026-09-08,gap,1.0,2026-09-16,0,674.0945325232067,674.0945325232067
2026-09-08,gap,1.0,2026-10-28,0,513.2405737790159,513.2405737790159
2026-09-08,gap,1.0,2026-12-09,0,476.199889619048,476.199889619048
2026-09-08,gap,1.0,2027-01-27,0,1365.212789298005,1365.212789298005
2026-09-08,gap,1.0,2027-03-17,0,3598.249361316617,3598.249361316617
2026-09-08,gap,1.0,2027-04-28,0,3598.249361316617,3598.249361316617
2026-09-08,gap,1.0,2027-06-09,0,3598.249361316617,3598.249361316617
2026-09-08,gap,1.0,all_meetings,0,5801.80660682417,5801.80660682417
2026-09-11,constant,1.0,2026-09-16,0,652.3379627525685,652.3379627525685
2026-09-11,constant,1.0,2026-10-28,0,623.0189854280957,623.0189854280957
2026-09-11,constant,1.0,2026-12-09,0,610.2322438163833,610.2322438163833
2026-09-11,constant,1.0,2027-01-27,1224.9208668326005,3287.7381190346173,2062.817252202017
2026-09-11,constant,1.0,2027-03-17,0,4105.736883366786,4105.736883366786
2026-09-11,constant,1.0,2027-04-28,0,4105.736883366786,4105.736883366786
2026-09-11,constant,1.0,2027-06-09,0,4105.736883366786,4105.736883366786
2026-09-11,constant,1.0,2027-07-28,1465.8362638999818,3850.2147732302024,2384.3785093302204
2026-09-11,constant,1.0,all_meetings,5410.937284263398,11616.089558973195,6205.152274709797
2026-09-11,90day,1.0,2026-09-16,0,652.3379627525685,652.3379627525685
2026-09-11,90day,1.0,2026-10-28,0,623.0189854280957,623.0189854280957
2026-09-11,90day,1.0,2026-12-09,0,610.2322438163833,610.2322438163833
2026-09-11,90day,1.0,2027-01-27,0,3287.7381190346177,3287.7381190346177
2026-09-11,90day,1.0,2027-03-17,0,4105.736883366785,4105.736883366785
2026-09-11,90day,1.0,2027-04-28,0,4105.736883366785,4105.736883366785
2026-09-11,90day,1.0,2027-06-09,0,4105.736883366785,4105.736883366785
2026-09-11,90day,1.0,2027-07-28,0,3850.2147732302033,3850.2147732302033
2026-09-11,90day,1.0,all_meetings,0,11616.089558973195,11616.089558973195
2026-09-11,gap,1.0,2026-09-16,0,652.3379627525685,652.3379627525685
2026-09-11,gap,1.0,2026-10-28,0,623.0189854280957,623.0189854280957
2026-09-11,gap,1.0,2026-12-09,0,610.2322438163833,610.2322438163833
2026-09-11,gap,1.0,2027-01-27,0,3287.7381190346173,3287.7381190346173
2026-09-11,gap,1.0,2027-03-17,0,4105.736883366786,4105.736883366786
2026-09-11,gap,1.0,2027-04-28,0,4105.736883366786,4105.736883366786
2026-09-11,gap,1.0,2027-06-09,0,4105.736883366786,4105.736883366786
2026-09-11,gap,1.0,2027-07-28,0,3850.2147732302024,3850.2147732302024
2026-09-11,gap,1.0,all_meetings,0,11616.089558973195,11616.089558973195
2026-09-14,gap,1.0,2026-09-16,0,601.047353987937,601.047353987937
2026-09-14,gap,1.0,2026-10-28,0,622.7748737795305,622.7748737795305
2026-09-14,gap,1.0,2026-12-09,0,593.0211911308361,593.0211911308361
2026-09-14,gap,1.0,2027-01-27,0,1645.6471594793002,1645.6471594793002
2026-09-14,gap,1.0,2027-03-17,0,4057.6768494832922,4057.6768494832922
2026-09-14,gap,1.0,2027-04-28,0,4057.6768494832922,4057.6768494832922
2026-09-14,gap,1.0,2027-06-09,0,4057.6768494832922,4057.6768494832922
2026-09-14,gap,1.0,2027-07-28,0,3833.0770142874767,3833.0770142874767
2026-09-14,gap,1.0,all_meetings,0,10213.113626030072,10213.113626030072
