chi1,chi2,kappa,train_n,train_sd_rmse,held_n,held_sd_mae,held_sd_median
0.0,0.0,0.25,219,5.405733687174918,37,1.705837934699463,1.0905305268318841
0.0,0.25,0.25,219,4.698797743410046,37,2.449440197121805,2.047577315177257
0.0,0.5,0.25,219,4.381396443908249,37,4.052455894706898,3.751029750937949
0.0,1.0,0.25,219,4.4674662198236295,37,5.571223076780049,5.743619788754398
0.0,2.0,0.25,219,4.966630057905225,37,6.209486353402329,6.558737078556156
0.0,4.0,0.25,219,5.53554232455654,37,6.4888142120434535,6.9180814426135555
0.0,8.0,0.25,219,5.969490313435544,37,6.593968151146499,6.663444444867096
0.5,0.0,0.25,219,4.352660327292112,37,2.4898742163040164,2.1397596200876805
0.5,0.25,0.25,219,4.1762185062385555,37,4.005329692963432,3.82393816186001
0.5,0.5,0.25,219,4.243194857344138,37,4.927269924837541,4.936500337978018
0.5,1.0,0.25,219,4.536161210193815,37,5.658518099465979,6.094099178742837
0.5,2.0,0.25,219,5.028171982267601,37,6.153551502777108,6.612011548229209
0.5,4.0,0.25,219,5.553217284992032,37,6.438864130468211,6.801765592578974
0.5,8.0,0.25,219,5.967026329654373,37,6.563628447424483,6.610993352327867
1.0,0.0,0.25,219,4.016653662196739,37,3.9206734056334946,3.866055494969192
1.0,0.25,0.25,219,4.147114765124837,37,4.759499321519711,4.85766349476906
1.0,0.5,0.25,219,4.316736589281101,37,5.187490597960053,5.500636834065432
1.0,1.0,0.25,219,4.632987296607251,37,5.703667277016464,6.147455952285355
1.0,2.0,0.25,219,5.086366586710516,37,6.115239884441969,6.647710625954836
1.0,4.0,0.25,219,5.569834754119512,37,6.394741568551409,6.698698543056288
1.0,8.0,0.25,219,5.964839651964323,37,6.5352115755948414,6.56182869679639
2.0,0.0,0.25,219,4.215138241381417,37,4.859152123931895,5.101109555213547
2.0,0.25,0.25,219,4.396805659512232,37,5.187078757404418,5.57596244615393
2.0,0.5,0.25,219,4.556878762316277,37,5.415134783606934,5.7578352387899585
2.0,1.0,0.25,219,4.820167500535103,37,5.717765070960398,6.214079017003513
2.0,2.0,0.25,219,5.188182860358303,37,6.054312098009623,6.4633086712923244
2.0,4.0,0.25,219,5.599888453876147,37,6.320427108550867,6.524674341439933
2.0,8.0,0.25,219,5.961149531982437,37,6.4834836990063955,6.4722392975242755
4.0,0.0,0.25,219,4.716296872081926,37,5.310071831813109,5.537274289625955
4.0,0.25,0.25,219,4.8261519211118715,37,5.448397103351741,5.6829147935789095
4.0,0.5,0.25,219,4.92389796682613,37,5.563120922342917,5.796419895331049
4.0,1.0,0.25,219,5.090121007649583,37,5.741556504885572,5.957963427703419
4.0,2.0,0.25,219,5.339111965130045,37,5.973571223404828,6.135434476043635
4.0,4.0,0.25,219,5.648776943885778,37,6.210774392296574,6.267689432000296
4.0,8.0,0.25,219,5.9557609933811815,37,6.396726091477936,6.418938433539541
8.0,0.0,0.25,219,5.191906383923981,37,5.53312763181466,5.433988410241909
8.0,0.25,0.25,219,5.242794033175168,37,5.59319571726982,5.4976536927033735
8.0,0.5,0.25,219,5.290057719016463,37,5.6475417771576,5.554141943281898
8.0,1.0,0.25,219,5.3751478951059415,37,5.7419384543630265,5.649575924887614
8.0,2.0,0.25,219,5.515296868016371,37,5.888000073706294,5.7898156906164076
8.0,4.0,0.25,219,5.715379246272784,37,6.076897226393425,6.181961546351278
8.0,8.0,0.25,219,5.949550861424393,37,6.269604461664621,6.565688447370761
12.0,0.0,0.25,219,5.403849205807394,37,5.597732070543399,5.633972933597612
12.0,0.25,0.25,219,5.434806641952281,37,5.63574644737898,5.685665840819453
12.0,0.5,0.25,219,5.464162198342671,37,5.671258255299819,5.7338185847739
12.0,1.0,0.25,219,5.518537121214107,37,5.735665759671151,5.820802968495521
12.0,2.0,0.25,219,5.612647413507045,37,5.842960788455689,5.964653141982787
12.0,4.0,0.25,219,5.757841648367032,37,5.998190086839943,6.170235903612912
12.0,8.0,0.25,219,5.946327136874558,37,6.181144037078021,6.408242001237895
16.0,0.0,0.25,219,5.52265493097586,37,5.626852937580877,5.617372146716789
16.0,0.25,0.25,219,5.544318386955631,37,5.654639534218144,5.6563566968231385
16.0,0.5,0.25,219,5.565103792549828,37,5.6810292340277755,5.693318440501116
16.0,1.0,0.25,219,5.604244013038732,37,5.730003626552073,5.76174579276406
16.0,2.0,0.25,219,5.674024117129489,37,5.814987481785261,5.8799501456942025
16.0,4.0,0.25,219,5.7870697576681644,37,5.9463274750152655,6.061201181460632
16.0,8.0,0.25,219,5.944497172916224,37,6.116114662887986,6.292664903496799
0.0,0.25,0.5,219,4.366989809171094,37,2.8813046705474035,2.503420561868662
0.0,0.5,0.5,219,4.127653034869076,37,4.509863724512792,4.379153069598587
0.0,1.0,0.5,219,4.413220686594154,37,5.421518715225728,5.855536786244553
0.0,2.0,0.5,219,4.944239872932175,37,5.838594701325712,6.286186083269925
0.0,4.0,0.5,219,5.419869746339669,37,6.039254993106627,6.147119122180683
0.0,8.0,0.5,219,5.742140015731255,37,6.121495359851517,6.315700233473212
0.5,0.0,0.5,219,4.013208030619993,37,1.4842108355160577,1.589148599622785
0.5,0.25,0.5,219,3.666452721360507,37,3.1959055873903783,3.168726997499398
0.5,0.5,0.5,219,3.834246640669408,37,4.3068305849935395,4.514624277820602
0.5,1.0,0.5,219,4.288130308287712,37,5.114838160000093,5.4671226279618494
0.5,2.0,0.5,219,4.859300472813396,37,5.641611975250433,5.966138549012726
0.5,4.0,0.5,219,5.357832641189158,37,5.932129543614482,5.993649321439655
0.5,8.0,0.5,219,5.702387256481338,37,6.067223668364119,6.3030053486042945
1.0,0.0,0.5,219,3.233739835351756,37,1.719672806563242,1.8031983445062778
1.0,0.25,0.5,219,3.4085462779056996,37,3.222002913198581,3.1532091045269652
1.0,0.5,0.5,219,3.7153678137000123,37,4.034480900436899,4.150906193042026
1.0,1.0,0.5,219,4.210743637970826,37,4.850239036523268,5.074842027565403
1.0,2.0,0.5,219,4.789346847372132,37,5.463671209145717,5.670459333323571
1.0,4.0,0.5,219,5.301175742313659,37,5.829605888992442,5.8440074486368445
1.0,8.0,0.5,219,5.664414112517007,37,6.013863598526319,6.22346780273709
2.0,0.0,0.5,219,2.97137412593108,37,2.0903113303293477,1.658405079071244
2.0,0.25,0.5,219,3.3525638197309475,37,3.0725689145729667,2.8321477643870168
2.0,0.5,0.5,219,3.6662848661851575,37,3.710587841714756,3.5543962032115743
2.0,1.0,0.5,219,4.129165150044856,37,4.46617252386167,4.385350570039442
2.0,2.0,0.5,219,4.681849360541482,37,5.1597655395162905,5.152449683734602
2.0,4.0,0.5,219,5.201635456007207,37,5.638732175977557,5.558990849827069
2.0,8.0,0.5,219,5.593397812977546,37,5.910136405138442,6.066278498631142
4.0,0.0,0.5,219,3.2464680662470737,37,2.4360954795448415,2.29110419727035
4.0,0.25,0.5,219,3.509322669508022,37,2.9887224092255407,2.735445013159847
4.0,0.5,0.5,219,3.730274330383041,37,3.415118729580175,3.1362913899605935
4.0,1.0,0.5,219,4.079313792485075,37,4.021626648423747,3.6829687637292245
4.0,2.0,0.5,219,4.545471290776976,37,4.711437179269006,4.462784961336016
4.0,4.0,0.5,219,5.045011092705985,37,5.310751127313552,5.260609472997444
4.0,8.0,0.5,219,5.468579438441707,37,5.715600638336686,5.768870932423837
8.0,0.0,0.5,219,3.5971437130539403,37,2.6925568898766876,2.6893880982399736
8.0,0.25,0.5,219,3.7361091754394713,37,2.9730377167037654,2.985969642739189
8.0,0.5,0.5,219,3.861529658496915,37,3.21701874024435,3.078487512154462
8.0,1.0,0.5,219,4.078487802637597,37,3.618176928129288,3.511388544872574
8.0,2.0,0.5,219,4.411624635231189,37,4.183420560038563,3.867339245947834
8.0,4.0,0.5,219,4.838215773267055,37,4.825206012667766,4.58696999012367
8.0,8.0,0.5,219,5.272106359452283,37,5.378513617185508,5.400915107416925
12.0,0.0,0.5,219,3.7617402799596706,37,2.8031016243321214,2.9681917658462496
12.0,0.25,0.5,219,3.8536007989987984,37,2.9773835619245075,3.081109072922448
12.0,0.5,0.5,219,3.9391443818934695,37,3.1419761759322387,3.049481347279926
12.0,1.0,0.5,219,4.093504108239659,37,3.436342615376997,3.3392316183852593
12.0,2.0,0.5,219,4.347982043338342,37,3.9001518027587525,3.7891287106314664
12.0,4.0,0.5,219,4.709461750696368,37,4.498309580420407,4.3026460847628005
12.0,8.0,0.5,219,5.125526033158329,37,5.102890083502086,4.964095660781389
16.0,0.0,0.5,219,3.855133650916956,37,2.859189421949081,2.9243611231283353
16.0,0.25,0.5,219,3.9232095839613894,37,2.989596026529624,3.1475487200535213
16.0,0.5,0.5,219,3.9876857440230604,37,3.1109311110751148,3.3537280850499656
16.0,1.0,0.5,219,4.106807679016206,37,3.336707276037549,3.3391725799041367
16.0,2.0,0.5,219,4.311569671591464,37,3.7201032661852964,3.6958522561863205
16.0,4.0,0.5,219,4.622283425785237,37,4.267475030035916,4.18533137470077
16.0,8.0,0.5,219,5.0125838291361315,37,4.879788511096422,4.589673201516483
0.0,0.25,0.75,219,4.160273212358361,37,2.8523009534497956,2.461983319119703
0.0,0.5,0.75,219,3.9076691316500076,37,4.315855624314136,4.359264208816722
0.0,1.0,0.75,219,4.199263454968665,37,5.06451113138182,5.447946686393983
0.0,2.0,0.75,219,4.691240930419423,37,5.436872649938322,5.703208505050981
0.0,4.0,0.75,219,5.1102361080382055,37,5.630561955813732,5.6128837938704805
0.0,8.0,0.75,219,5.385943856829158,37,5.717351561184415,5.801282461009656
0.5,0.0,0.75,219,4.177145826090384,37,1.5043550595176263,0.9349163015152655
0.5,0.25,0.75,219,3.280763412454395,37,2.0077472204100695,1.8024672650287634
0.5,0.5,0.75,219,3.33198275799889,37,3.465234073397392,3.513585984882539
0.5,1.0,0.75,219,3.8529363131611905,37,4.510987379225911,4.658379491274005
0.5,2.0,0.75,219,4.47971814579888,37,5.144721547830976,5.302657360827354
0.5,4.0,0.75,219,4.985766329378698,37,5.485940003130994,5.432375864013807
0.5,8.0,0.75,219,5.316836644382822,37,5.646731357756851,5.702349539758359
1.0,0.0,0.75,219,3.1982800191062988,37,1.7895687691266537,1.5373120546817098
1.0,0.25,0.75,219,2.6530307775420865,37,1.3929712043337725,1.5689272968165753
1.0,0.5,0.75,219,2.906966304504184,37,2.6484246027964797,2.4855794721627333
1.0,1.0,0.75,219,3.562822412370507,37,3.9644170279837536,3.97924859660732
1.0,2.0,0.75,219,4.2867819718550315,37,4.847913199678547,4.8659387372224785
1.0,4.0,0.75,219,4.867014882265664,37,5.3375924553588545,5.239544973342113
1.0,8.0,0.75,219,5.249358328552715,37,5.5746479476077235,5.600630205102391
2.0,0.0,0.75,219,1.9920657511356654,37,2.7126182984067144,2.9039998648217917
2.0,0.25,0.75,219,1.9535083240446534,37,1.079734698429169,0.9863464788719156
2.0,0.5,0.75,219,2.3740343363786502,37,1.4446073364029322,1.3369741033612108
2.0,1.0,0.75,219,3.120386379226302,37,2.9824102272561768,2.6645578324578096
2.0,2.0,0.75,219,3.952093350517157,37,4.265611436233941,4.031524275185877
2.0,4.0,0.75,219,4.646132134045587,37,5.035098040497253,4.827349046714623
2.0,8.0,0.75,219,5.119235789052495,37,5.427001128686176,5.390239352080776
4.0,0.0,0.75,219,1.4172043845605578,37,3.8177350565787496,3.760645436221168
4.0,0.25,0.75,219,1.6085843337804624,37,2.345893971882069,1.82083751729877
4.0,0.5,0.75,219,1.954618324476234,37,1.552946720405437,1.474927897640228
4.0,1.0,0.75,219,2.6020410181909828,37,1.7077588772544297,1.6934911439215057
4.0,2.0,0.75,219,3.450616398465061,37,3.230302800224909,2.9305526806944435
4.0,4.0,0.75,219,4.265682507815855,37,4.434094929514111,4.165781528473076
4.0,8.0,0.75,219,4.877780667240586,37,5.123247724429516,4.950294857858758
8.0,0.0,0.75,219,1.6004930371311872,37,4.528691395340912,4.435275410708492
8.0,0.25,0.75,219,1.69424819568042,37,3.6669134153896312,3.5005821144986253
8.0,0.5,0.75,219,1.8512650162345166,37,2.92077590814455,2.7280116147572215
8.0,1.0,0.75,219,2.22039803986512,37,2.021615411765458,1.8554780264020394
8.0,2.0,0.75,219,2.8756673351403514,37,1.9677185101704693,1.7911788478221453
8.0,4.0,0.75,219,3.702979714243459,37,3.368555925354303,3.270721286846218
8.0,8.0,0.75,219,4.463995105467504,37,4.513983527608501,4.137679431100416
12.0,0.0,0.75,219,1.7718409033679772,37,4.809064618184967,4.582366196922598
12.0,0.25,0.75,219,1.8210534036286412,37,4.20900350147657,4.290126840271512
12.0,0.5,0.75,219,1.9040156623114979,37,3.6607179633396916,3.6129917008876618
12.0,1.0,0.75,219,2.1227019320797877,37,2.7569644109647315,2.762592325886555
12.0,2.0,0.75,219,2.5931805104815235,37,2.026072567664782,1.6362846973746912
12.0,4.0,0.75,219,3.325680230963491,37,2.5609952181459663,2.7580375469533287
12.0,8.0,0.75,219,4.1290703850345,37,3.945220093666598,3.8076288815737804
16.0,0.0,0.75,219,1.8802397753700728,37,4.958489081133203,5.0114533602198925
16.0,0.25,0.75,219,1.9102355702128977,37,4.500035079990129,4.750049234455389
16.0,0.5,0.75,219,1.9608111506444441,37,4.070115059713268,4.083173043577304
16.0,1.0,0.75,219,2.1020394930024358,37,3.2947633082783834,3.1782783653395796
16.0,2.0,0.75,219,2.4442668642572345,37,2.3267625133701415,2.193948756388533
16.0,4.0,0.75,219,3.066733430248729,37,2.1271018345746913,1.6866615665704003
16.0,8.0,0.75,219,3.8574889993954775,37,3.4394066947458124,3.3505931683566264
0.0,0.25,1.0,219,4.02087849127461,37,2.6725271286585253,2.2462123392105973
0.0,0.5,1.0,219,3.693894886603578,37,4.028007662183197,4.135574594893882
0.0,1.0,1.0,219,3.934942094193438,37,4.718078178087917,4.975791044027865
0.0,2.0,1.0,219,4.382181716519918,37,5.078967065957651,5.229860525848551
0.0,4.0,1.0,219,4.763218324754117,37,5.279706363493224,5.2071768257674265
0.0,8.0,1.0,219,5.012607405630876,37,5.374055045021657,5.336625120770805
0.5,0.0,1.0,219,4.711156130491278,37,2.682318283050823,2.3096786839272525
0.5,0.25,1.0,219,3.262419026115637,37,1.327376364415595,1.3223290519398887
0.5,0.5,1.0,219,2.9316662841559835,37,2.7123467217977106,2.663959406991779
0.5,1.0,1.0,219,3.40594400193747,37,3.9957262037401904,4.135003802254612
0.5,2.0,1.0,219,4.070423943575607,37,4.722874306217467,4.7790581871887134
0.5,4.0,1.0,219,4.590322167573938,37,5.110963884200144,5.016160741340563
0.5,8.0,1.0,219,4.9206674211163595,37,5.293187539498685,5.230053966276685
1.0,0.0,1.0,219,4.243511014402469,37,4.086321674126519,4.25612406159604
1.0,0.25,1.0,219,2.768320141165528,37,1.303378792381319,0.8857358405103071
1.0,0.5,1.0,219,2.3166586038354495,37,1.4360571794707473,1.6066250007781555
1.0,1.0,1.0,219,2.9088669397976235,37,3.1901909859399273,3.1845016870819123
1.0,2.0,1.0,219,3.7675137696566523,37,4.326553999202946,4.309306575317201
1.0,4.0,1.0,219,4.4198819070762285,37,4.928985033266074,4.797832682360053
1.0,8.0,1.0,219,4.829373655567489,37,5.208494931512439,5.109823599596346
2.0,0.0,1.0,219,3.8289858953830436,37,6.2632427749702035,5.974127219899927
2.0,0.25,1.0,219,2.431898814853308,37,3.7762565163604926,4.1866599037312895
2.0,0.5,1.0,219,1.6516385059440022,37,1.6086705181129106,1.388527407427297
2.0,1.0,1.0,219,2.063944468388795,37,1.5030331322162096,1.144492299735976
2.0,2.0,1.0,219,3.197712963008537,37,3.4520198398443194,3.2690242969003904
2.0,4.0,1.0,219,4.088056252570369,37,4.530749372313375,4.2975841653784315
2.0,8.0,1.0,219,4.648989149499731,37,5.028363957370247,4.824128695340043
4.0,0.0,1.0,219,3.7511121434159627,37,8.319164651974503,8.422302844696429
4.0,0.25,1.0,219,2.774318978185665,37,6.876117260293052,7.089891451709281
4.0,0.5,1.0,219,1.9397638684771241,37,5.175647853276157,5.797464765459857
4.0,1.0,1.0,219,1.276259080979376,37,2.3522035845007423,2.2403552395179105
4.0,2.0,1.0,219,2.254114850131504,37,1.6772737364232446,1.4476451923911782
4.0,4.0,1.0,219,3.470295407738437,37,3.637152457364922,3.219461466051264
4.0,8.0,1.0,219,4.298704071172927,37,4.630480807408198,4.337400655540812
8.0,0.0,1.0,219,3.9067418167259786,37,9.153945887852508,9.529627989052177
8.0,0.25,1.0,219,3.3764714500471755,37,8.601072540445173,9.057562108533638
8.0,0.5,1.0,219,2.86722516052155,37,7.804090619398119,8.202003631743578
8.0,1.0,1.0,219,2.008861951669329,37,5.895170015332815,6.218482234043343
8.0,2.0,1.0,219,1.4437032104455532,37,2.8321149438299518,2.7341989343324435
8.0,4.0,1.0,219,2.472199838470188,37,1.8442052747726667,1.7403302025269198
8.0,8.0,1.0,219,3.6508013005372195,37,3.7285738265833266,3.3589219197376288
12.0,0.0,1.0,219,4.01055572973118,37,9.26821787170407,9.655198526731098
12.0,0.25,1.0,219,3.6539882182351526,37,8.9607627042113,9.202889362963754
12.0,0.5,1.0,219,3.3040423519006508,37,8.523444966310699,8.953303608907767
12.0,1.0,1.0,219,2.653079186298578,37,7.384111950769655,8.03123415296519
12.0,2.0,1.0,219,1.743113536505086,37,4.9394520917172065,4.913819144835587
12.0,4.0,1.0,219,1.8584390185193862,37,1.8870656589091759,1.6484890955932663
12.0,8.0,1.0,219,3.087449731668041,37,2.773596153770245,2.6077953526421
16.0,0.0,1.0,219,4.07561956780475,37,9.299920644248386,9.4851860755318
16.0,0.25,1.0,219,3.8078309649625086,37,9.097301085458682,9.562402572062009
16.0,0.5,1.0,219,3.5430549041751447,37,8.81667981113481,9.173619333368602
16.0,1.0,1.0,219,3.034415622574198,37,8.070748626399775,8.589855803593018
16.0,2.0,1.0,219,2.186650259590945,37,6.220782364481769,6.405127118888913
16.0,4.0,1.0,219,1.6463108540597085,37,3.135556350429237,2.96961024791716
16.0,8.0,1.0,219,2.619837411036276,37,1.9506082759427978,1.9819697118615949
0.0,0.25,1.25,219,3.9354452502656194,37,2.459099798108238,2.1728791273812647
0.0,0.5,1.25,219,3.507268897878663,37,3.7447702293748604,3.7546502505692416
0.0,1.0,1.25,219,3.6699682665524036,37,4.412430304234843,4.596065734578261
0.0,2.0,1.25,219,4.070988520511366,37,4.770069080880515,4.8459108304243514
0.0,4.0,1.25,219,4.422490206029059,37,4.981374411750321,4.898849964439989
0.0,8.0,1.25,219,4.654029544423846,37,5.083563340318895,4.848409102383783
0.5,0.0,1.25,219,5.30446279912985,37,3.1838660326179666,2.929036106559419
0.5,0.25,1.25,219,3.583575611970242,37,1.2019947558474655,0.9957778738293044
0.5,0.5,1.25,219,2.785851609261981,37,2.124622202076141,2.0282051676006994
0.5,1.0,1.25,219,3.016926021149235,37,3.663147229768925,3.80010026694573
0.5,2.0,1.25,219,3.6854935926770294,37,4.387970601525557,4.48029354238372
0.5,4.0,1.25,219,4.214022882614906,37,4.799089526618972,4.710927500495579
0.5,8.0,1.25,219,4.545365747782004,37,4.997381439067782,4.766121065669395
1.0,0.0,1.25,219,5.373069164375399,37,4.575650820319521,4.56184036322108
1.0,0.25,1.25,219,3.661071011032263,37,2.4304366097826553,2.566580956280731
1.0,0.5,1.25,219,2.472109001002743,37,1.0897349280925133,0.949306269011764
1.0,1.0,1.25,219,2.369450170431361,37,2.6282140819943876,2.5705430902707747
1.0,2.0,1.25,219,3.2910075326541484,37,3.934377973332424,3.9925692893451057
1.0,4.0,1.25,219,4.002800166182417,37,4.595408170319276,4.491111192205018
1.0,8.0,1.25,219,4.435956551704867,37,4.905544463117897,4.674063936342243
2.0,0.0,1.25,219,5.596286393628615,37,5.931103423172082,5.720998499804352
2.0,0.25,1.25,219,4.285624949602373,37,5.597421664483266,5.765881974755457
2.0,0.5,1.25,219,2.9365000826664014,37,3.547064419625759,4.036589992462098
2.0,1.0,1.25,219,1.4984321291417906,37,1.0069664526407076,0.9900018878798811
2.0,2.0,1.25,219,2.494216745418427,37,2.8033999089604444,2.70991407439773
2.0,4.0,1.25,219,3.5742164559820138,37,4.124426239842412,4.001278387690093
2.0,8.0,1.25,219,4.215189496893544,37,4.704847110390139,4.480597756536543
4.0,0.0,1.25,219,5.914730313761665,37,6.619188108419896,5.8188067296565364
4.0,0.25,1.25,219,5.156784117336173,37,7.247257875899162,7.337332132693566
4.0,0.5,1.25,219,4.312145028481399,37,7.141452484469043,7.594210260055252
4.0,1.0,1.25,219,2.5736708458751743,37,4.761568756325189,5.684342541606309
4.0,2.0,1.25,219,1.2212695680364947,37,1.0663762439962143,0.9421712986779909
4.0,4.0,1.25,219,2.7121905232280463,37,2.950525533031624,2.6944428101240874
4.0,8.0,1.25,219,3.7680963497068785,37,4.23601671351785,3.9709326610309787
8.0,0.0,1.25,219,6.20788128264637,37,6.875304891737413,5.480022688829884
8.0,0.25,1.25,219,5.796241907646706,37,7.333999875716299,6.756366640257376
8.0,0.5,1.25,219,5.369060214099384,37,7.712380728692364,7.612297898904252
8.0,1.0,1.25,219,4.456367858562489,37,7.840141580512638,7.8267991544559266
8.0,2.0,1.25,219,2.571547682858012,37,5.538769781163398,6.115328236344482
8.0,4.0,1.25,219,1.3320542608566484,37,1.2987033076519525,1.0967200851014134
8.0,8.0,1.25,219,2.8741206694565373,37,3.0524582976224153,2.6744553774826727
12.0,0.0,1.25,219,6.338323040402325,37,6.925556423033912,5.325901930958835
12.0,0.25,1.25,219,6.055148025099013,37,7.262576703861382,6.032602623622488
12.0,0.5,1.25,219,5.766648103296426,37,7.563037219430266,6.985014120063546
12.0,1.0,1.25,219,5.168268084125397,37,7.995908297916475,8.051538107092988
12.0,2.0,1.25,219,3.8848841514017436,37,7.593888993117779,7.8869872827102405
12.0,4.0,1.25,219,1.6738242918516146,37,3.7907055669032803,3.6474367833793835
12.0,8.0,1.25,219,2.049037423524633,37,1.6965655795104664,1.6451053671400473
16.0,0.0,1.25,219,6.411067630581874,37,6.942238566023781,5.146762920942436
16.0,0.25,1.25,219,6.195495166937821,37,7.206536175463418,5.689724038160946
16.0,0.5,1.25,219,5.977095712893408,37,7.449314907436916,6.300175734925588
16.0,1.0,1.25,219,5.5303472045461595,37,7.868483003785652,7.727172624987929
16.0,2.0,1.25,219,4.587370445166068,37,8.0898733368426,8.005482236353831
16.0,4.0,1.25,219,2.664022436239168,37,5.882046185034886,6.496674873795696
16.0,8.0,1.25,219,1.4659003553402055,37,1.4723599973421229,1.428405843382592
0.0,0.25,1.5,219,3.896135851197042,37,2.26091791143383,2.091907612087546
0.0,0.5,1.5,219,3.3621567457358403,37,3.487240447084671,3.5267149405397262
0.0,1.0,1.5,219,3.42661113221889,37,4.1795160461953715,4.328601078043743
0.0,2.0,1.5,219,3.778429561081942,37,4.516881391750137,4.637148852134743
0.0,4.0,1.5,219,4.103942293147381,37,4.727600552210693,4.632979217577407
0.0,8.0,1.5,219,4.321593637971191,37,4.837654158985448,4.6361321922748076
0.5,0.0,1.5,219,5.765598472828321,37,3.2734321343316064,2.551636551156811
0.5,0.25,1.5,219,4.043529240311289,37,1.2711928466316558,0.90090712479061
0.5,0.5,1.5,219,2.9186850314710435,37,1.6858284166580677,1.4586442759506966
0.5,1.0,1.5,219,2.7227368891832002,37,3.4262930830464944,3.534825044909635
0.5,2.0,1.5,219,3.3438253953089982,37,4.130290225232138,4.2795932888234915
0.5,4.0,1.5,219,3.870697105006158,37,4.538644354411017,4.492848817349589
0.5,8.0,1.5,219,4.201196355887344,37,4.749333422055536,4.563885587078168
1.0,0.0,1.5,219,6.12303089213871,37,4.168980722820345,2.983065064287622
1.0,0.25,1.5,219,4.630487519640356,37,3.269322181574144,3.240365502348233
1.0,0.5,1.5,219,3.1802814464562923,37,1.20749119316345,0.8047779661632823
1.0,1.0,1.5,219,2.10428349348262,37,2.208498864986166,2.4451589867815535
1.0,2.0,1.5,219,2.8812034141427385,37,3.632524878075481,3.723460840353429
1.0,4.0,1.5,219,3.628791060156799,37,4.322028014432436,4.324163808941492
1.0,8.0,1.5,219,4.078519464257881,37,4.654076152419918,4.477812505539035
2.0,0.0,1.5,219,6.6570166937588136,37,4.718041850710141,2.8509090673266826
2.0,0.25,1.5,219,5.654992269969123,37,5.094377315954986,4.77231117567316
2.0,0.5,1.5,219,4.471822919531661,37,4.569739574016307,4.952613309953101
2.0,1.0,1.5,219,2.2755937587295474,37,1.2980166676037037,1.0901422625471824
2.0,2.0,1.5,219,1.9122719537799373,37,2.406036661796821,2.3186652987388854
2.0,4.0,1.5,219,3.119343913995647,37,3.818333377053392,3.8617000629251166
2.0,8.0,1.5,219,3.8263128915978197,37,4.441642624677698,4.294980571573589
4.0,0.0,1.5,219,7.299036727768974,37,5.066646269519081,2.094681039449263
4.0,0.25,1.5,219,6.601879402728869,37,5.257023742566667,3.1979160568206026
4.0,0.5,1.5,219,5.950195417456865,37,5.745612543595337,4.592314219788044
4.0,1.0,1.5,219,4.4961828472554055,37,5.74717254949189,6.115407713553836
4.0,2.0,1.5,219,1.6706690347418034,37,1.6248098487839306,1.578452526030361
4.0,4.0,1.5,219,2.021166054360041,37,2.4306865573696923,2.3610257357288376
4.0,8.0,1.5,219,3.2949159214030255,37,3.922085148209843,3.8414601181299375
8.0,0.0,1.5,219,7.946988781910159,37,5.305631516356836,1.9653255770671656
8.0,0.25,1.5,219,7.40395282633544,37,5.273813615447464,2.09468103944927
8.0,0.5,1.5,219,6.9760295946357544,37,5.370894746437418,3.2008813128822737
8.0,1.0,1.5,219,6.217270752580863,37,6.028432056628152,4.530706252584089
8.0,2.0,1.5,219,4.604916818004322,37,6.416182718857677,6.369993263218447
8.0,4.0,1.5,219,1.4727093680619006,37,2.01038521255456,1.8907536139568748
8.0,8.0,1.5,219,2.146631266940511,37,2.503247993810045,2.3422626623360827
12.0,0.0,1.5,219,8.100972940857751,37,5.360033930412724,1.8860079370738916
12.0,0.25,1.5,219,7.826531062172956,37,5.355690980490265,2.006146320526355
12.0,0.5,1.5,219,7.453672132504785,37,5.350896048329665,2.0986388965640828
12.0,1.0,1.5,219,6.86625572994269,37,5.605110269249336,3.0920614810106812
12.0,2.0,1.5,219,5.8020941167535085,37,6.503806375348751,5.871783609435923
12.0,4.0,1.5,219,3.450623978058198,37,5.411914746108319,5.98788292743393
12.0,8.0,1.5,219,1.1483280270439038,37,1.1312050555286441,1.0473022469746311
16.0,0.0,1.5,219,8.142103136943886,37,5.371219401154189,1.8787513159142861
16.0,0.25,1.5,219,8.037061894270469,37,5.392693708552452,1.9653255770671834
16.0,0.5,1.5,219,7.782121797844214,37,5.390249133556911,2.0864216109601372
16.0,1.0,1.5,219,7.2343603811259785,37,5.432081003145023,2.7834419503811887
16.0,2.0,1.5,219,6.402485338812453,37,6.1378932416222405,4.495966327701819
16.0,4.0,1.5,219,4.704792284757388,37,6.746332802903329,6.491875358092177
16.0,8.0,1.5,219,1.4656997982439202,37,2.2667929022274547,2.3452929038252
0.0,0.25,2.0,219,3.9183717395730175,37,1.9656531317294805,1.8662454748944626
0.0,0.5,2.0,219,3.2166801373624967,37,3.0531490556094822,2.9353071681462737
0.0,1.0,2.0,219,3.0405629338756452,37,3.8737778134313308,3.988169466532508
0.0,2.0,2.0,219,3.2762829587019233,37,4.131731858579576,4.3495213207742225
0.0,4.0,2.0,219,3.5495374356910157,37,4.323437008479722,4.378219742625259
0.0,8.0,2.0,219,3.742712556802047,37,4.444862357185567,4.380792239908125
0.5,0.0,2.0,219,6.342426212128841,37,3.4461560395292903,2.2285883111733895
0.5,0.25,2.0,219,4.912924204360824,37,1.6663687126610929,1.269297198397858
0.5,0.5,2.0,219,3.5904194086537844,37,1.2853222442304821,1.2842336704884119
0.5,1.0,2.0,219,2.5301112045670724,37,2.9927577165043675,3.004849443766261
0.5,2.0,2.0,219,2.813540128244016,37,3.8430813698485844,3.881134224523027
0.5,4.0,2.0,219,3.2919146405289594,37,4.155296708146858,4.275435725063716
0.5,8.0,2.0,219,3.6094369358313396,37,4.355005030189789,4.332588064997587
1.0,0.0,2.0,219,7.181335851069791,37,4.486244446860532,1.9653255770671798
1.0,0.25,2.0,219,5.9279681638236426,37,3.3859849123868835,2.6294169337843414
1.0,0.5,2.0,219,4.659313173370593,37,1.9799492920624984,1.9480953957338514
1.0,1.0,2.0,219,2.69996907368717,37,1.4758454980189002,1.3709249345434529
1.0,2.0,2.0,219,2.328429048016551,37,3.4606602379257296,3.588571168924087
1.0,4.0,2.0,219,3.0170911314036872,37,3.9507556281035487,4.118626695978957
1.0,8.0,2.0,219,3.471322778396875,37,4.256570404422815,4.290744082025711
2.0,0.0,2.0,219,8.172949581042111,37,5.244135539373466,1.878751315914279
2.0,0.25,2.0,219,7.271292853714837,37,4.630203304496384,1.9653255770671834
2.0,0.5,2.0,219,6.296505400145299,37,4.010336228574926,2.747132033360444
2.0,1.0,2.0,219,4.456221660808379,37,2.4949431749991255,2.8861898314326204
2.0,2.0,2.0,219,1.9327200100012554,37,1.7777286356631,2.0022278885935556
2.0,4.0,2.0,219,2.416634798861138,37,3.5525344317158893,3.5193765792035627
2.0,8.0,2.0,219,3.179727178542203,37,4.057414282475243,4.146780059723675
4.0,0.0,2.0,219,8.370183899127879,37,5.4119115077088225,1.878751315914279
4.0,0.25,2.0,219,8.255956612529502,37,5.334675287070638,1.8787513159142932
4.0,0.5,2.0,219,8.108497853403321,37,5.234106355792604,1.8787513159142861
4.0,1.0,2.0,219,6.7183819169032715,37,4.406822619500729,2.4481924494152096
4.0,2.0,2.0,219,4.370975980195955,37,3.0642335542047103,3.524663231067418
4.0,4.0,2.0,219,1.4676232431701906,37,1.9635566457467164,2.0030786330877284
4.0,8.0,2.0,219,2.531208252948405,37,3.5643919054218505,3.6835646162549907
8.0,0.0,2.0,219,8.64756772570879,37,5.536318214559662,1.8083014201622518
8.0,0.25,2.0,219,8.498362800540413,37,5.481399473283069,1.8787513159142932
8.0,0.5,2.0,219,8.405711256253692,37,5.438674509471456,1.878751315914279
8.0,1.0,2.0,219,8.26434431387477,37,5.352454779475267,1.878751315914279
8.0,2.0,2.0,219,7.107746194640144,37,4.704755555799454,2.094681039449277
8.0,4.0,2.0,219,4.370475946654927,37,3.515502303495408,3.90720892308682
8.0,8.0,2.0,219,1.268875171779999,37,2.020567823877619,1.9167994843827074
12.0,0.0,2.0,219,8.64756772570879,37,5.536318214559662,1.8083014201622518
12.0,0.25,2.0,219,8.64756772570879,37,5.536318214559662,1.8083014201622518
12.0,0.5,2.0,219,8.60820645477076,37,5.522794134984759,1.8258997914836996
12.0,1.0,2.0,219,8.422214815639324,37,5.449423015942116,1.878751315914272
12.0,2.0,2.0,219,8.176893481729044,37,5.298756696392075,1.878751315914279
12.0,4.0,2.0,219,6.279699673715857,37,4.688867358896882,2.9883389275401058
12.0,8.0,2.0,219,2.5536054004384026,37,1.3102006280324894,1.1632361609197055
16.0,0.0,2.0,219,8.64756772570879,37,5.536318214559662,1.8083014201622518
16.0,0.25,2.0,219,8.64756772570879,37,5.536318214559662,1.8083014201622518
16.0,0.5,2.0,219,8.64756772570879,37,5.536318214559662,1.8083014201622518
16.0,1.0,2.0,219,8.556878888313785,37,5.505410083257275,1.878751315914279
16.0,2.0,2.0,219,8.345876710414299,37,5.410770149858686,1.878751315914279
16.0,4.0,2.0,219,7.421670965897086,37,4.9088458335396865,2.094681039449263
16.0,8.0,2.0,219,4.394034550382178,37,3.7985634978465987,4.126653857466593
0.0,0.25,3.0,219,4.149265213489226,37,1.6506471303802381,1.7901123704353772
0.0,0.5,3.0,219,3.370639154105956,37,2.2823178476464125,2.060127000172983
0.0,1.0,3.0,219,2.750496321775462,37,3.3202760525399957,3.4240530017831503
0.0,2.0,3.0,219,2.6431981720781415,37,3.827497565234039,3.77299842459529
0.0,4.0,3.0,219,2.7654264108226774,37,3.930929562393384,4.098929706190525
0.0,8.0,3.0,219,2.8927668090391205,37,3.9588750793154666,4.1610762655747635
0.5,0.0,3.0,219,6.89730205387207,37,4.022814003153331,1.9653255770671834
0.5,0.25,3.0,219,5.823759061163555,37,2.3932214743158,1.8551930678973676
0.5,0.5,3.0,219,4.780787888210977,37,1.3154779318093204,0.9192735611299092
0.5,1.0,3.0,219,3.3046242594173023,37,1.9139762435132253,1.7422315681367913
0.5,2.0,3.0,219,2.4623837693925292,37,3.453953695268138,3.5968710784139013
0.5,4.0,3.0,219,2.5548350809444464,37,3.887314312777135,3.8785055482130915
0.5,8.0,3.0,219,2.7681249466954734,37,3.93836178443294,4.116347798938662
1.0,0.0,3.0,219,8.119680562479623,37,5.104368679031876,1.8787513159142861
1.0,0.25,3.0,219,7.0416415821024865,37,4.188809241550087,1.9653255770671905
1.0,0.5,3.0,219,6.096053628962269,37,2.8633571806496536,2.0704844991796705
1.0,1.0,3.0,219,4.4820709881463126,37,1.1954987595929887,1.0474431815081147
1.0,2.0,3.0,219,2.7030477102654396,37,2.5655109180884854,2.5131256886248323
1.0,4.0,3.0,219,2.367676136869407,37,3.7840092600573016,3.8842999932425037
1.0,8.0,3.0,219,2.642236243078865,37,3.920475745081623,4.0542336292994605
2.0,0.0,3.0,219,8.342699840007297,37,5.338298164875423,1.878751315914272
2.0,0.25,3.0,219,8.207165952833726,37,5.211214880997883,1.878751315914279
2.0,0.5,3.0,219,8.093810340929204,37,5.077488394065904,1.878751315914279
2.0,1.0,3.0,219,6.444203669051718,37,3.4257529627879872,2.094681039449277
2.0,2.0,3.0,219,4.208241157110142,37,1.1119032585377273,1.0361830185874297
2.0,4.0,3.0,219,2.330222581635072,37,3.0412528005176585,3.21630614479205
2.0,8.0,3.0,219,2.3966346847639723,37,3.8812367104274808,3.8617344230245045
4.0,0.0,3.0,219,8.64756772570879,37,5.536318214559662,1.8083014201622518
4.0,0.25,3.0,219,8.554503563744285,37,5.484259087290872,1.8787513159142861
4.0,0.5,3.0,219,8.404132579665653,37,5.386689100564877,1.878751315914279
4.0,1.0,3.0,219,8.217476674912795,37,5.2251206814777085,1.878751315914279
4.0,2.0,3.0,219,6.846625145735454,37,3.9938619048633215,1.9653255770671798
4.0,4.0,3.0,219,4.012500337668568,37,1.0684333533838088,1.1490330657246943
4.0,8.0,3.0,219,2.149984671865965,37,3.2984565843655114,3.4449262337144404
8.0,0.0,3.0,219,8.64756772570879,37,5.536318214559662,1.8083014201622518
8.0,0.25,3.0,219,8.64756772570879,37,5.536318214559662,1.8083014201622518
8.0,0.5,3.0,219,8.64756772570879,37,5.536318214559662,1.8083014201622518
8.0,1.0,3.0,219,8.64756772570879,37,5.536318214559661,1.8083014201622518
8.0,2.0,3.0,219,8.33019270456527,37,5.329618028644181,1.878751315914279
8.0,4.0,3.0,219,7.216326559588174,37,4.3994513676076075,1.9653255770671834
8.0,8.0,3.0,219,3.8968841339531006,37,1.0499568227283937,1.2134632315573697
12.0,0.0,3.0,219,8.64756772570879,37,5.536318214559662,1.8083014201622518
12.0,0.25,3.0,219,8.64756772570879,37,5.536318214559662,1.8083014201622518
12.0,0.5,3.0,219,8.64756772570879,37,5.536318214559662,1.8083014201622518
12.0,1.0,3.0,219,8.64756772570879,37,5.536318214559662,1.8083014201622518
12.0,2.0,3.0,219,8.64756772570879,37,5.536318214559662,1.8083014201622518
12.0,4.0,3.0,219,8.231405843048346,37,5.2414340962406065,1.878751315914279
12.0,8.0,3.0,219,5.962150454273206,37,2.945116440583101,2.09468103944927
16.0,0.0,3.0,219,8.64756772570879,37,5.536318214559662,1.8083014201622518
16.0,0.25,3.0,219,8.64756772570879,37,5.536318214559662,1.8083014201622518
16.0,0.5,3.0,219,8.64756772570879,37,5.536318214559662,1.8083014201622518
16.0,1.0,3.0,219,8.64756772570879,37,5.536318214559662,1.8083014201622518
16.0,2.0,3.0,219,8.64756772570879,37,5.536318214559662,1.8083014201622518
16.0,4.0,3.0,219,8.41887978135604,37,5.39714333048114,1.8787513159142861
16.0,8.0,3.0,219,7.497079320634853,37,4.639240758447646,1.9653255770671905
0.0,0.25,4.0,219,4.41128073975021,37,1.5257543614248823,1.5456476838489728
0.0,0.5,4.0,219,3.739976670355878,37,1.7850426471212866,1.7800326843268195
0.0,1.0,4.0,219,3.013207664684028,37,2.6175664123034386,2.489116411277706
0.0,2.0,4.0,219,2.5515173805727636,37,3.404499215685429,3.5485822050102946
0.0,4.0,4.0,219,2.4231651214639065,37,3.7739852400391563,3.91140760769726
0.0,8.0,4.0,219,2.4339008592491553,37,3.906616280793808,3.888194883713176
0.5,0.0,4.0,219,7.097880619608324,37,4.105317969953792,1.9653255770671763
0.5,0.25,4.0,219,6.107121354821253,37,2.71876493671385,1.9653255770671763
0.5,0.5,4.0,219,5.362704028612474,37,1.5823903472248395,0.8764729384025287
0.5,1.0,4.0,219,4.107965627361936,37,1.3964913123175111,1.3878514720097996
0.5,2.0,4.0,219,2.9555845841215396,37,2.559748365455688,2.520733795929381
0.5,4.0,4.0,219,2.438281403682113,37,3.5242746023467886,3.580770633766452
0.5,8.0,4.0,219,2.3816825397168593,37,3.8486574876014825,4.001006806115267
1.0,0.0,4.0,219,8.136045649704668,37,5.106020409560598,1.878751315914279
1.0,0.25,4.0,219,7.473066729715091,37,4.467082335507155,1.9653255770671834
1.0,0.5,4.0,219,6.520752281430614,37,3.450911448829397,1.965325577067187
1.0,1.0,4.0,219,5.367125364865028,37,1.5743798840400083,0.990191616007543
1.0,2.0,4.0,219,3.684509907923656,37,1.6295206746392747,1.4627335939389567
1.0,4.0,4.0,219,2.6127726583986743,37,3.074140866759714,3.1344007726809977
1.0,8.0,4.0,219,2.356139710593729,37,3.744771126380677,3.8034490765824103
2.0,0.0,4.0,219,8.36080054696525,37,5.340723584406444,1.8787513159142861
2.0,0.25,4.0,219,8.240731544613014,37,5.226774304410401,1.878751315914279
2.0,0.5,4.0,219,8.14056210431318,37,5.11189321374671,1.8787513159142861
2.0,1.0,4.0,219,7.232585717871339,37,4.262777959539221,1.9653255770671727
2.0,2.0,4.0,219,5.387964575234937,37,1.6029547342252097,1.1252663474972522
2.0,4.0,4.0,219,3.3719785140193856,37,1.8805919706356402,1.922686866621575
2.0,8.0,4.0,219,2.443408601871299,37,3.35718340275499,3.504373521936728
4.0,0.0,4.0,219,8.64756772570879,37,5.536318214559662,1.8083014201622518
4.0,0.25,4.0,219,8.598999722721866,37,5.507768948497673,1.8286720978183268
4.0,0.5,4.0,219,8.442761166602725,37,5.404541553087592,1.878751315914279
4.0,1.0,4.0,219,8.274052181764713,37,5.259975497427633,1.878751315914279
4.0,2.0,4.0,219,7.817853640321575,37,4.79781195256819,1.878751315914279
4.0,4.0,4.0,219,5.4148833750645355,37,1.630466736627603,1.2272387908375109
4.0,8.0,4.0,219,3.179953589947033,37,2.0719205039045057,2.1643995879977567
8.0,0.0,4.0,219,8.64756772570879,37,5.536318214559662,1.8083014201622518
8.0,0.25,4.0,219,8.64756772570879,37,5.536318214559662,1.8083014201622518
8.0,0.5,4.0,219,8.64756772570879,37,5.536318214559662,1.8083014201622518
8.0,1.0,4.0,219,8.64756772570879,37,5.536318214559662,1.8083014201622518
8.0,2.0,4.0,219,8.394567909187836,37,5.366264647786263,1.878751315914279
8.0,4.0,4.0,219,8.090862779202498,37,5.046558148009455,1.878751315914279
8.0,8.0,4.0,219,5.437753958051897,37,1.657475822485217,1.3234100976233307
12.0,0.0,4.0,219,8.64756772570879,37,5.536318214559662,1.8083014201622518
12.0,0.25,4.0,219,8.64756772570879,37,5.536318214559662,1.8083014201622518
12.0,0.5,4.0,219,8.64756772570879,37,5.536318214559662,1.8083014201622518
12.0,1.0,4.0,219,8.64756772570879,37,5.536318214559662,1.8083014201622518
12.0,2.0,4.0,219,8.64756772570879,37,5.536318214559662,1.8083014201622518
12.0,4.0,4.0,219,8.310946921282913,37,5.294106910599717,1.8787513159142861
12.0,8.0,4.0,219,7.111041628619227,37,4.19983861288932,1.9653255770671798
16.0,0.0,4.0,219,8.64756772570879,37,5.536318214559662,1.8083014201622518
16.0,0.25,4.0,219,8.64756772570879,37,5.536318214559662,1.8083014201622518
16.0,0.5,4.0,219,8.64756772570879,37,5.536318214559662,1.8083014201622518
16.0,1.0,4.0,219,8.64756772570879,37,5.536318214559662,1.8083014201622518
16.0,2.0,4.0,219,8.64756772570879,37,5.536318214559662,1.8083014201622518
16.0,4.0,4.0,219,8.497348452640482,37,5.4416600269141195,1.878751315914272
16.0,8.0,4.0,219,8.121211698981512,37,5.086959409539573,1.878751315914279
