background_vol,meetings,expiry,discount,true_variance,atm_proxy,additive_one_increment_proxy,true_atm_premium,additive_proxy_premium,premium_error,inferred_meeting_variance,true_meeting_variance
0.0,1,0.125,0.9950124791926823,625.0,981.7477042468104,981.7477042468104,12.43765598990853,12.43765598990853,0.0,981.7477042468104,625.0
0.0,2,0.25,0.9900498337491681,1250.0,981.7477042468104,1963.4954084936207,12.3756229218646,17.50177377891627,5.126150857051669,0.0,625.0
0.0,3,0.375,0.9851119396030626,1875.0,2208.9323345553235,2945.243112740431,18.470848867557425,21.328299131690347,2.8574502641329214,1227.184630308513,625.0
0.0,4,0.5,0.9801986733067553,2500.0,2208.9323345553235,3926.9908169872415,18.37872512450166,24.50496683266888,6.12624170816722,0.0,625.0
0.0,5,0.625,0.9753099120283326,3125.0,3451.4567727426925,4908.738521234052,22.858826063164045,27.260740780308648,4.401914717144601,1242.524438187369,625.0
0.0,6,0.75,0.9704455335485082,3750.0,3451.4567727426925,5890.486225480862,22.74481719254316,29.71370475446024,6.968887561917082,0.0,625.0
0.0,7,0.875,0.9656054162575665,4375.0,4697.816162899776,6872.233929727672,26.403273100792834,31.93439745043158,5.531124349638747,1246.3593901570835,625.0
0.0,8,1.0,0.9607894391523232,5000.0,4697.816162899776,7853.981633974483,26.271586226821338,33.969036385851375,7.69745015903004,0.0,625.0
25.0,1,0.125,0.9950124791926823,703.125,982.7081105693129,982.7081105693129,12.44373814494797,12.44373814494797,0.0,904.5831105693129,625.0
25.0,2,0.25,0.9900498337491681,1406.25,1412.4792862698423,1965.4162211386258,14.844246750295074,17.510332345070132,2.6660855947750566,351.6461757005294,625.0
25.0,3,0.375,0.9851119396030626,2109.375,2267.4625521238167,2948.124331707939,18.713960576062362,21.338728912201383,2.6247683361390193,776.8582658539744,625.0
25.0,4,0.5,0.9801986733067553,2812.5,2877.649591426196,3930.8324422772516,20.97698804937307,24.516950039764623,3.5399619903915505,532.0620393023792,625.0
25.0,5,0.625,0.9753099120283326,3515.625,3632.1790769035124,4913.540552846564,23.44964810756262,27.274071592163416,3.8244234846007945,676.4044854773165,625.0
25.0,6,0.75,0.9704455335485082,4218.75,4304.087129524679,5896.248663415878,25.399300633672052,29.728235093557853,4.328934459885803,593.7830526211665,625.0
25.0,7,0.875,0.9656054162575665,4921.875,5024.233375789488,6878.95677398519,27.30515593437148,31.950013733478983,4.644857799107503,642.0212462648087,625.0
25.0,8,1.0,0.9607894391523232,5625.0,5716.786741345766,7861.664884554503,28.98106109065315,33.985647630446564,5.004586539793417,614.4283655562785,625.0
50.0,1,0.125,0.9950124791926823,937.5,1082.9016884907119,1082.9016884907119,13.062704691006289,13.062704691006289,0.0,770.4016884907119,625.0
50.0,2,0.25,0.9900498337491681,1875.0,1944.7122203737697,2165.8033769814238,17.41785988562908,18.38131739841293,0.963457512783845,549.3105318830578,625.0
50.0,3,0.375,0.9851119396030626,2812.5,2890.639719126703,3248.7050654721356,21.129665969508157,22.40014302894108,1.2704770594329269,633.4274987529332,625.0
50.0,4,0.5,0.9801986733067553,3750.0,3824.1622919637257,4331.6067539628475,24.18200650162602,25.736452709238456,1.5544462076124363,621.0225728370228,625.0
50.0,5,0.625,0.9753099120283326,4687.5,4761.00363910669,5414.50844245356,26.84738312828178,28.63071681353546,1.7833336852536803,624.341347142964,625.0
50.0,6,0.75,0.9704455335485082,5625.0,5697.741942186988,6497.410130944271,29.223526274697065,31.206953367916565,1.9834270932195015,624.2383030802985,625.0
50.0,7,0.875,0.9656054162575665,6562.5,6634.766211103986,7580.311819434983,31.377805821152666,33.53924595749168,2.1614401363390154,624.5242689169982,625.0
50.0,8,1.0,0.9607894391523232,7500.0,7571.900957987367,8663.213507925695,33.3534489197948,35.676134740054614,2.322685820259816,624.634746883381,625.0
100.0,1,0.125,0.9950124791926823,1875.0,1922.2535557629114,1922.2535557629114,17.403793829751795,17.403793829751795,0.0,672.2535557629114,625.0
100.0,2,0.25,0.9900498337491681,3750.0,3788.879686339342,3844.507111525823,24.312103076640224,24.489925010818283,0.1778219341780593,616.6261305764303,625.0
100.0,3,0.375,0.9851119396030626,5625.0,5662.340502221845,5766.760667288734,29.572881261946563,29.844314807258385,0.2714335453118203,623.4608158825031,625.0
100.0,4,0.5,0.9801986733067553,7500.0,7536.627576865702,7689.014223051646,33.947883547519496,34.28937019215721,0.3414866446377125,624.2870746438575,625.0
100.0,5,0.625,0.9753099120283326,9375.0,9411.220002630265,9611.267778814557,37.74641120193911,38.14547633185407,0.3990651299149614,624.5924257645629,625.0
100.0,6,0.75,0.9704455335485082,11250.0,11285.956131542256,11533.521334577468,41.12921402652346,41.57786578792045,0.4486517613969961,624.7361289119908,625.0
100.0,7,0.875,0.9656054162575665,13125.0,13160.771337891862,13455.77489034038,44.19268928126542,44.68524211922266,0.4925528379572395,624.8152063496054,625.0
100.0,8,1.0,0.9607894391523232,15000.0,15035.634699398473,15378.028446103292,47.00014192832794,47.532276687373006,0.5321347590450661,624.8633615066119,625.0
