eta,background,meeting,feasible,lower,upper
0.0,constant,2026-07-29,False,,
0.0,constant,2026-09-16,False,,
0.0,constant,2026-10-28,False,,
0.0,constant,2026-12-09,False,,
0.0,constant,2027-01-27,False,,
0.0,constant,2027-03-17,False,,
0.0,constant,2027-04-28,False,,
0.0,constant,2027-06-09,False,,
0.0,90day,2026-07-29,False,,
0.0,90day,2026-09-16,False,,
0.0,90day,2026-10-28,False,,
0.0,90day,2026-12-09,False,,
0.0,90day,2027-01-27,False,,
0.0,90day,2027-03-17,False,,
0.0,90day,2027-04-28,False,,
0.0,90day,2027-06-09,False,,
0.0,gap,2026-07-29,True,0,457.06521375442185
0.0,gap,2026-09-16,True,0,1186.0253907787392
0.0,gap,2026-10-28,True,0,751.4524560859818
0.0,gap,2026-12-09,True,0,751.4524560859818
0.0,gap,2027-01-27,True,0,4217.4717780549645
0.0,gap,2027-03-17,True,0,7480.9525330353845
0.0,gap,2027-04-28,True,0,7480.9525330353845
0.0,gap,2027-06-09,True,0,7480.9525330353845
0.1,constant,2026-07-29,True,0,192.83639938760913
0.1,constant,2026-09-16,True,274.9141439145157,1057.8929822282835
0.1,constant,2026-10-28,True,0,669.648308185053
0.1,constant,2026-12-09,True,0,669.648308185053
0.1,constant,2027-01-27,True,1549.1648560040924,4229.11382339546
0.1,constant,2027-03-17,True,0,8588.888881902314
0.1,constant,2027-04-28,True,0,8588.888881902314
0.1,constant,2027-06-09,True,0,8588.888881902314
0.1,90day,2026-07-29,True,0,192.83639938760913
0.1,90day,2026-09-16,True,0,1342.7625361765215
0.1,90day,2026-10-28,True,0,1201.4048088884306
0.1,90day,2026-12-09,True,0,1201.4048088884306
0.1,90day,2027-01-27,True,0,5125.107622088404
0.1,90day,2027-03-17,True,0,9452.9931955453
0.1,90day,2027-04-28,True,0,9452.9931955453
0.1,90day,2027-06-09,True,0,9452.9931955453
0.1,gap,2026-07-29,True,0,549.1949216992066
0.1,gap,2026-09-16,True,0,1469.5666129196902
0.1,gap,2026-10-28,True,0,1201.404808888431
0.1,gap,2026-12-09,True,0,1201.404808888431
0.1,gap,2027-01-27,True,0,5125.107622088405
0.1,gap,2027-03-17,True,0,9452.9931955453
0.1,gap,2027-04-28,True,0,9452.9931955453
0.1,gap,2027-06-09,True,0,9452.9931955453
0.25,constant,2026-07-29,True,0,410.4329728333743
0.25,constant,2026-09-16,True,0,1551.8170872216115
0.25,constant,2026-10-28,True,0,1433.202920839289
0.25,constant,2026-12-09,True,0,1433.202920839289
0.25,constant,2027-01-27,True,91.39814199595594,5739.89988922778
0.25,constant,2027-03-17,True,0,11690.967261274347
0.25,constant,2027-04-28,True,0,11690.967261274347
0.25,constant,2027-06-09,True,0,11690.967261274347
0.25,90day,2026-07-29,True,0,410.4329728333743
0.25,90day,2026-09-16,True,0,1789.2083821784763
0.25,90day,2026-10-28,True,0,1876.3333380921033
0.25,90day,2026-12-09,True,0,1876.3333380921033
0.25,90day,2027-01-27,True,0,6486.561388138566
0.25,90day,2027-03-17,True,0,12411.054189310173
0.25,90day,2027-04-28,True,0,12411.054189310173
0.25,90day,2027-06-09,True,0,12411.054189310173
0.25,gap,2026-07-29,True,0,687.3894836163835
0.25,gap,2026-09-16,True,0,1894.8784461311175
0.25,gap,2026-10-28,True,0,1876.3333380921038
0.25,gap,2026-12-09,True,0,1876.3333380921038
0.25,gap,2027-01-27,True,0,6486.561388138566
0.25,gap,2027-03-17,True,0,12411.054189310174
0.25,gap,2027-04-28,True,0,12411.054189310174
0.25,gap,2027-06-09,True,0,12411.054189310174
0.5,constant,2026-07-29,True,0,733.0760796230059
0.5,constant,2026-09-16,True,0,2375.023928877158
0.5,constant,2026-10-28,True,0,2705.793941929682
0.5,constant,2026-12-09,True,0,2705.793941929682
0.5,constant,2027-01-27,True,0,8257.876665614976
0.5,constant,2027-03-17,True,0,16861.097893561073
0.5,constant,2027-04-28,True,0,16861.097893561073
0.5,constant,2027-06-09,True,0,16861.097893561073
0.5,90day,2026-07-29,True,0,733.0760796230059
0.5,90day,2026-09-16,True,0,2533.2847921817347
0.5,90day,2026-10-28,True,0,3001.2142200982253
0.5,90day,2026-12-09,True,0,3001.2142200982253
0.5,90day,2027-01-27,True,0,8755.650998222167
0.5,90day,2027-03-17,True,0,17341.155845584955
0.5,90day,2027-04-28,True,0,17341.155845584955
0.5,90day,2027-06-09,True,0,17341.155845584955
0.5,gap,2026-07-29,True,0,917.7137534783453
0.5,gap,2026-09-16,True,0,2603.731501483496
0.5,gap,2026-10-28,True,0,3001.2142200982257
0.5,gap,2026-12-09,True,0,3001.2142200982257
0.5,gap,2027-01-27,True,0,8755.650998222169
0.5,gap,2027-03-17,True,0,17341.15584558496
0.5,gap,2027-04-28,True,0,17341.15584558496
0.5,gap,2027-06-09,True,0,17341.15584558496
