date,background,meeting,lower,upper
2026-06-18,constant,2026-07-29,0,73.46099423109976
2026-06-18,constant,2026-09-16,858.4554871157259,1099.544558884257
2026-06-18,constant,2026-10-28,0,242.7417919500042
2026-06-18,constant,2026-12-09,0,242.7417919500042
2026-06-18,constant,2027-01-27,1909.7813639778994,2696.3641098889084
2026-06-18,constant,2027-03-17,0,3179.7914461281507
2026-06-18,constant,2027-04-28,0,3179.7914461281507
2026-06-18,constant,2027-06-09,0,3179.7914461281507
2026-06-18,90day,2026-07-29,0,73.46099423109976
2026-06-18,90day,2026-09-16,754.342651156847,1384.1442152233249
2026-06-18,90day,2026-10-28,0,773.9944837829312
2026-06-18,90day,2026-12-09,0,773.9944837829312
2026-06-18,90day,2027-01-27,0,3559.649734117415
2026-06-18,90day,2027-03-17,0,4043.0770703566586
2026-06-18,90day,2027-04-28,0,4043.0770703566586
2026-06-18,90day,2027-06-09,0,4043.0770703566586
2026-06-18,gap,2026-07-29,0,412.5539082125812
2026-06-18,gap,2026-09-16,0,1455.5964152894921
2026-06-18,gap,2026-10-28,0,773.9944837829312
2026-06-18,gap,2026-12-09,0,773.9944837829312
2026-06-18,gap,2027-01-27,0,3559.649734117415
2026-06-18,gap,2027-03-17,0,4043.0770703566577
2026-06-18,gap,2027-04-28,0,4043.0770703566577
2026-06-18,gap,2027-06-09,0,4043.0770703566577
