date,product,expiry,held_out,observed_sd,predicted_sd,error_sd
2026-07-22,S0,2026-08-14,False,26.599053793243183,27.14875268808144,0.549698894838258
2026-07-22,S3,2026-08-14,True,21.331282567649836,24.214649665325854,2.883367097676018
2026-07-22,SR3,2026-08-14,False,18.571726505344344,20.120204846559485,1.5484783412151408
2026-07-22,S0,2026-09-11,False,38.50352334053599,36.71654660777261,-1.7869767327633852
2026-07-22,S2,2026-09-11,False,33.897737400347545,33.74448371527374,-0.15325368507380688
2026-07-22,S3,2026-09-11,True,31.329606683632225,31.831667413712662,0.5020607300804372
2026-07-22,SR3,2026-09-11,False,24.639438175412806,23.169214838667237,-1.470223336745569
2026-07-22,S2,2026-10-16,False,44.03165380618037,44.919755456444825,0.8881016502644528
2026-07-22,SR3,2026-10-16,False,41.5529223146518,40.69755981431358,-0.8553625003382237
2026-07-22,SR3,2026-11-13,False,45.83492369935989,45.83492369935989,0.0
2026-07-22,S0,2026-12-11,False,63.6008698902171,63.05855625691114,-0.5423136333059588
2026-07-22,S2,2026-12-11,False,57.270122410359015,58.175434266503736,0.9053118561447207
2026-07-22,S3,2026-12-11,True,53.83544793058056,55.43597899621789,1.600531065637334
2026-07-22,SR3,2026-12-11,False,49.12551739662014,48.75854382134154,-0.36697357527859964
2026-07-22,S0,2027-03-12,False,79.87184798762662,81.55484891619649,1.683000928569868
2026-07-22,SR3,2027-03-12,False,71.65785988957259,70.11542975747211,-1.5424301321004776
2026-07-22,SR3,2027-06-11,False,90.75168546616896,90.75168546616896,0.0
2026-07-23,S0,2026-08-14,False,27.92375873120582,28.318813784854708,0.39505505364888904
2026-07-23,S3,2026-08-14,True,22.39063955794918,25.37295451223144,2.9823149542822627
2026-07-23,SR3,2026-08-14,False,19.676007311032933,21.26157072961232,1.5855634185793868
2026-07-23,S0,2026-09-11,False,40.08215596429581,38.370153598014866,-1.7120023662809416
2026-07-23,S2,2026-09-11,False,35.54576776164161,35.31527687742507,-0.23049088421654318
2026-07-23,S3,2026-09-11,True,32.84264759653084,33.34811246199067,0.5054648654598282
2026-07-23,SR3,2026-09-11,False,25.746623922841064,24.430420913216942,-1.3162030096241217
2026-07-23,S2,2026-10-16,False,45.34883238666588,46.275609179268976,0.9267767926030928
2026-07-23,SR3,2026-10-16,False,42.66854036153501,41.77834317438365,-0.8901971871513581
2026-07-23,SR3,2026-11-13,False,47.2932932273338,47.293293227333805,7.105427357601002e-15
2026-07-23,S0,2026-12-11,False,66.29748908666316,65.41462095259884,-0.8828681340643243
2026-07-23,S2,2026-12-11,False,59.58608242941167,60.283898962809786,0.6978165333981181
2026-07-23,S3,2026-12-11,True,56.476143322137425,57.399502436306555,0.9233591141691306
2026-07-23,SR3,2026-12-11,False,50.226903759334675,50.29960267232147,0.07269891298679454
2026-07-23,S0,2027-03-12,False,81.80448390535815,83.28739508374065,1.4829111783824942
2026-07-23,S2,2027-03-12,False,75.46519885450553,76.91509271630296,1.4498938617974346
2026-07-23,SR3,2027-03-12,False,73.77564044673036,70.94063028699655,-2.8350101597338124
2026-07-23,SR3,2027-06-11,False,93.52188850058064,93.52188850058066,1.4210854715202004e-14
2026-07-24,S0,2026-08-14,False,26.83428814310595,27.26150912414766,0.42722098104171025
2026-07-24,S3,2026-08-14,True,21.17114051005839,24.31171510251986,3.140574592461469
2026-07-24,SR3,2026-08-14,False,18.77822174624986,20.13640643537579,1.358184689125931
2026-07-24,S0,2026-09-11,False,39.23735253101656,37.66260942630349,-1.5747431047130718
2026-07-24,S2,2026-09-11,False,34.257333645433,34.58844110047715,0.3311074550441475
2026-07-24,S3,2026-09-11,True,31.372296906450895,32.60123754884548,1.228940642394587
2026-07-24,SR3,2026-09-11,False,25.069601451159134,23.48061381543134,-1.5889876357277934
2026-07-24,S2,2026-10-16,False,44.38170903295176,45.11587812515483,0.7341690922030679
2026-07-24,SR3,2026-10-16,False,41.15383794092652,40.46161229415856,-0.6922256467679588
2026-07-24,SR3,2026-11-13,False,45.70082175229618,45.70082175229618,0.0
2026-07-24,S0,2026-12-11,False,65.46091932414733,64.4401109499296,-1.0208083742177223
2026-07-24,S2,2026-12-11,False,58.59890837074986,59.2229102996844,0.6240019289345398
2026-07-24,S3,2026-12-11,True,55.21976917654091,56.27952301863085,1.0597538420899397
2026-07-24,SR3,2026-12-11,False,48.714285575584725,48.945964579357685,0.23167900377296036
2026-07-24,S0,2027-03-12,False,81.49550843351435,82.48568224586003,0.990173812345688
2026-07-24,S2,2027-03-12,False,74.3087108878081,76.02225725650047,1.7135463686923629
2026-07-24,SR3,2027-03-12,False,72.51585159892535,69.8904179045502,-2.625433694375147
2026-07-24,SR3,2027-06-11,False,92.24711271088033,92.24711271088034,1.4210854715202004e-14
2026-07-30,S0,2026-08-14,False,21.851342650808096,20.418277431907065,-1.4330652189010316
2026-07-30,S2,2026-08-14,False,18.912049445356494,18.356250165285186,-0.5557992800713087
2026-07-30,S3,2026-08-14,True,18.234191024097832,17.0576077096472,-1.1765833144506317
2026-07-30,SR3,2026-08-14,False,9.273758509837359,11.466599954201794,2.1928414443644346
2026-07-30,S0,2026-09-11,False,35.35350887319993,34.62167053804058,-0.7318383351593454
2026-07-30,S2,2026-09-11,False,31.818637038142235,31.20574591219121,-0.6128911259510232
2026-07-30,S3,2026-09-11,True,29.607594900203708,28.933180192066953,-0.6744147081367551
2026-07-30,SR3,2026-09-11,False,16.00231832489445,17.330484928140226,1.3281666032457764
2026-07-30,S0,2026-10-16,False,47.11625734884341,46.31527995065688,-0.8009773981865322
2026-07-30,S2,2026-10-16,False,42.56002933490485,41.52960398742026,-1.030425347484588
2026-07-30,SR3,2026-10-16,False,34.73973307940292,35.63794904037006,0.8982159609671427
2026-07-30,SR3,2026-11-13,False,38.66912851763286,39.229014298145344,0.5598857805124808
2026-07-30,S0,2026-12-11,False,62.50853458889445,62.04504942870688,-0.4634851601875667
2026-07-30,S2,2026-12-11,False,56.45603128888024,55.98447517020795,-0.4715561186722894
2026-07-30,S3,2026-12-11,True,53.42391832477685,52.484985215629266,-0.9389331091475839
2026-07-30,SR3,2026-12-11,False,42.39509256021119,43.0557598641648,0.6606673039536091
2026-07-30,S0,2027-03-12,False,78.28390407241393,80.05810897394944,1.7742049015355121
2026-07-30,S2,2027-03-12,False,71.83254605550222,72.46155937211628,0.6290133166140635
2026-07-30,SR3,2027-03-12,False,66.8262738881949,64.67212227778714,-2.154151610407766
2026-07-30,S2,2027-06-11,False,86.8821890154817,87.91123853434749,1.02904951886579
2026-07-30,SR3,2027-06-11,False,86.394683285036,85.35914185416374,-1.0355414308722573
2026-08-13,S0,2026-09-11,False,25.80939582743598,25.99106246380963,0.18166663637364877
2026-08-13,S2,2026-09-11,False,23.388695557668274,23.456524321238113,0.06782876356983891
2026-08-13,S3,2026-09-11,True,21.375725454922772,21.72418226534262,0.34845681041984733
2026-08-13,SR3,2026-09-11,False,10.812802223710019,12.143342089986175,1.3305398662761565
2026-08-13,S0,2026-10-16,False,39.116980371114934,38.285304259427875,-0.8316761116870595
2026-08-13,S2,2026-10-16,False,35.212574763261614,34.307442137271096,-0.9051326259905181
2026-08-13,S3,2026-10-16,True,33.2090658518231,32.16176360484847,-1.0473022469746311
2026-08-13,SR3,2026-10-16,False,27.42597687729447,28.67056787564925,1.2445909983547807
2026-08-13,S0,2026-11-13,False,47.78830477131917,46.80028557034307,-0.9880192009760975
2026-08-13,SR3,2026-11-13,False,32.84212023429275,33.507371427085616,0.6652511927928657
2026-08-13,S0,2026-12-11,False,54.24410464906522,54.791379204226885,0.547274555161664
2026-08-13,S2,2026-12-11,False,50.72069839286224,49.671316855152675,-1.0493815377095643
2026-08-13,S3,2026-12-11,True,48.242432653936696,46.67449786588361,-1.567934788053087
2026-08-13,SR3,2026-12-11,False,37.34098050217583,37.72493993684464,0.3839594346688102
2026-08-13,S0,2027-03-12,False,72.61003792954085,73.49459027244164,0.8845523429007898
2026-08-13,S2,2027-03-12,False,67.90696488209024,67.00013351174678,-0.9068313703434541
2026-08-13,SR3,2027-03-12,False,59.44149537161273,59.50140748802495,0.05991211641222094
2026-08-13,S0,2027-06-11,False,88.4849803700658,89.37877779227365,0.8937974222078537
2026-08-13,S2,2027-06-11,False,82.80103845794487,82.21329742387695,-0.5877410340679177
2026-08-13,SR3,2027-06-11,False,79.6059301522814,79.36043729393595,-0.24549285834545742
2026-08-14,S0,2026-09-11,False,25.937905590101085,25.467288874530567,-0.4706167155705181
2026-08-14,S2,2026-09-11,False,23.098649274454985,22.98608935265938,-0.11255992179560437
2026-08-14,S3,2026-09-11,True,22.228480277592094,21.286798829482066,-0.9416814481100282
2026-08-14,SR3,2026-09-11,False,10.762138180698665,11.836263861314865,1.0741256806162003
2026-08-14,S0,2026-10-16,False,39.13631563537938,38.69699133816255,-0.4393242972168352
2026-08-14,S2,2026-10-16,False,35.986322785275185,34.853558703463335,-1.1327640818118496
2026-08-14,S3,2026-10-16,True,34.730129634962026,32.78708043346571,-1.943049201496315
2026-08-14,SR3,2026-10-16,False,28.231207316889044,29.396935113405497,1.1657277965164532
2026-08-14,S0,2026-11-13,False,48.100934929424845,46.99078483066307,-1.1101500987617783
2026-08-14,SR3,2026-11-13,False,33.21413247354219,33.96340381704757,0.7492713435053773
2026-08-14,S0,2026-12-11,False,55.19800080532073,55.44386703098759,0.2458662256668589
2026-08-14,S2,2026-12-11,False,51.853296338820094,50.46431696917103,-1.3889793696490642
2026-08-14,S3,2026-12-11,True,48.664779487221146,47.556208657153576,-1.1085708300675705
2026-08-14,SR3,2026-12-11,False,38.043891609461184,38.87049872028759,0.8266071108264086
2026-08-14,S0,2027-03-12,False,72.41673381769439,73.80591605489553,1.3891822372011404
2026-08-14,S2,2027-03-12,False,67.71858992930161,67.40910060977406,-0.3094893195275574
2026-08-14,SR3,2027-03-12,False,60.8837733589137,59.97546886492518,-0.908304493988517
2026-08-14,S0,2027-06-11,False,88.01483041662948,89.69828904454027,1.6834586279107953
2026-08-14,S2,2027-06-11,False,82.99863336694489,82.6224899400545,-0.37614342689037983
2026-08-14,SR3,2027-06-11,False,80.9668108743187,79.76046620370609,-1.2063446706126086
2026-08-18,S0,2026-09-11,False,24.070855538632458,23.28150068809821,-0.7893548505342487
2026-08-18,S2,2026-09-11,False,21.807969018272512,21.021747397925054,-0.7862216203474581
2026-08-18,S3,2026-09-11,True,21.060835202166754,19.46148234941227,-1.5993528527544818
2026-08-18,SR3,2026-09-11,False,11.497828905114098,10.590328898518173,-0.9075000065959244
2026-08-18,S0,2026-10-16,False,37.86358611341586,37.69677340660202,-0.1668127068138432
2026-08-18,S2,2026-10-16,False,34.71292237334923,34.10031391460517,-0.612608458744063
2026-08-18,S3,2026-10-16,True,33.295321458669676,32.16470154520117,-1.1306199134685073
2026-08-18,SR3,2026-10-16,False,28.221259971393607,28.83235202924227,0.611092057848662
2026-08-18,S0,2026-11-13,False,46.81846466622987,46.491944502296086,-0.326520163933786
2026-08-18,SR3,2026-11-13,False,33.84048039413983,34.07485521465083,0.23437482051100034
2026-08-18,S0,2026-12-11,False,54.54413611345088,54.66172994089424,0.11759382744335767
2026-08-18,S2,2026-12-11,False,49.98597467128797,49.91195817374574,-0.07401649754223172
2026-08-18,S3,2026-12-11,True,47.957139890723916,47.13116216310679,-0.8259777276171292
2026-08-18,SR3,2026-12-11,False,38.65140720493536,38.62516891386751,-0.02623829106784825
2026-08-18,S0,2027-03-12,False,72.43949473945905,73.82902988824722,1.3895351487881697
2026-08-18,S2,2027-03-12,False,67.90455957240374,67.71705061363708,-0.18750895876665652
2026-08-18,SR3,2027-03-12,False,61.432188474857696,60.403279370913395,-1.0289091039443008
2026-08-18,S0,2027-06-11,False,88.67750564003464,89.953307143341,1.2758015033063543
2026-08-18,S2,2027-06-11,False,83.34546451428469,83.16147843007778,-0.1839860842069072
2026-08-18,SR3,2027-06-11,False,81.24128850438638,80.23699956714853,-1.0042889372378454
2026-08-25,S0,2026-09-11,False,20.454282291594435,19.16680623190337,-1.2874760596910662
2026-08-25,S2,2026-09-11,False,17.27304048330827,17.31937676294116,0.04633627963288944
2026-08-25,S3,2026-09-11,True,16.205195256292768,16.02496796584524,-0.1802272904475295
2026-08-25,SR3,2026-09-11,False,11.576933962669901,8.380949408258555,-3.1959845544113463
2026-08-25,S0,2026-10-16,False,35.28855828315826,34.7316414745124,-0.5569168086458589
2026-08-25,S2,2026-10-16,False,31.12828043051212,31.439108144728642,0.3108277142165221
2026-08-25,S3,2026-10-16,True,29.17590627270707,29.653035871561013,0.4771295988539421
2026-08-25,SR3,2026-10-16,False,26.153915324493614,26.30054237207145,0.1466270475778373
2026-08-25,S0,2026-11-13,False,45.18054569732588,44.413945152620975,-0.7666005447049073
2026-08-25,SR3,2026-11-13,False,32.10342753442194,32.63905268007211,0.5356251456501724
2026-08-25,S0,2026-12-11,False,52.62598864804002,52.52007730069109,-0.10591134734892904
2026-08-25,S2,2026-12-11,False,47.650168684684864,48.08764894127362,0.43748025658875633
2026-08-25,S3,2026-12-11,True,45.47650361027984,45.474157960302314,-0.0023456499775278417
2026-08-25,SR3,2026-12-11,False,37.38019885341701,37.10960628012613,-0.2705925732908838
2026-08-25,S0,2027-03-12,False,70.91660555881785,71.71083330696425,0.7942277481463975
2026-08-25,S2,2027-03-12,False,65.23960321414084,65.88589216301978,0.646288948878933
2026-08-25,SR3,2027-03-12,False,59.78837808025024,58.50605885775252,-1.2823192224977191
2026-08-25,S0,2027-06-11,False,86.64122060336597,87.78383296073964,1.1426123573736788
2026-08-25,S2,2027-06-11,False,80.76726796719683,81.25884473378906,0.4915767665922317
2026-08-25,SR3,2027-06-11,False,79.69400557852684,78.13429868185985,-1.5597068966669951
2026-08-27,S0,2026-09-11,False,18.777074312796326,17.956496940470405,-0.8205773723259213
2026-08-27,S2,2026-09-11,False,16.773336257034767,16.229348864858895,-0.5439873921758718
2026-08-27,S3,2026-09-11,True,15.471168537788703,15.014010676343707,-0.4571578614449958
2026-08-27,SR3,2026-09-11,False,10.054587546141276,7.760016635395955,-2.294570910745321
2026-08-27,S0,2026-10-16,False,33.96074401353021,33.45699792944147,-0.5037460840887391
2026-08-27,S2,2026-10-16,False,30.362275242817834,30.18216626797948,-0.18010897483835464
2026-08-27,S3,2026-10-16,True,28.86658280529024,28.39606478633961,-0.47051801895062795
2026-08-27,SR3,2026-10-16,False,24.449296044807227,24.9487685114232,0.49947246661597333
2026-08-27,S0,2026-11-13,False,43.254553816534525,43.0602184788639,-0.19433533767062272
2026-08-27,SR3,2026-11-13,False,30.952689562858424,31.091132713529852,0.13844315067142787
2026-08-27,S0,2026-12-11,False,51.68320926006117,51.341467039189965,-0.341742220871204
2026-08-27,S2,2026-12-11,False,46.7138771307206,46.91169829765886,0.19782116693826168
2026-08-27,S3,2026-12-11,True,44.3425142140228,44.28777020757643,-0.05474400644637001
2026-08-27,SR3,2026-12-11,False,35.65221081433583,35.73577721138647,0.08356639705063884
2026-08-27,S0,2027-03-12,False,69.88252492497415,71.0673285872964,1.1848036623222526
2026-08-27,S2,2027-03-12,False,65.44453980514216,65.27489204587494,-0.16964775926722098
2026-08-27,SR3,2027-03-12,False,58.66746953890079,57.80999302233333,-0.8574765165674592
2026-08-27,S0,2027-06-11,False,85.83730681303203,87.13137371276711,1.2940668997350855
2026-08-27,S2,2027-06-11,False,80.42347792178306,80.62873385291822,0.20525593113515583
2026-08-27,SR3,2027-06-11,False,78.8333945239664,77.42186732563984,-1.4115271983265671
2026-09-01,S0,2026-09-11,False,17.57077267470157,16.11347410546639,-1.4572985692351779
2026-09-01,S2,2026-09-11,False,15.518798010006744,14.57201106976917,-0.9467869402375744
2026-09-01,SR3,2026-09-11,False,9.536210437904067,6.755605380243004,-2.780605057661063
2026-09-01,S0,2026-10-16,False,36.16335408610821,35.36106727872858,-0.8022868073796303
2026-09-01,S3,2026-10-16,True,28.86074813068861,30.15522574750814,1.294477616819531
2026-09-01,SR3,2026-10-16,False,25.84233758461142,26.40320593782216,0.5608683532107399
2026-09-01,S0,2026-11-13,False,45.84576706900485,45.137985724193996,-0.7077813448108543
2026-09-01,S2,2026-11-13,False,40.25706790248563,40.88403891923762,0.6269710167519875
2026-09-01,SR3,2026-11-13,False,31.832078062881738,31.820096783083358,-0.011981279798380484
2026-09-01,S0,2026-12-11,False,53.71854102952107,53.991865655087786,0.27332462556671544
2026-09-01,S2,2026-12-11,False,48.08778535560603,49.13872070706469,1.0509353514586621
2026-09-01,S3,2026-12-11,True,45.0873997702121,46.2334888940899,1.1460891238778004
2026-09-01,SR3,2026-12-11,False,36.20121189769715,36.345757357414016,0.14454545971686628
2026-09-01,SR3,2027-01-15,False,53.41537578338777,51.72224019284874,-1.6931355905390362
2026-09-01,S0,2027-03-12,False,72.27115085158583,74.11720842853433,1.8460575769484961
2026-09-01,S2,2027-03-12,False,66.44372976261275,67.54391723356011,1.1001874709473611
2026-09-01,SR3,2027-03-12,False,61.28601466452861,58.61936037335626,-2.6666542911723496
2026-09-01,SR3,2027-06-11,False,82.43746754233227,82.43746754233227,0.0
2026-09-02,S0,2026-09-11,False,16.839656448022136,14.709934527683588,-2.1297219203385485
2026-09-02,S2,2026-09-11,False,14.82156627431885,13.304319691815854,-1.5172465825029953
2026-09-02,SR3,2026-09-11,False,9.693111369237801,6.128871377519536,-3.5642399917182654
2026-09-02,S0,2026-10-16,False,35.048441199608895,34.36209184700567,-0.6863493526032229
2026-09-02,S3,2026-10-16,True,29.078464874897886,29.52647791981542,0.44801304491753413
2026-09-02,SR3,2026-10-16,False,25.537071803313157,26.027554302177336,0.4904824988641785
2026-09-02,S0,2026-11-13,False,44.8380519218056,44.034852819942195,-0.8031991018634059
2026-09-02,S2,2026-11-13,False,39.583638879848635,40.0610322761833,0.47739339633466216
2026-09-02,SR3,2026-11-13,False,31.431487548769383,31.607632484296335,0.17614493552695265
2026-09-02,S0,2026-12-11,False,53.300438004899966,53.21710236199722,-0.08333564290274609
2026-09-02,S2,2026-12-11,False,47.443815843217195,48.71624137475679,1.2724255315395965
2026-09-02,S3,2026-12-11,True,44.520667808635345,46.03190579696835,1.5112379883330078
2026-09-02,SR3,2026-12-11,False,36.39618804968923,36.94602715272868,0.5498391030394529
2026-09-02,SR3,2027-01-15,False,53.33655504399518,51.11199780326438,-2.224557240730803
2026-09-02,S0,2027-03-12,False,71.65355510625851,73.21710624336717,1.5635511371086608
2026-09-02,S2,2027-03-12,False,66.38728305933027,67.10230486822337,0.7150218088930984
2026-09-02,SR3,2027-03-12,False,60.833401330751244,58.798714213747395,-2.0346871170038483
2026-09-02,S0,2027-06-11,False,88.48720179849428,90.70240272556005,2.2152009270657658
2026-09-02,SR3,2027-06-11,False,82.25706502860534,80.14493792351563,-2.112127105089712
2026-09-04,S0,2026-09-11,False,12.731580114734507,12.798598307979505,0.0670181932449978
2026-09-04,S2,2026-09-11,False,11.772888324200109,11.578413957568912,-0.1944743666311961
2026-09-04,SR3,2026-09-11,False,8.132081985508043,5.265596258743753,-2.8664857267642896
2026-09-04,S0,2026-10-16,False,33.32824689325525,33.02854104934828,-0.2997058439069704
2026-09-04,S3,2026-10-16,True,26.688461129280633,28.347928971102657,1.6594678418220248
2026-09-04,SR3,2026-10-16,False,24.656429635762706,24.87617757790166,0.2197479421389552
2026-09-04,S0,2026-11-13,False,43.283471900500714,42.52710652015937,-0.756365380341343
2026-09-04,S2,2026-11-13,False,37.84754855808729,38.63128312775837,0.7837345696710827
2026-09-04,SR3,2026-11-13,False,30.3002402406315,30.190960375185803,-0.10927986544569634
2026-09-04,S0,2026-12-11,False,52.570091972117766,51.90385403298367,-0.666237939134092
2026-09-04,S2,2026-12-11,False,46.18650889138324,47.503320401464066,1.316811510080825
2026-09-04,S3,2026-12-11,True,43.46010952777551,44.87071822756343,1.4106086997879217
2026-09-04,SR3,2026-12-11,False,35.2296427043021,35.83365402305394,0.6040113187518372
2026-09-04,SR3,2027-01-15,False,51.619047656476496,49.853627064997184,-1.7654205914793124
2026-09-04,S0,2027-03-12,False,70.86721386832596,71.87039044304413,1.003176574718168
2026-09-04,S2,2027-03-12,False,64.57679259650213,65.8670982393234,1.2903056428212665
2026-09-04,SR3,2027-03-12,False,59.67297877768949,57.581395463531734,-2.0915833141577522
2026-09-04,SR3,2027-06-11,False,81.37726146588987,81.37726146588989,1.4210854715202004e-14
2026-09-08,S0,2026-10-16,False,32.92227348084801,32.297565981850234,-0.624707498997779
2026-09-08,S2,2026-10-16,False,28.436776129500867,29.45688676381317,1.020110634312303
2026-09-08,S3,2026-10-16,True,26.964337904855796,27.89841163778777,0.9340737329319744
2026-09-08,SR3,2026-10-16,False,24.95155197073998,24.505392246624215,-0.4461597241157662
2026-09-08,S0,2026-11-13,False,44.562857864838534,43.62133674125336,-0.9415211235851757
2026-09-08,SR3,2026-11-13,False,31.413205881744602,32.06316669295335,0.64996081120875
2026-09-08,S0,2026-12-11,False,52.352092148493035,52.441665460460015,0.08957331196697993
2026-09-08,S3,2026-12-11,True,43.52752375618331,45.665578425563325,2.1380546693800184
2026-09-08,SR3,2026-12-11,False,35.60242220388999,36.79429269086111,1.1918704869711263
2026-09-08,SR3,2027-01-15,False,52.39669353530644,50.48877336318535,-1.9079201721210879
2026-09-08,S0,2027-03-12,False,71.00475212658324,72.15641881113775,1.1516666845545132
2026-09-08,S2,2027-03-12,False,64.58809904480266,66.19965458609673,1.6115555412940665
2026-09-08,SR3,2027-03-12,False,60.28601211964855,57.72279920285402,-2.5632129167945266
2026-09-08,SR3,2027-06-11,False,82.0682509304775,82.0682509304775,0.0
2026-09-11,S0,2026-10-16,False,36.130440343389886,33.825076267593616,-2.3053640757962697
2026-09-11,S3,2026-10-16,True,29.62216349162341,28.762348940666488,-0.8598145509569228
2026-09-11,SR3,2026-10-16,False,23.257858455657864,24.652694754879846,1.394836299221982
2026-09-11,SR3,2026-11-13,False,30.25611422121371,30.256114221213707,-3.552713678800501e-15
2026-09-11,S0,2026-12-11,False,57.08457786180339,55.250410562873384,-1.834167298930005
2026-09-11,S2,2026-12-11,False,49.707800235579114,50.17369977779459,0.4658995422154746
2026-09-11,S3,2026-12-11,True,46.402271707904355,47.0836552125689,0.6813835046645451
2026-09-11,SR3,2026-12-11,False,34.9951173606308,35.76349700392664,0.7683796432958374
2026-09-11,S0,2027-03-12,False,77.35591957388857,78.80163632520413,1.4457167513155582
2026-09-11,S2,2027-03-12,False,70.2024443382894,71.81100732691462,1.6085629886252235
2026-09-11,SR3,2027-03-12,False,64.28206560329208,61.520354242081254,-2.7617113612108284
2026-09-11,SR3,2027-06-11,False,87.99801896350998,87.99801896350996,-1.4210854715202004e-14
2026-09-11,SR3,2027-09-10,False,106.02476181877996,106.02476181877995,-1.4210854715202004e-14
