date,shape,background,meeting,lower,upper
2026-07-22,hump,constant,2026-07-29,143.9687843442105,240.7056392922056
2026-07-22,hump,constant,2026-09-16,88.39745184375315,550.4851850794726
2026-07-22,hump,constant,2026-10-28,0,564.5384159517839
2026-07-22,hump,constant,2026-12-09,0,591.6969513567947
2026-07-22,hump,constant,2027-01-27,413.57142298243105,973.2891850658052
2026-07-22,hump,constant,2027-03-17,0,2193.8904532965453
2026-07-22,hump,constant,2027-04-28,0,2193.8904532965453
2026-07-22,hump,constant,2027-06-09,0,2193.8904532965453
2026-07-22,hump,90day,2026-07-29,0,240.7056392922056
2026-07-22,hump,90day,2026-09-16,0,550.4851850794726
2026-07-22,hump,90day,2026-10-28,0,671.5925433132264
2026-07-22,hump,90day,2026-12-09,0,693.7314537432572
2026-07-22,hump,90day,2027-01-27,377.86833110220533,2112.7252336253855
2026-07-22,hump,90day,2027-03-17,0,3249.9074405820816
2026-07-22,hump,90day,2027-04-28,0,3249.9074405820816
2026-07-22,hump,90day,2027-06-09,0,3249.9074405820816
2026-07-22,hump,gap,2026-07-29,0,343.31516477582716
2026-07-22,hump,gap,2026-09-16,0,1037.8863590002104
2026-07-22,hump,gap,2026-10-28,0,817.0007273673098
2026-07-22,hump,gap,2026-12-09,0,795.1313346896898
2026-07-22,hump,gap,2027-01-27,313.80963188701685,2514.3075952637714
2026-07-22,hump,gap,2027-03-17,0,3323.505012052739
2026-07-22,hump,gap,2027-04-28,0,3323.505012052739
2026-07-22,hump,gap,2027-06-09,0,3323.505012052739
2026-07-23,hump,90day,2026-07-29,259.94678072925586,278.06708627025506
2026-07-23,hump,90day,2026-09-16,154.3661475473579,512.9977697962482
2026-07-23,hump,90day,2026-10-28,0,529.3588260963016
2026-07-23,hump,90day,2026-12-09,0,493.40644844362254
2026-07-23,hump,90day,2027-01-27,484.20956590012577,1486.9220700703106
2026-07-23,hump,90day,2027-03-17,0,3350.720627356708
2026-07-23,hump,90day,2027-04-28,0,3350.720627356708
2026-07-23,hump,90day,2027-06-09,0,3350.720627356708
2026-07-23,hump,gap,2026-07-29,0,378.47857458072923
2026-07-23,hump,gap,2026-09-16,0,1044.891068897777
2026-07-23,hump,gap,2026-10-28,0,784.670560025183
2026-07-23,hump,gap,2026-12-09,0,560.0173725050723
2026-07-23,hump,gap,2027-01-27,538.3314122234993,2527.588728392862
2026-07-23,hump,gap,2027-03-17,0,3534.7115267636327
2026-07-23,hump,gap,2027-04-28,0,3534.7115267636327
2026-07-23,hump,gap,2027-06-09,0,3534.7115267636327
2026-07-24,hump,90day,2026-07-29,214.56480091968425,253.46098686455161
2026-07-24,hump,90day,2026-09-16,91.9144068660245,491.838855304365
2026-07-24,hump,90day,2026-10-28,0,472.82767051796225
2026-07-24,hump,90day,2026-12-09,0,457.50320412536587
2026-07-24,hump,90day,2027-01-27,369.114404681766,1454.1730097663435
2026-07-24,hump,90day,2027-03-17,0,3251.365028074813
2026-07-24,hump,90day,2027-04-28,0,3251.365028074813
2026-07-24,hump,90day,2027-06-09,0,3251.365028074813
2026-07-24,hump,gap,2026-07-29,0,351.2672848613037
2026-07-24,hump,gap,2026-09-16,0,990.5791080409895
2026-07-24,hump,gap,2026-10-28,0,717.2872957930571
2026-07-24,hump,gap,2026-12-09,0,504.8100653738407
2026-07-24,hump,gap,2027-01-27,425.2019377530353,2478.3730181059277
2026-07-24,hump,gap,2027-03-17,0,3411.556572809492
2026-07-24,hump,gap,2027-04-28,0,3411.556572809492
2026-07-24,hump,gap,2027-06-09,0,3411.556572809492
2026-08-25,hump,gap,2026-09-16,68.23447461176804,493.54957054344897
2026-08-25,hump,gap,2026-10-28,0,383.61258092506836
2026-08-25,hump,gap,2026-12-09,0,257.1217333353087
2026-08-25,hump,gap,2027-01-27,0,1741.607302801145
2026-08-25,hump,gap,2027-03-17,0,2779.118558074199
2026-08-25,hump,gap,2027-04-28,0,2779.118558074199
2026-08-25,hump,gap,2027-06-09,0,2779.118558074199
2026-08-27,hump,gap,2026-09-16,188.39822319723206,394.9400560602539
2026-08-27,hump,gap,2026-10-28,0,158.78518373998529
2026-08-27,hump,gap,2026-12-09,0,106.42800497506641
2026-08-27,hump,gap,2027-01-27,16.440138420880672,1690.7141466324153
2026-08-27,hump,gap,2027-03-17,0,2653.359315584394
2026-08-27,hump,gap,2027-04-28,0,2653.359315584394
2026-08-27,hump,gap,2027-06-09,0,2653.359315584394
2026-09-01,hump,gap,2026-09-16,109.18490334950228,388.1917715845273
2026-09-01,hump,gap,2026-10-28,0,148.68932943732577
2026-09-01,hump,gap,2026-12-09,0,99.66111648683999
2026-09-01,hump,gap,2027-01-27,30.68625767777675,1488.3673635275159
2026-09-01,hump,gap,2027-03-17,0,2996.971001413315
2026-09-01,hump,gap,2027-04-28,0,2996.971001413315
2026-09-01,hump,gap,2027-06-09,0,2996.971001413315
2026-09-02,hump,90day,2026-09-16,62.40171746442797,151.70143533716256
2026-09-02,hump,90day,2026-10-28,0,109.24742436270677
2026-09-02,hump,90day,2026-12-09,80.92771637801867,196.52185791658985
2026-09-02,hump,90day,2027-01-27,101.06808112879347,248.86702654983463
2026-09-02,hump,90day,2027-03-17,0,2784.020890249529
2026-09-02,hump,90day,2027-04-28,0,2784.020890249529
2026-09-02,hump,90day,2027-06-09,0,2784.020890249529
2026-09-02,hump,gap,2026-09-16,0,460.0655184229452
2026-09-02,hump,gap,2026-10-28,0,366.78655219565843
2026-09-02,hump,gap,2026-12-09,0,275.5340229035362
2026-09-02,hump,gap,2027-01-27,0,1438.6972397648017
2026-09-02,hump,gap,2027-03-17,0,3044.9712216144726
2026-09-02,hump,gap,2027-04-28,0,3044.9712216144726
2026-09-02,hump,gap,2027-06-09,0,3044.9712216144726
2026-09-04,hump,gap,2026-09-16,0,491.92697760585463
2026-09-04,hump,gap,2026-10-28,0,395.1081133905239
2026-09-04,hump,gap,2026-12-09,0,296.8094858239088
2026-09-04,hump,gap,2027-01-27,0,1464.2804256005995
2026-09-04,hump,gap,2027-03-17,0,3084.8884502430114
2026-09-04,hump,gap,2027-04-28,0,3084.8884502430114
2026-09-04,hump,gap,2027-06-09,0,3084.8884502430114
2026-09-08,hump,constant,2026-09-16,63.78834676774721,204.99164998028044
2026-09-08,hump,constant,2026-10-28,0,248.82782948867845
2026-09-08,hump,constant,2026-12-09,22.01747845175106,296.39808642037065
2026-09-08,hump,constant,2027-01-27,205.28019708891082,409.0413892996484
2026-09-08,hump,constant,2027-03-17,0,1859.627983979667
2026-09-08,hump,constant,2027-04-28,0,1859.627983979667
2026-09-08,hump,constant,2027-06-09,0,1859.627983979667
2026-09-08,hump,90day,2026-09-16,0,249.24396215283113
2026-09-08,hump,90day,2026-10-28,0,266.76229778723734
2026-09-08,hump,90day,2026-12-09,0,297.4938560710231
2026-09-08,hump,90day,2027-01-27,173.13522901733091,820.6419663980535
2026-09-08,hump,90day,2027-03-17,0,2954.2569287777897
2026-09-08,hump,90day,2027-04-28,0,2954.2569287777897
2026-09-08,hump,90day,2027-06-09,0,2954.2569287777897
2026-09-08,hump,gap,2026-09-16,0,563.1166737962477
2026-09-08,hump,gap,2026-10-28,0,442.82628740553923
2026-09-08,hump,gap,2026-12-09,0,332.6558939685412
2026-09-08,hump,gap,2027-01-27,0,1463.8069450330004
2026-09-08,hump,gap,2027-03-17,0,3154.698814398284
2026-09-08,hump,gap,2027-04-28,0,3154.698814398284
2026-09-08,hump,gap,2027-06-09,0,3154.698814398284
