c,k,train_sd_rmse,train_n,held_n,held_sd_mae,held_sd_median
0.0,0.25,5.405733687174918,219,37,1.7058379346994634,1.0905305268318948
0.5,0.25,4.352660327292111,219,37,2.489874216304018,2.139759620087677
1.0,0.25,4.016653662196738,219,37,3.920673405633497,3.866055494969192
2.0,0.25,4.215138241381417,219,37,4.859152123931895,5.101109555213554
4.0,0.25,4.716296872081926,219,37,5.310071831813107,5.537274289625977
8.0,0.25,5.19190638392398,219,37,5.5331276318146605,5.433988410241923
0.0,0.5,5.405733687174918,219,37,1.7058379346994634,1.0905305268318948
0.5,0.5,4.013208030619992,219,37,1.4842108355160593,1.589148599622785
1.0,0.5,3.233739835351756,219,37,1.7196728065632403,1.8031983445062778
2.0,0.5,2.9713741259310793,219,37,2.0903113303293472,1.658405079071244
4.0,0.5,3.2464680662470733,219,37,2.4360954795448415,2.2911041972703643
8.0,0.5,3.5971437130539403,219,37,2.6925568898766876,2.689388098239977
0.0,0.75,5.405733687174918,219,37,1.7058379346994634,1.0905305268318948
0.5,0.75,4.177145826090384,219,37,1.5043550595176274,0.934916301515262
1.0,0.75,3.1982800191062988,219,37,1.789568769126656,1.5373120546817134
2.0,0.75,1.9920657511356652,219,37,2.712618298406714,2.9039998648217846
4.0,0.75,1.4172043845605586,219,37,3.817735056578752,3.760645436221175
8.0,0.75,1.6004930371311876,219,37,4.528691395340913,4.435275410708492
0.0,1.0,5.405733687174918,219,37,1.7058379346994634,1.0905305268318948
0.5,1.0,4.711156130491279,219,37,2.682318283050821,2.3096786839272596
1.0,1.0,4.243511014402468,219,37,4.086321674126519,4.256124061596033
2.0,1.0,3.828985895383044,219,37,6.263242774970205,5.9741272198999305
4.0,1.0,3.751112143415962,219,37,8.319164651974502,8.422302844696432
8.0,1.0,3.9067418167259786,219,37,9.153945887852508,9.52962798905217
0.0,1.5,5.405733687174918,219,37,1.7058379346994634,1.0905305268318948
0.5,1.5,5.765598472828321,219,37,3.2734321343316073,2.551636551156811
1.0,1.5,6.12303089213871,219,37,4.168980722820346,2.983065064287615
2.0,1.5,6.657016693758814,219,37,4.718041850710139,2.8509090673266897
4.0,1.5,7.299036727768974,219,37,5.066646269519083,2.09468103944927
8.0,1.5,7.94698878191016,219,37,5.305631516356837,1.9653255770671727
0.0,2.0,5.405733687174918,219,37,1.7058379346994634,1.0905305268318948
0.5,2.0,6.342426212128842,219,37,3.446156039529292,2.2285883111733966
1.0,2.0,7.181335851069791,219,37,4.486244446860532,1.9653255770671727
2.0,2.0,8.172949581042111,219,37,5.244135539373468,1.878751315914279
4.0,2.0,8.370183899127877,219,37,5.411911507708823,1.878751315914279
8.0,2.0,8.64756772570879,219,37,5.536318214559662,1.8083014201622518
0.0,3.0,5.405733687174918,219,37,1.7058379346994634,1.0905305268318948
0.5,3.0,6.89730205387207,219,37,4.02281400315333,1.9653255770671798
1.0,3.0,8.119680562479623,219,37,5.104368679031878,1.878751315914279
2.0,3.0,8.342699840007299,219,37,5.3382981648754235,1.8787513159142861
4.0,3.0,8.64756772570879,219,37,5.536318214559662,1.8083014201622518
8.0,3.0,8.64756772570879,219,37,5.536318214559662,1.8083014201622518
