date,c,k,meeting,lower,upper
2026-07-22,2.0,0.75,2026-07-29,0,99.7940152248889
2026-07-22,2.0,0.75,2026-09-16,0,382.147970267967
2026-07-22,2.0,0.75,2026-10-28,0,438.4966262234993
2026-07-22,2.0,0.75,2026-12-09,0,438.4966262234993
2026-07-22,2.0,0.75,2027-01-27,0.15756408867218852,926.5813597655665
2026-07-22,2.0,0.75,2027-03-17,0,1917.2856609491112
2026-07-22,2.0,0.75,2027-04-28,0,1917.2856609491112
2026-07-22,2.0,0.75,2027-06-09,0,1917.2856609491112
2026-07-22,4.0,0.75,2026-07-29,143.9687843442105,240.7056392922056
2026-07-22,4.0,0.75,2026-09-16,88.39745184375315,550.4851850794726
2026-07-22,4.0,0.75,2026-10-28,0,564.5384159517839
2026-07-22,4.0,0.75,2026-12-09,0,591.6969513567947
2026-07-22,4.0,0.75,2027-01-27,413.57142298243105,973.2891850658052
2026-07-22,4.0,0.75,2027-03-17,0,2193.8904532965453
2026-07-22,4.0,0.75,2027-04-28,0,2193.8904532965453
2026-07-22,4.0,0.75,2027-06-09,0,2193.8904532965453
2026-09-08,4.0,0.75,2026-09-16,63.78834676774721,204.99164998028044
2026-09-08,4.0,0.75,2026-10-28,0,248.82782948867845
2026-09-08,4.0,0.75,2026-12-09,22.01747845175106,296.39808642037065
2026-09-08,4.0,0.75,2027-01-27,205.28019708891082,409.0413892996484
2026-09-08,4.0,0.75,2027-03-17,0,1859.627983979667
2026-09-08,4.0,0.75,2027-04-28,0,1859.627983979667
2026-09-08,4.0,0.75,2027-06-09,0,1859.627983979667
