date,shape,background,min_atm_tolerance,rank,parameters,rows
2026-07-22,parallel,constant,2.84393310546875,7,9,17
2026-07-22,parallel,90day,2.84393310546875,7,12,17
2026-07-22,parallel,gap,2.84393310546875,7,15,17
2026-07-22,hump,constant,0.84747314453125,7,9,17
2026-07-22,hump,90day,0.81787109375,9,12,17
2026-07-22,hump,gap,0.57891845703125,12,15,17
2026-07-23,parallel,constant,3.1574249267578125,7,9,18
2026-07-23,parallel,90day,3.1574249267578125,7,12,18
2026-07-23,parallel,gap,3.1574249267578125,7,15,18
2026-07-23,hump,constant,1.09527587890625,7,9,18
2026-07-23,hump,90day,0.988922119140625,9,12,18
2026-07-23,hump,gap,0.7437896728515625,12,15,18
2026-07-24,parallel,constant,3.2906341552734375,7,9,18
2026-07-24,parallel,90day,3.2906341552734375,7,12,18
2026-07-24,parallel,gap,3.2906341552734375,7,15,18
2026-07-24,hump,constant,1.1222076416015625,7,9,18
2026-07-24,hump,90day,0.984344482421875,9,12,18
2026-07-24,hump,gap,0.7489013671875,12,15,18
2026-07-30,parallel,constant,3.9560699462890625,6,8,21
2026-07-30,parallel,90day,3.9560699462890625,6,11,21
2026-07-30,parallel,gap,3.9560699462890625,7,14,21
2026-07-30,hump,constant,1.9330596923828125,6,8,21
2026-07-30,hump,90day,1.772613525390625,9,11,21
2026-07-30,hump,gap,1.7537689208984375,12,14,21
2026-08-13,parallel,constant,3.330078125,6,8,20
2026-08-13,parallel,90day,3.330078125,6,11,20
2026-08-13,parallel,gap,3.330078125,6,13,20
2026-08-13,hump,constant,1.798858642578125,6,8,20
2026-08-13,hump,90day,1.5088653564453125,9,11,20
2026-08-13,hump,gap,1.4162445068359375,11,13,20
2026-08-14,parallel,constant,3.3798980712890625,6,8,20
2026-08-14,parallel,90day,3.3798980712890625,6,11,20
2026-08-14,parallel,gap,3.3798980712890625,6,13,20
2026-08-14,hump,constant,1.7364501953125,6,8,20
2026-08-14,hump,90day,1.5009307861328125,9,11,20
2026-08-14,hump,gap,1.4920806884765625,11,13,20
2026-08-18,parallel,constant,3.13262939453125,6,8,20
2026-08-18,parallel,90day,3.13262939453125,6,11,20
2026-08-18,parallel,gap,3.13262939453125,6,13,20
2026-08-18,hump,constant,1.394195556640625,6,8,20
2026-08-18,hump,90day,1.296844482421875,9,11,20
2026-08-18,hump,gap,1.170196533203125,11,13,20
2026-08-25,parallel,constant,3.007049560546875,6,8,20
2026-08-25,parallel,90day,3.007049560546875,6,11,20
2026-08-25,parallel,gap,3.007049560546875,6,13,20
2026-08-25,hump,constant,1.1168670654296875,6,8,20
2026-08-25,hump,90day,1.04949951171875,9,11,20
2026-08-25,hump,gap,0.9157562255859375,11,13,20
2026-08-27,parallel,constant,3.162689208984375,6,8,20
2026-08-27,parallel,90day,3.162689208984375,6,11,20
2026-08-27,parallel,gap,3.162689208984375,6,13,20
2026-08-27,hump,constant,1.1920166015625,6,8,20
2026-08-27,hump,90day,1.135406494140625,9,11,20
2026-08-27,hump,gap,0.95703125,11,13,20
2026-09-01,parallel,constant,3.456878662109375,6,8,18
2026-09-01,parallel,90day,3.456878662109375,7,11,18
2026-09-01,parallel,gap,3.456878662109375,7,14,18
2026-09-01,hump,constant,1.149749755859375,6,8,18
2026-09-01,hump,90day,1.1057281494140625,8,11,18
2026-09-01,hump,gap,0.9589385986328125,11,14,18
2026-09-02,parallel,constant,3.336334228515625,6,8,19
2026-09-02,parallel,90day,3.336334228515625,7,11,19
2026-09-02,parallel,gap,3.336334228515625,7,14,19
2026-09-02,hump,constant,1.1083221435546875,6,8,19
2026-09-02,hump,90day,0.994110107421875,9,11,19
2026-09-02,hump,gap,0.853118896484375,12,14,19
2026-09-04,parallel,constant,3.4232330322265625,6,8,18
2026-09-04,parallel,90day,3.4232330322265625,7,11,18
2026-09-04,parallel,gap,3.4232330322265625,7,14,18
2026-09-04,hump,constant,1.012420654296875,6,8,18
2026-09-04,hump,90day,1.0019683837890625,8,11,18
2026-09-04,hump,gap,0.846710205078125,11,14,18
2026-09-08,parallel,constant,3.3078765869140625,6,8,14
2026-09-08,parallel,90day,3.3078765869140625,6,11,14
2026-09-08,parallel,gap,3.3078765869140625,6,13,14
2026-09-08,hump,constant,0.95733642578125,6,8,14
2026-09-08,hump,90day,0.87738037109375,8,11,14
2026-09-08,hump,gap,0.714111328125,10,13,14
2026-09-11,parallel,constant,4.3627166748046875,6,9,13
2026-09-11,parallel,90day,4.3627166748046875,6,13,13
2026-09-11,parallel,gap,4.3627166748046875,6,14,13
2026-09-11,hump,constant,1.4208984375,7,9,13
2026-09-11,hump,90day,1.40533447265625,9,13,13
2026-09-11,hump,gap,1.24053955078125,10,14,13
